match_id,player,team,minute,x,y,outcome,pass_type
7530,Andrew Nabbout,Australia,0,61.0,41.0,Complete,Ground Pass
7530,Trent Sainsbury,Australia,0,38.0,41.0,Out,High Pass
7530,Benjamin Pavard,France,0,36.0,80.0,Complete,Low Pass
7530,Corentin Tolisso,France,0,43.0,76.0,Complete,Low Pass
7530,Benjamin Pavard,France,0,38.0,79.0,Incomplete,High Pass
7530,Aziz Eraltay Behich,Australia,0,46.0,5.0,Incomplete,High Pass
7530,Corentin Tolisso,France,0,48.0,70.0,Complete,High Pass
7530,Raphaël Varane,France,0,37.0,59.0,Incomplete,Ground Pass
7530,Aaron Mooy,Australia,0,69.0,19.0,Incomplete,High Pass
7530,Raphaël Varane,France,0,25.0,59.0,Complete,High Pass
7530,Corentin Tolisso,France,0,39.0,63.0,Complete,Ground Pass
7530,Benjamin Pavard,France,0,15.0,71.0,Complete,Ground Pass
7530,Hugo Lloris,France,0,5.0,46.0,Incomplete,High Pass
7530,Mile Jedinak,Australia,0,100.0,38.0,Incomplete,High Pass
7530,Hugo Lloris,France,0,12.0,38.0,Complete,Ground Pass
7530,Raphaël Varane,France,0,34.0,65.0,Complete,Ground Pass
7530,Benjamin Pavard,France,0,41.0,74.0,Complete,Ground Pass
7530,Hugo Lloris,France,0,16.0,43.0,Complete,Ground Pass
7530,Samuel Yves Umtiti,France,1,45.0,15.0,Complete,Ground Pass
7530,Paul Pogba,France,1,51.0,10.0,Complete,Ground Pass
7530,Samuel Yves Umtiti,France,1,47.0,21.0,Complete,Ground Pass
7530,Raphaël Varane,France,1,49.0,61.0,Complete,Ground Pass
7530,Benjamin Pavard,France,1,73.0,78.0,Complete,Ground Pass
7530,Antoine Griezmann,France,1,77.0,78.0,Complete,Ground Pass
7530,Benjamin Pavard,France,1,66.0,78.0,Complete,Ground Pass
7530,Corentin Tolisso,France,1,52.0,74.0,Complete,Ground Pass
7530,N'Golo Kanté,France,1,65.0,65.0,Complete,Ground Pass
7530,Benjamin Pavard,France,1,77.0,78.0,Complete,Ground Pass
7530,Antoine Griezmann,France,2,119.0,80.0,Incomplete,High Pass
7530,Lucas Hernández Pi,France,2,99.0,1.0,Complete,Low Pass
7530,Paul Pogba,France,2,106.0,10.0,Complete,Ground Pass
7530,Lucas Hernández Pi,France,2,98.0,6.0,Complete,Ground Pass
7530,Ousmane Dembélé,France,2,89.0,3.0,Complete,High Pass
7530,Raphaël Varane,France,2,74.0,38.0,Complete,Low Pass
7530,Corentin Tolisso,France,2,74.0,31.0,Complete,Ground Pass
7530,Samuel Yves Umtiti,France,2,73.0,14.0,Complete,High Pass
7530,Kylian Mbappé Lottin,France,2,97.0,22.0,Incomplete,Low Pass
7530,Mile Jedinak,Australia,2,26.0,63.0,Complete,Ground Pass
7530,Josh Risdon,Australia,2,21.0,76.0,Incomplete,High Pass
7530,Raphaël Varane,France,2,54.0,46.0,Complete,Ground Pass
7530,Benjamin Pavard,France,2,79.0,76.0,Complete,Ground Pass
7530,Corentin Tolisso,France,2,72.0,62.0,Complete,High Pass
7530,Lucas Hernández Pi,France,2,83.0,7.0,Complete,Ground Pass
7530,Ousmane Dembélé,France,2,75.0,25.0,Complete,Ground Pass
7530,Corentin Tolisso,France,2,74.0,41.0,Complete,Ground Pass
7530,Benjamin Pavard,France,2,76.0,68.0,Complete,Ground Pass
7530,Corentin Tolisso,France,3,65.0,61.0,Complete,Ground Pass
7530,N'Golo Kanté,France,3,65.0,33.0,Complete,Ground Pass
7530,Samuel Yves Umtiti,France,3,69.0,14.0,Complete,Ground Pass
7530,Aziz Eraltay Behich,Australia,4,37.0,3.0,Complete,Ground Pass
7530,Aaron Mooy,Australia,4,64.0,6.0,Out,High Pass
7530,Benjamin Pavard,France,4,7.0,78.0,Incomplete,High Pass
7530,Mark Milligan,Australia,4,63.0,3.0,Incomplete,High Pass
7530,Corentin Tolisso,France,4,45.0,77.0,Incomplete,Low Pass
7530,Aaron Mooy,Australia,4,73.0,4.0,Incomplete,Low Pass
7530,Benjamin Pavard,France,4,37.0,78.0,Out,High Pass
7530,Aziz Eraltay Behich,Australia,5,90.0,1.0,Complete,Low Pass
7530,Andrew Nabbout,Australia,5,83.0,24.0,Complete,Ground Pass
7530,Kylian Mbappé Lottin,France,5,54.0,30.0,Complete,Low Pass
7530,Ousmane Dembélé,France,5,97.0,19.0,Incomplete,Ground Pass
7530,Paul Pogba,France,5,95.0,30.0,Complete,Low Pass
7530,Mathew Ryan,Australia,5,14.0,51.0,Incomplete,High Pass
7530,Samuel Yves Umtiti,France,6,47.0,19.0,Complete,Ground Pass
7530,Paul Pogba,France,6,57.0,20.0,Complete,Low Pass
7530,N'Golo Kanté,France,6,49.0,29.0,Complete,Ground Pass
7530,Benjamin Pavard,France,6,55.0,70.0,Complete,Ground Pass
7530,Antoine Griezmann,France,6,63.0,79.0,Complete,Ground Pass
7530,Raphaël Varane,France,6,45.0,67.0,Complete,Ground Pass
7530,Samuel Yves Umtiti,France,6,56.0,20.0,Complete,Ground Pass
7530,Lucas Hernández Pi,France,6,85.0,4.0,Complete,Ground Pass
7530,Paul Pogba,France,6,74.0,10.0,Complete,High Pass
7530,Raphaël Varane,France,6,44.0,38.0,Complete,Ground Pass
7530,Samuel Yves Umtiti,France,6,54.0,11.0,Incomplete,Ground Pass
7530,Trent Sainsbury,Australia,6,36.0,52.0,Complete,Ground Pass
7530,N'Golo Kanté,France,6,64.0,28.0,Complete,Ground Pass
7530,Raphaël Varane,France,6,58.0,49.0,Complete,Ground Pass
7530,Benjamin Pavard,France,6,77.0,75.0,Complete,Ground Pass
7530,Corentin Tolisso,France,6,73.0,69.0,Complete,Ground Pass
7530,Paul Pogba,France,6,75.0,38.0,Complete,Ground Pass
7530,Kylian Mbappé Lottin,France,7,97.0,15.0,Complete,High Pass
7530,Mathew Ryan,Australia,8,17.0,37.0,Complete,Ground Pass
7530,Mark Milligan,Australia,8,13.0,17.0,Complete,Ground Pass
7530,Mathew Ryan,Australia,8,11.0,37.0,Complete,Ground Pass
7530,Trent Sainsbury,Australia,8,35.0,73.0,Incomplete,High Pass
7530,N'Golo Kanté,France,8,59.0,21.0,Incomplete,Low Pass
7530,Mile Jedinak,Australia,8,46.0,56.0,Complete,Ground Pass
7530,Aaron Mooy,Australia,8,44.0,48.0,Complete,Ground Pass
7530,Mile Jedinak,Australia,8,37.0,47.0,Complete,Ground Pass
7530,Mark Milligan,Australia,8,43.0,21.0,Complete,Ground Pass
7530,Trent Sainsbury,Australia,8,37.0,43.0,Complete,Ground Pass
7530,Mark Milligan,Australia,8,42.0,14.0,Complete,Ground Pass
7530,Aziz Eraltay Behich,Australia,8,57.0,5.0,Complete,Ground Pass
7530,Mark Milligan,Australia,8,40.0,10.0,Complete,Ground Pass
7530,Aaron Mooy,Australia,8,56.0,26.0,Complete,Ground Pass
7530,Mark Milligan,Australia,8,41.0,22.0,Complete,Ground Pass
7530,Trent Sainsbury,Australia,8,38.0,53.0,Complete,Ground Pass
7530,Tom Rogić,Australia,8,76.0,65.0,Complete,Ground Pass
7530,Josh Risdon,Australia,8,70.0,75.0,Complete,Ground Pass
7530,Mile Jedinak,Australia,8,69.0,61.0,Complete,Ground Pass
7530,Benjamin Pavard,France,8,29.0,42.0,Complete,Low Pass
7530,Raphaël Varane,France,8,25.0,34.0,Complete,Low Pass
7530,Hugo Lloris,France,8,12.0,50.0,Complete,Ground Pass
7530,Benjamin Pavard,France,9,28.0,79.0,Complete,Low Pass
7530,Raphaël Varane,France,9,15.0,55.0,Complete,Ground Pass
7530,Samuel Yves Umtiti,France,9,28.0,25.0,Incomplete,Ground Pass
7530,Lucas Hernández Pi,France,9,54.0,7.0,Complete,Ground Pass
7530,Paul Pogba,France,9,48.0,17.0,Complete,Ground Pass
7530,Lucas Hernández Pi,France,9,46.0,5.0,Complete,Ground Pass
7530,Samuel Yves Umtiti,France,9,33.0,25.0,Complete,Ground Pass
7530,N'Golo Kanté,France,9,40.0,35.0,Complete,Ground Pass
7530,Raphaël Varane,France,9,64.0,68.0,Complete,High Pass
7530,Antoine Griezmann,France,9,101.0,53.0,Incomplete,Low Pass
7530,Mathew Ryan,Australia,9,16.0,31.0,Complete,Ground Pass
7530,Trent Sainsbury,Australia,9,35.0,41.0,Complete,High Pass
7530,Mathew Leckie,Australia,9,81.0,78.0,Incomplete,Low Pass
7530,N'Golo Kanté,France,9,41.0,19.0,Out,High Pass
7530,Josh Risdon,Australia,10,67.0,80.0,Complete,Low Pass
7530,Mile Jedinak,Australia,10,68.0,68.0,Complete,Ground Pass
7530,Aaron Mooy,Australia,10,68.0,60.0,Complete,Ground Pass
7530,Trent Sainsbury,Australia,10,53.0,66.0,Complete,Ground Pass
7530,Mathew Ryan,Australia,10,27.0,37.0,Complete,Ground Pass
7530,Mark Milligan,Australia,10,47.0,11.0,Complete,Ground Pass
7530,Aziz Eraltay Behich,Australia,10,60.0,3.0,Complete,Ground Pass
7530,Mark Milligan,Australia,10,49.0,9.0,Incomplete,High Pass
7530,Raphaël Varane,France,10,25.0,61.0,Complete,Low Pass
7530,Benjamin Pavard,France,10,28.0,75.0,Complete,Ground Pass
7530,N'Golo Kanté,France,10,31.0,70.0,Complete,Ground Pass
7530,Benjamin Pavard,France,10,40.0,77.0,Complete,Ground Pass
7530,Corentin Tolisso,France,10,62.0,57.0,Incomplete,Ground Pass
7530,Mark Milligan,Australia,10,34.0,38.0,Complete,Ground Pass
7530,Mathew Ryan,Australia,10,11.0,34.0,Complete,High Pass
7530,Aziz Eraltay Behich,Australia,10,78.0,5.0,Unknown,Ground Pass
7530,Aaron Mooy,Australia,11,96.0,8.0,Complete,High Pass
7530,Samuel Yves Umtiti,France,12,13.0,16.0,Complete,Ground Pass
7530,N'Golo Kanté,France,12,24.0,33.0,Complete,Ground Pass
7530,Corentin Tolisso,France,12,45.0,54.0,Complete,Ground Pass
7530,Paul Pogba,France,12,55.0,27.0,Complete,High Pass
7530,Antoine Griezmann,France,12,89.0,25.0,Unknown,Low Pass
7530,Antoine Griezmann,France,13,87.0,15.0,Incomplete,High Pass
7530,Ousmane Dembélé,France,13,120.0,2.0,Incomplete,High Pass
7530,Corentin Tolisso,France,13,99.0,61.0,Incomplete,High Pass
7530,Aziz Eraltay Behich,Australia,13,20.0,22.0,Incomplete,High Pass
7530,Corentin Tolisso,France,13,88.0,77.0,Incomplete,Ground Pass
7530,Benjamin Pavard,France,13,77.0,79.0,Incomplete,Low Pass
7530,Benjamin Pavard,France,13,74.0,79.0,Complete,Low Pass
7530,Paul Pogba,France,13,81.0,76.0,Complete,Ground Pass
7530,Corentin Tolisso,France,13,88.0,76.0,Incomplete,Ground Pass
7530,Aaron Mooy,Australia,14,30.0,12.0,Complete,Ground Pass
7530,Aziz Eraltay Behich,Australia,14,27.0,7.0,Complete,Ground Pass
7530,Mathew Ryan,Australia,14,10.0,37.0,Incomplete,High Pass
7530,Lucas Hernández Pi,France,14,74.0,5.0,Incomplete,Low Pass
7530,Trent Sainsbury,Australia,14,21.0,74.0,Incomplete,Low Pass
7530,Samuel Yves Umtiti,France,14,64.0,17.0,Complete,Low Pass
7530,Paul Pogba,France,14,74.0,19.0,Incomplete,High Pass
7530,Mathew Ryan,Australia,14,15.0,37.0,Complete,High Pass
7530,Josh Risdon,Australia,14,43.0,76.0,Complete,Ground Pass
7530,Trent Sainsbury,Australia,14,27.0,63.0,Complete,Ground Pass
7530,Mark Milligan,Australia,14,31.0,25.0,Complete,Ground Pass
7530,Trent Sainsbury,Australia,14,35.0,52.0,Complete,Ground Pass
7530,Aaron Mooy,Australia,14,49.0,49.0,Complete,Ground Pass
7530,Tom Rogić,Australia,14,69.0,22.0,Complete,Ground Pass
7530,Aziz Eraltay Behich,Australia,14,82.0,4.0,Complete,Ground Pass
7530,Mark Milligan,Australia,14,54.0,7.0,Complete,Ground Pass
7530,Trent Sainsbury,Australia,14,55.0,43.0,Complete,Ground Pass
7530,Aaron Mooy,Australia,14,65.0,39.0,Complete,Ground Pass
7530,Mark Milligan,Australia,14,56.0,12.0,Complete,Ground Pass
7530,Aziz Eraltay Behich,Australia,15,68.0,3.0,Complete,Ground Pass
7530,Mark Milligan,Australia,15,56.0,11.0,Complete,Ground Pass
7530,Mathew Ryan,Australia,15,26.0,26.0,Complete,Ground Pass
7530,Trent Sainsbury,Australia,15,34.0,51.0,Complete,Ground Pass
7530,Mathew Ryan,Australia,15,20.0,40.0,Complete,Ground Pass
7530,Mark Milligan,Australia,15,33.0,23.0,Complete,Ground Pass
7530,Aziz Eraltay Behich,Australia,15,53.0,4.0,Complete,Ground Pass
7530,Mark Milligan,Australia,15,51.0,14.0,Complete,Ground Pass
7530,Aaron Mooy,Australia,15,54.0,25.0,Complete,Ground Pass
7530,Mark Milligan,Australia,15,49.0,17.0,Complete,Ground Pass
7530,Aziz Eraltay Behich,Australia,15,57.0,4.0,Complete,Ground Pass
7530,Mark Milligan,Australia,15,55.0,26.0,Incomplete,High Pass
7530,Robbie Kruse,Australia,15,90.0,1.0,Complete,Low Pass
7530,Aziz Eraltay Behich,Australia,15,101.0,1.0,Complete,Low Pass
7530,Mile Jedinak,Australia,15,86.0,10.0,Complete,Ground Pass
7530,Aaron Mooy,Australia,15,79.0,25.0,Complete,Ground Pass
7530,Trent Sainsbury,Australia,15,72.0,33.0,Complete,Ground Pass
7530,Mark Milligan,Australia,15,68.0,19.0,Complete,Ground Pass
7530,Aziz Eraltay Behich,Australia,16,82.0,5.0,Complete,Ground Pass
7530,Aaron Mooy,Australia,16,90.0,2.0,Complete,High Pass
7530,Aaron Mooy,Australia,17,120.0,79.0,Incomplete,High Pass
7530,Trent Sainsbury,Australia,17,86.0,37.0,Unknown,High Pass
7530,Raphaël Varane,France,17,38.0,66.0,Complete,Ground Pass
7530,Samuel Yves Umtiti,France,18,49.0,23.0,Complete,Ground Pass
7530,Aaron Mooy,Australia,18,35.0,42.0,Complete,Ground Pass
7530,Josh Risdon,Australia,18,28.0,65.0,Complete,High Pass
7530,Andrew Nabbout,Australia,18,61.0,64.0,Complete,High Pass
7530,Mathew Leckie,Australia,18,82.0,72.0,Complete,Ground Pass
7530,Aaron Mooy,Australia,18,73.0,70.0,Complete,Ground Pass
7530,Josh Risdon,Australia,18,82.0,79.0,Complete,Ground Pass
7530,Samuel Yves Umtiti,France,18,13.0,4.0,Complete,Ground Pass
7530,Hugo Lloris,France,18,8.0,26.0,Complete,Ground Pass
7530,Raphaël Varane,France,18,25.0,60.0,Complete,Ground Pass
7530,Benjamin Pavard,France,18,54.0,76.0,Out,High Pass
7530,Mathew Ryan,Australia,19,6.0,36.0,Complete,High Pass
7530,Aziz Eraltay Behich,Australia,19,53.0,4.0,Incomplete,High Pass
7530,Benjamin Pavard,France,19,20.0,67.0,Complete,Ground Pass
7530,Hugo Lloris,France,19,5.0,47.0,Complete,High Pass
7530,Corentin Tolisso,France,19,35.0,75.0,Unknown,Low Pass
7530,Raphaël Varane,France,19,43.0,73.0,Complete,Ground Pass
7530,Corentin Tolisso,France,19,50.0,65.0,Complete,Ground Pass
7530,Raphaël Varane,France,19,45.0,69.0,Complete,Ground Pass
7530,Corentin Tolisso,France,19,52.0,64.0,Complete,High Pass
7530,Samuel Yves Umtiti,France,19,50.0,17.0,Complete,Ground Pass
7530,Paul Pogba,France,20,64.0,22.0,Complete,Ground Pass
7530,Lucas Hernández Pi,France,20,75.0,2.0,Complete,Ground Pass
7530,Ousmane Dembélé,France,20,96.0,5.0,Complete,Ground Pass
7530,Lucas Hernández Pi,France,20,87.0,5.0,Complete,Ground Pass
7530,Mathew Leckie,Australia,20,36.0,77.0,Incomplete,High Pass
7530,Raphaël Varane,France,20,55.0,18.0,Complete,High Pass
7530,Samuel Yves Umtiti,France,20,46.0,11.0,Complete,Low Pass
7530,Hugo Lloris,France,20,23.0,32.0,Complete,High Pass
7530,Benjamin Pavard,France,20,68.0,74.0,Incomplete,Low Pass
7530,Mark Milligan,Australia,20,20.0,6.0,Complete,Ground Pass
7530,Mathew Ryan,Australia,20,8.0,27.0,Complete,Ground Pass
7530,Mile Jedinak,Australia,20,22.0,22.0,Complete,Ground Pass
7530,Aaron Mooy,Australia,20,34.0,26.0,Complete,Ground Pass
7530,Aziz Eraltay Behich,Australia,20,39.0,4.0,Complete,Ground Pass
7530,Mark Milligan,Australia,20,21.0,20.0,Complete,Ground Pass
7530,Trent Sainsbury,Australia,20,32.0,51.0,Complete,Ground Pass
7530,Mile Jedinak,Australia,20,42.0,45.0,Complete,High Pass
7530,Aziz Eraltay Behich,Australia,21,89.0,8.0,Complete,Ground Pass
7530,Robbie Kruse,Australia,21,91.0,5.0,Complete,Ground Pass
7530,Aaron Mooy,Australia,21,82.0,9.0,Complete,Ground Pass
7530,Mile Jedinak,Australia,21,77.0,26.0,Complete,High Pass
7530,Josh Risdon,Australia,21,83.0,74.0,Incomplete,Ground Pass
7530,Lucas Hernández Pi,France,21,46.0,22.0,Incomplete,Low Pass
7530,Trent Sainsbury,Australia,21,64.0,58.0,Complete,Ground Pass
7530,Aaron Mooy,Australia,21,63.0,44.0,Complete,Ground Pass
7530,Mark Milligan,Australia,21,44.0,28.0,Complete,Ground Pass
7530,Aziz Eraltay Behich,Australia,21,55.0,9.0,Complete,Ground Pass
7530,Aaron Mooy,Australia,21,55.0,14.0,Complete,Ground Pass
7530,Mark Milligan,Australia,21,41.0,24.0,Complete,Ground Pass
7530,Trent Sainsbury,Australia,21,40.0,50.0,Complete,Ground Pass
7530,Mark Milligan,Australia,21,41.0,25.0,Complete,Ground Pass
7530,Aziz Eraltay Behich,Australia,21,59.0,5.0,Complete,Ground Pass
7530,Mark Milligan,Australia,21,46.0,11.0,Complete,Ground Pass
7530,Robbie Kruse,Australia,21,58.0,10.0,Complete,Ground Pass
7530,Aaron Mooy,Australia,21,48.0,24.0,Complete,Ground Pass
7530,Trent Sainsbury,Australia,21,47.0,51.0,Incomplete,High Pass
7530,Samuel Yves Umtiti,France,21,29.0,29.0,Complete,High Pass
7530,Mathew Ryan,Australia,22,5.0,46.0,Complete,Ground Pass
7530,Mark Milligan,Australia,22,19.0,15.0,Complete,Ground Pass
7530,Mathew Ryan,Australia,22,12.0,25.0,Complete,High Pass
7530,Mathew Leckie,Australia,22,56.0,63.0,Complete,Low Pass
7530,Josh Risdon,Australia,22,50.0,75.0,Incomplete,High Pass
7530,Samuel Yves Umtiti,France,22,33.0,9.0,Complete,Ground Pass
7530,Samuel Yves Umtiti,France,22,26.0,2.0,Complete,Ground Pass
7530,Hugo Lloris,France,23,19.0,27.0,Complete,Ground Pass
7530,Raphaël Varane,France,23,30.0,63.0,Complete,Ground Pass
7530,Benjamin Pavard,France,23,51.0,77.0,Complete,Ground Pass
7530,Corentin Tolisso,France,23,60.0,68.0,Complete,Ground Pass
7530,Samuel Yves Umtiti,France,23,43.0,15.0,Complete,Ground Pass
7530,Paul Pogba,France,23,53.0,8.0,Complete,Ground Pass
7530,Samuel Yves Umtiti,France,23,51.0,28.0,Complete,Ground Pass
7530,Corentin Tolisso,France,23,69.0,68.0,Complete,Ground Pass
7530,Benjamin Pavard,France,23,88.0,77.0,Complete,Ground Pass
7530,Aaron Mooy,Australia,23,45.0,9.0,Out,Ground Pass
7530,Corentin Tolisso,France,23,67.0,80.0,Complete,High Pass
7530,N'Golo Kanté,France,23,67.0,74.0,Complete,High Pass
7530,Josh Risdon,Australia,23,41.0,27.0,Incomplete,High Pass
7530,Ousmane Dembélé,France,23,93.0,34.0,Incomplete,High Pass
7530,Mathew Ryan,Australia,23,16.0,37.0,Complete,Ground Pass
7530,Mile Jedinak,Australia,23,31.0,30.0,Out,High Pass
7530,Benjamin Pavard,France,24,76.0,80.0,Complete,High Pass
7530,N'Golo Kanté,France,24,75.0,79.0,Complete,Ground Pass
7530,Benjamin Pavard,France,24,75.0,79.0,Complete,Ground Pass
7530,Corentin Tolisso,France,24,71.0,65.0,Complete,Ground Pass
7530,Paul Pogba,France,24,73.0,40.0,Complete,High Pass
7530,Benjamin Pavard,France,24,106.0,60.0,Incomplete,Ground Pass
7530,Robbie Kruse,Australia,24,24.0,4.0,Complete,Ground Pass
7530,Aziz Eraltay Behich,Australia,24,17.0,4.0,Incomplete,High Pass
7530,Raphaël Varane,France,24,51.0,66.0,Complete,High Pass
7530,N'Golo Kanté,France,24,67.0,71.0,Complete,Ground Pass
7530,Corentin Tolisso,France,24,47.0,77.0,Complete,Low Pass
7530,Samuel Yves Umtiti,France,24,36.0,27.0,Complete,Ground Pass
7530,Paul Pogba,France,24,57.0,20.0,Complete,Ground Pass
7530,Lucas Hernández Pi,France,25,78.0,2.0,Complete,Ground Pass
7530,Ousmane Dembélé,France,25,82.0,6.0,Complete,Ground Pass
7530,Paul Pogba,France,25,65.0,3.0,Complete,Ground Pass
7530,Samuel Yves Umtiti,France,25,54.0,17.0,Complete,Ground Pass
7530,Corentin Tolisso,France,25,63.0,55.0,Complete,Ground Pass
7530,Kylian Mbappé Lottin,France,25,74.0,41.0,Complete,Ground Pass
7530,Paul Pogba,France,25,72.0,23.0,Complete,Ground Pass
7530,Ousmane Dembélé,France,25,88.0,26.0,Complete,Ground Pass
7530,Samuel Yves Umtiti,France,25,26.0,3.0,Complete,Ground Pass
7530,Raphaël Varane,France,25,26.0,53.0,Complete,Ground Pass
7530,N'Golo Kanté,France,25,40.0,23.0,Complete,Ground Pass
7530,Lucas Hernández Pi,France,25,58.0,4.0,Complete,Ground Pass
7530,Paul Pogba,France,25,64.0,12.0,Complete,Ground Pass
7530,Samuel Yves Umtiti,France,25,47.0,12.0,Complete,Ground Pass
7530,N'Golo Kanté,France,25,43.0,35.0,Complete,Ground Pass
7530,Raphaël Varane,France,25,53.0,67.0,Complete,Ground Pass
7530,Antoine Griezmann,France,26,83.0,77.0,Out,High Pass
7530,Mathew Ryan,Australia,26,6.0,38.0,Complete,Ground Pass
7530,Mark Milligan,Australia,26,21.0,12.0,Complete,Ground Pass
7530,Mathew Ryan,Australia,26,14.0,36.0,Complete,Ground Pass
7530,Mark Milligan,Australia,26,22.0,21.0,Complete,Ground Pass
7530,Mathew Ryan,Australia,26,9.0,37.0,Complete,Ground Pass
7530,Mark Milligan,Australia,26,26.0,15.0,Complete,Ground Pass
7530,Aziz Eraltay Behich,Australia,26,36.0,16.0,Complete,Ground Pass
7530,Mark Milligan,Australia,26,38.0,6.0,Complete,High Pass
7530,Andrew Nabbout,Australia,26,86.0,20.0,Incomplete,Low Pass
7530,Raphaël Varane,France,26,29.0,64.0,Complete,Ground Pass
7530,Hugo Lloris,France,26,4.0,41.0,Incomplete,High Pass
7530,Mile Jedinak,Australia,26,66.0,44.0,Complete,High Pass
7530,Josh Risdon,Australia,27,70.0,77.0,Complete,Ground Pass
7530,Aaron Mooy,Australia,27,86.0,64.0,Incomplete,High Pass
7530,Kylian Mbappé Lottin,France,28,58.0,75.0,Complete,Ground Pass
7530,Benjamin Pavard,France,28,42.0,78.0,Complete,Ground Pass
7530,N'Golo Kanté,France,28,50.0,67.0,Complete,Ground Pass
7530,Benjamin Pavard,France,28,43.0,78.0,Complete,Ground Pass
7530,Raphaël Varane,France,28,39.0,64.0,Complete,Ground Pass
7530,Samuel Yves Umtiti,France,28,41.0,21.0,Complete,Ground Pass
7530,Paul Pogba,France,28,58.0,8.0,Complete,Ground Pass
7530,Samuel Yves Umtiti,France,28,47.0,13.0,Complete,High Pass
7530,Antoine Griezmann,France,28,103.0,5.0,Complete,Ground Pass
7530,Lucas Hernández Pi,France,28,115.0,16.0,Incomplete,Ground Pass
7530,Antoine Griezmann,France,28,112.0,1.0,Incomplete,High Pass
7530,Mathew Ryan,Australia,29,15.0,44.0,Complete,High Pass
7530,Josh Risdon,Australia,29,59.0,62.0,Complete,Ground Pass
7530,Trent Sainsbury,Australia,29,36.0,52.0,Complete,Ground Pass
7530,Mark Milligan,Australia,29,34.0,25.0,Complete,Ground Pass
7530,Trent Sainsbury,Australia,29,43.0,53.0,Complete,Ground Pass
7530,Aaron Mooy,Australia,29,46.0,50.0,Complete,Ground Pass
7530,Trent Sainsbury,Australia,29,55.0,65.0,Complete,High Pass
7530,N'Golo Kanté,France,29,23.0,27.0,Complete,Ground Pass
7530,Antoine Griezmann,France,29,43.0,3.0,Complete,High Pass
7530,Corentin Tolisso,France,29,49.0,42.0,Complete,Low Pass
7530,Paul Pogba,France,29,49.0,29.0,Complete,Ground Pass
7530,Benjamin Pavard,France,29,86.0,68.0,Complete,Ground Pass
7530,Aaron Mooy,Australia,30,20.0,27.0,Complete,Ground Pass
7530,Tom Rogić,Australia,30,32.0,25.0,Complete,Ground Pass
7530,Mile Jedinak,Australia,30,42.0,40.0,Incomplete,Ground Pass
7530,Raphaël Varane,France,30,71.0,49.0,Incomplete,Ground Pass
7530,Corentin Tolisso,France,30,76.0,47.0,Complete,High Pass
7530,Trent Sainsbury,Australia,30,8.0,50.0,Out,Ground Pass
7530,Lucas Hernández Pi,France,30,93.0,1.0,Complete,High Pass
7530,Paul Pogba,France,30,82.0,18.0,Complete,Ground Pass
7530,Corentin Tolisso,France,30,82.0,40.0,Complete,Ground Pass
7530,Raphaël Varane,France,30,103.0,77.0,Complete,Ground Pass
7530,Benjamin Pavard,France,30,96.0,78.0,Complete,Ground Pass
7530,Benjamin Pavard,France,31,105.0,80.0,Complete,High Pass
7530,N'Golo Kanté,France,31,112.0,69.0,Complete,Ground Pass
7530,Aziz Eraltay Behich,Australia,31,16.0,1.0,Complete,High Pass
7530,Tom Rogić,Australia,31,45.0,9.0,Incomplete,Low Pass
7530,Raphaël Varane,France,31,67.0,72.0,Complete,Ground Pass
7530,Benjamin Pavard,France,31,72.0,79.0,Complete,High Pass
7530,Aaron Mooy,Australia,31,41.0,12.0,Incomplete,Low Pass
7530,N'Golo Kanté,France,31,72.0,57.0,Complete,Ground Pass
7530,Antoine Griezmann,France,31,79.0,48.0,Complete,Ground Pass
7530,Corentin Tolisso,France,31,91.0,49.0,Incomplete,Ground Pass
7530,Aaron Mooy,Australia,31,27.0,24.0,Complete,Ground Pass
7530,Tom Rogić,Australia,31,48.0,48.0,Complete,Ground Pass
7530,Josh Risdon,Australia,31,57.0,66.0,Complete,Ground Pass
7530,Mathew Leckie,Australia,31,64.0,77.0,Complete,Ground Pass
7530,Trent Sainsbury,Australia,31,46.0,66.0,Complete,Ground Pass
7530,Paul Pogba,France,32,54.0,9.0,Complete,Ground Pass
7530,Corentin Tolisso,France,32,49.0,26.0,Complete,Ground Pass
7530,Raphaël Varane,France,32,49.0,48.0,Complete,Ground Pass
7530,Benjamin Pavard,France,32,57.0,74.0,Complete,Ground Pass
7530,Antoine Griezmann,France,32,68.0,66.0,Complete,High Pass
7530,N'Golo Kanté,France,32,55.0,42.0,Complete,Ground Pass
7530,Paul Pogba,France,32,68.0,28.0,Complete,Ground Pass
7530,Corentin Tolisso,France,32,65.0,46.0,Complete,Ground Pass
7530,Benjamin Pavard,France,32,95.0,74.0,Complete,Ground Pass
7530,Corentin Tolisso,France,32,85.0,54.0,Complete,Ground Pass
7530,Ousmane Dembélé,France,32,98.0,37.0,Complete,Ground Pass
7530,Ousmane Dembélé,France,33,120.0,2.0,Incomplete,High Pass
7530,Mathew Ryan,Australia,33,15.0,37.0,Complete,High Pass
7530,Aziz Eraltay Behich,Australia,33,49.0,6.0,Complete,Ground Pass
7530,Mark Milligan,Australia,33,21.0,23.0,Complete,Ground Pass
7530,Mathew Ryan,Australia,33,10.0,39.0,Incomplete,High Pass
7530,Lucas Hernández Pi,France,33,61.0,20.0,Complete,High Pass
7530,Paul Pogba,France,33,69.0,35.0,Complete,Ground Pass
7530,Raphaël Varane,France,33,42.0,38.0,Incomplete,High Pass
7530,Josh Risdon,Australia,33,25.0,56.0,Out,High Pass
7530,Lucas Hernández Pi,France,33,82.0,1.0,Complete,High Pass
7530,Aaron Mooy,Australia,34,33.0,57.0,Complete,Ground Pass
7530,Mile Jedinak,Australia,34,32.0,50.0,Complete,Ground Pass
7530,Trent Sainsbury,Australia,34,26.0,56.0,Complete,Ground Pass
7530,Mile Jedinak,Australia,34,57.0,62.0,Complete,Ground Pass
7530,Mathew Leckie,Australia,34,68.0,65.0,Incomplete,Ground Pass
7530,Raphaël Varane,France,34,29.0,30.0,Complete,Ground Pass
7530,Hugo Lloris,France,34,9.0,39.0,Complete,High Pass
7530,Benjamin Pavard,France,34,43.0,69.0,Complete,Ground Pass
7530,Corentin Tolisso,France,34,51.0,64.0,Complete,Ground Pass
7530,N'Golo Kanté,France,34,34.0,24.0,Complete,Ground Pass
7530,Samuel Yves Umtiti,France,34,46.0,6.0,Complete,Ground Pass
7530,Lucas Hernández Pi,France,34,74.0,3.0,Complete,Ground Pass
7530,Paul Pogba,France,34,66.0,23.0,Complete,Ground Pass
7530,N'Golo Kanté,France,34,51.0,28.0,Complete,Ground Pass
7530,Corentin Tolisso,France,34,65.0,45.0,Complete,Ground Pass
7530,Antoine Griezmann,France,34,84.0,35.0,Incomplete,Ground Pass
7530,Kylian Mbappé Lottin,France,34,86.0,38.0,Complete,Ground Pass
7530,Corentin Tolisso,France,34,83.0,51.0,Complete,Ground Pass
7530,Benjamin Pavard,France,34,101.0,75.0,Complete,Ground Pass
7530,Corentin Tolisso,France,34,89.0,65.0,Complete,Ground Pass
7530,Benjamin Pavard,France,35,97.0,74.0,Complete,Ground Pass
7530,N'Golo Kanté,France,35,80.0,59.0,Complete,Ground Pass
7530,Corentin Tolisso,France,35,74.0,73.0,Complete,Ground Pass
7530,Raphaël Varane,France,35,67.0,55.0,Incomplete,High Pass
7530,Josh Risdon,Australia,35,21.0,63.0,Complete,Low Pass
7530,Mathew Ryan,Australia,35,11.0,49.0,Complete,Ground Pass
7530,Trent Sainsbury,Australia,35,19.0,67.0,Complete,Ground Pass
7530,Aaron Mooy,Australia,35,33.0,53.0,Complete,Ground Pass
7530,Trent Sainsbury,Australia,35,27.0,65.0,Incomplete,Ground Pass
7530,Corentin Tolisso,France,35,78.0,16.0,Complete,Ground Pass
7530,Lucas Hernández Pi,France,35,88.0,2.0,Complete,Ground Pass
7530,Samuel Yves Umtiti,France,35,63.0,15.0,Complete,Ground Pass
7530,Raphaël Varane,France,35,82.0,56.0,Complete,Ground Pass
7530,Benjamin Pavard,France,36,89.0,76.0,Complete,Ground Pass
7530,Raphaël Varane,France,36,68.0,65.0,Complete,Ground Pass
7530,Samuel Yves Umtiti,France,36,57.0,27.0,Complete,Ground Pass
7530,Raphaël Varane,France,36,62.0,58.0,Complete,Ground Pass
7530,Benjamin Pavard,France,36,95.0,77.0,Incomplete,High Pass
7530,Trent Sainsbury,Australia,36,32.0,61.0,Complete,Ground Pass
7530,Aaron Mooy,Australia,36,42.0,51.0,Complete,Ground Pass
7530,Trent Sainsbury,Australia,36,43.0,66.0,Complete,Ground Pass
7530,Aaron Mooy,Australia,36,50.0,56.0,Complete,Ground Pass
7530,Trent Sainsbury,Australia,36,39.0,63.0,Complete,Ground Pass
7530,Mathew Ryan,Australia,37,21.0,51.0,Complete,Ground Pass
7530,Mark Milligan,Australia,37,30.0,26.0,Complete,Ground Pass
7530,Aziz Eraltay Behich,Australia,37,43.0,5.0,Complete,Ground Pass
7530,Mark Milligan,Australia,37,28.0,7.0,Complete,Ground Pass
7530,Aaron Mooy,Australia,37,36.0,12.0,Complete,Ground Pass
7530,Mark Milligan,Australia,37,38.0,3.0,Complete,Ground Pass
7530,Aaron Mooy,Australia,37,42.0,12.0,Complete,Ground Pass
7530,Mathew Ryan,Australia,37,17.0,32.0,Complete,Ground Pass
7530,Trent Sainsbury,Australia,37,32.0,50.0,Complete,Ground Pass
7530,Tom Rogić,Australia,37,65.0,58.0,Complete,Ground Pass
7530,Josh Risdon,Australia,37,75.0,73.0,Complete,Ground Pass
7530,Aaron Mooy,Australia,37,57.0,68.0,Complete,Ground Pass
7530,Trent Sainsbury,Australia,37,52.0,61.0,Complete,Ground Pass
7530,Tom Rogić,Australia,37,66.0,44.0,Complete,Ground Pass
7530,Aaron Mooy,Australia,37,59.0,56.0,Complete,Ground Pass
7530,Trent Sainsbury,Australia,37,56.0,55.0,Complete,Ground Pass
7530,Aaron Mooy,Australia,37,56.0,65.0,Complete,Ground Pass
7530,Mathew Ryan,Australia,37,29.0,48.0,Complete,High Pass
7530,Aziz Eraltay Behich,Australia,37,55.0,6.0,Incomplete,High Pass
7530,Raphaël Varane,France,37,37.0,61.0,Complete,High Pass
7530,Benjamin Pavard,France,37,50.0,74.0,Incomplete,High Pass
7530,Mark Milligan,Australia,37,52.0,12.0,Complete,High Pass
7530,Aaron Mooy,Australia,37,54.0,36.0,Complete,Low Pass
7530,Trent Sainsbury,Australia,38,46.0,38.0,Incomplete,High Pass
7530,Raphaël Varane,France,38,57.0,43.0,Incomplete,High Pass
7530,Mile Jedinak,Australia,38,54.0,36.0,Complete,High Pass
7530,Mark Milligan,Australia,38,34.0,34.0,Complete,Low Pass
7530,Mathew Ryan,Australia,38,16.0,43.0,Complete,High Pass
7530,Aziz Eraltay Behich,Australia,38,54.0,4.0,Complete,Ground Pass
7530,Mile Jedinak,Australia,38,47.0,11.0,Complete,Ground Pass
7530,Mark Milligan,Australia,38,25.0,23.0,Complete,Ground Pass
7530,Trent Sainsbury,Australia,38,39.0,52.0,Complete,Ground Pass
7530,Tom Rogić,Australia,38,63.0,59.0,Complete,Ground Pass
7530,Mile Jedinak,Australia,38,64.0,52.0,Incomplete,High Pass
7530,Lucas Hernández Pi,France,39,15.0,3.0,Complete,Ground Pass
7530,N'Golo Kanté,France,39,33.0,28.0,Complete,Ground Pass
7530,Raphaël Varane,France,39,44.0,62.0,Complete,Ground Pass
7530,Paul Pogba,France,39,68.0,64.0,Complete,High Pass
7530,Lucas Hernández Pi,France,39,95.0,5.0,Complete,Ground Pass
7530,Corentin Tolisso,France,39,81.0,10.0,Complete,Ground Pass
7530,N'Golo Kanté,France,39,77.0,25.0,Complete,Ground Pass
7530,Corentin Tolisso,France,39,74.0,4.0,Complete,Ground Pass
7530,Paul Pogba,France,39,82.0,37.0,Incomplete,Ground Pass
7530,Aziz Eraltay Behich,Australia,39,48.0,9.0,Complete,Ground Pass
7530,Aaron Mooy,Australia,39,43.0,14.0,Complete,Ground Pass
7530,Aziz Eraltay Behich,Australia,39,54.0,6.0,Complete,Ground Pass
7530,Mile Jedinak,Australia,39,52.0,14.0,Complete,Ground Pass
7530,Mark Milligan,Australia,39,31.0,23.0,Complete,Ground Pass
7530,Aziz Eraltay Behich,Australia,40,46.0,10.0,Complete,Ground Pass
7530,Mark Milligan,Australia,40,27.0,22.0,Complete,Ground Pass
7530,Aaron Mooy,Australia,40,32.0,26.0,Complete,Ground Pass
7530,Mathew Ryan,Australia,40,10.0,38.0,Complete,Ground Pass
7530,Trent Sainsbury,Australia,40,14.0,59.0,Complete,Ground Pass
7530,Josh Risdon,Australia,40,26.0,79.0,Complete,Ground Pass
7530,Mile Jedinak,Australia,40,49.0,45.0,Complete,Ground Pass
7530,Mark Milligan,Australia,40,44.0,13.0,Complete,Ground Pass
7530,Aziz Eraltay Behich,Australia,40,42.0,4.0,Complete,Ground Pass
7530,Mathew Ryan,Australia,40,20.0,30.0,Complete,Ground Pass
7530,Mark Milligan,Australia,41,47.0,48.0,Incomplete,High Pass
7530,Benjamin Pavard,France,41,32.0,57.0,Complete,High Pass
7530,Ousmane Dembélé,France,41,49.0,68.0,Complete,Ground Pass
7530,N'Golo Kanté,France,41,41.0,58.0,Complete,High Pass
7530,Lucas Hernández Pi,France,41,86.0,7.0,Complete,Ground Pass
7530,Corentin Tolisso,France,41,88.0,20.0,Complete,Ground Pass
7530,Raphaël Varane,France,41,54.0,78.0,Incomplete,High Pass
7530,Tom Rogić,Australia,41,49.0,8.0,Complete,Ground Pass
7530,Aziz Eraltay Behich,Australia,41,40.0,7.0,Incomplete,High Pass
7530,Samuel Yves Umtiti,France,41,29.0,51.0,Complete,Ground Pass
7530,N'Golo Kanté,France,41,47.0,50.0,Complete,Ground Pass
7530,Corentin Tolisso,France,41,56.0,44.0,Complete,Ground Pass
7530,Lucas Hernández Pi,France,41,66.0,6.0,Complete,Ground Pass
7530,Kylian Mbappé Lottin,France,41,74.0,2.0,Complete,Ground Pass
7530,Corentin Tolisso,France,41,62.0,20.0,Complete,Ground Pass
7530,Lucas Hernández Pi,France,42,71.0,3.0,Complete,Ground Pass
7530,Corentin Tolisso,France,42,65.0,13.0,Complete,Ground Pass
7530,N'Golo Kanté,France,42,63.0,28.0,Complete,Ground Pass
7530,Samuel Yves Umtiti,France,42,53.0,24.0,Complete,Ground Pass
7530,Raphaël Varane,France,42,59.0,59.0,Complete,Ground Pass
7530,Benjamin Pavard,France,42,86.0,76.0,Complete,Ground Pass
7530,Aziz Eraltay Behich,Australia,42,16.0,13.0,Complete,Ground Pass
7530,Robbie Kruse,Australia,42,13.0,24.0,Incomplete,Ground Pass
7530,Aaron Mooy,Australia,42,21.0,29.0,Incomplete,High Pass
7530,Samuel Yves Umtiti,France,42,41.0,55.0,Complete,Ground Pass
7530,Hugo Lloris,France,42,9.0,39.0,Complete,Ground Pass
7530,Raphaël Varane,France,42,29.0,48.0,Complete,Ground Pass
7530,Samuel Yves Umtiti,France,42,28.0,61.0,Complete,Ground Pass
7530,N'Golo Kanté,France,42,46.0,71.0,Complete,Ground Pass
7530,Paul Pogba,France,42,56.0,54.0,Complete,High Pass
7530,Lucas Hernández Pi,France,42,81.0,2.0,Complete,High Pass
7530,Corentin Tolisso,France,42,71.0,23.0,Complete,Ground Pass
7530,N'Golo Kanté,France,42,81.0,59.0,Complete,Ground Pass
7530,Paul Pogba,France,42,82.0,45.0,Incomplete,High Pass
7530,Josh Risdon,Australia,43,10.0,43.0,Incomplete,High Pass
7530,Raphaël Varane,France,43,65.0,51.0,Complete,Ground Pass
7530,N'Golo Kanté,France,43,81.0,69.0,Complete,Ground Pass
7530,Benjamin Pavard,France,43,94.0,64.0,Incomplete,High Pass
7530,Hugo Lloris,France,43,12.0,58.0,Complete,Ground Pass
7530,Samuel Yves Umtiti,France,43,42.0,23.0,Complete,Ground Pass
7530,Corentin Tolisso,France,43,66.0,9.0,Complete,Ground Pass
7530,Antoine Griezmann,France,43,87.0,3.0,Incomplete,Ground Pass
7530,Antoine Griezmann,France,43,80.0,4.0,Incomplete,High Pass
7530,Samuel Yves Umtiti,France,43,53.0,32.0,Complete,Ground Pass
7530,Raphaël Varane,France,43,48.0,41.0,Complete,Ground Pass
7530,Benjamin Pavard,France,43,88.0,74.0,Complete,Ground Pass
7530,Ousmane Dembélé,France,43,105.0,74.0,Incomplete,High Pass
7530,Mathew Ryan,Australia,44,24.0,31.0,Incomplete,High Pass
7530,Corentin Tolisso,France,44,64.0,26.0,Complete,Ground Pass
7530,Antoine Griezmann,France,44,63.0,11.0,Incomplete,Ground Pass
7530,Mile Jedinak,Australia,44,45.0,46.0,Complete,Ground Pass
7530,Tom Rogić,Australia,44,56.0,45.0,Complete,High Pass
7530,Aziz Eraltay Behich,Australia,44,69.0,3.0,Complete,Ground Pass
7530,Mile Jedinak,Australia,44,57.0,11.0,Complete,Ground Pass
7530,Aaron Mooy,Australia,44,58.0,36.0,Complete,Ground Pass
7530,Tom Rogić,Australia,44,75.0,39.0,Complete,Ground Pass
7530,Aziz Eraltay Behich,Australia,44,105.0,10.0,Incomplete,High Pass
7530,Hugo Lloris,France,45,6.0,39.0,Complete,Ground Pass
7530,Samuel Yves Umtiti,France,45,39.0,11.0,Complete,Ground Pass
7530,Raphaël Varane,France,45,59.0,55.0,Complete,Ground Pass
7530,Ousmane Dembélé,France,45,70.0,74.0,Complete,Ground Pass
7530,Paul Pogba,France,45,71.0,53.0,Incomplete,High Pass
7530,Lucas Hernández Pi,France,46,77.0,1.0,Complete,High Pass
7530,Paul Pogba,France,46,74.0,10.0,Unknown,Ground Pass
7530,Antoine Griezmann,France,45,60.0,40.0,Complete,Ground Pass
7530,Raphaël Varane,France,45,36.0,51.0,Complete,Ground Pass
7530,Benjamin Pavard,France,45,47.0,74.0,Complete,Ground Pass
7530,Corentin Tolisso,France,45,59.0,63.0,Incomplete,Ground Pass
7530,Corentin Tolisso,France,45,57.0,67.0,Complete,Ground Pass
7530,Corentin Tolisso,France,45,71.0,77.0,Complete,Ground Pass
7530,Benjamin Pavard,France,45,76.0,78.0,Complete,Ground Pass
7530,Corentin Tolisso,France,45,65.0,75.0,Complete,Ground Pass
7530,N'Golo Kanté,France,45,51.0,50.0,Complete,Ground Pass
7530,Samuel Yves Umtiti,France,45,63.0,20.0,Complete,Ground Pass
7530,Lucas Hernández Pi,France,45,77.0,3.0,Incomplete,Ground Pass
7530,Kylian Mbappé Lottin,France,45,85.0,1.0,Complete,Low Pass
7530,Samuel Yves Umtiti,France,45,64.0,13.0,Complete,Ground Pass
7530,N'Golo Kanté,France,45,71.0,22.0,Complete,Ground Pass
7530,Samuel Yves Umtiti,France,45,63.0,13.0,Complete,Ground Pass
7530,Corentin Tolisso,France,45,70.0,48.0,Incomplete,High Pass
7530,Josh Risdon,Australia,45,17.0,49.0,Complete,High Pass
7530,Mark Milligan,Australia,45,16.0,36.0,Complete,High Pass
7530,Mathew Ryan,Australia,46,23.0,35.0,Complete,Ground Pass
7530,Mark Milligan,Australia,46,28.0,29.0,Complete,Ground Pass
7530,Mathew Ryan,Australia,46,14.0,32.0,Complete,Ground Pass
7530,Mark Milligan,Australia,46,27.0,19.0,Complete,Ground Pass
7530,Aziz Eraltay Behich,Australia,46,40.0,3.0,Complete,Ground Pass
7530,Mark Milligan,Australia,46,14.0,10.0,Complete,Ground Pass
7530,Mathew Ryan,Australia,46,9.0,36.0,Complete,High Pass
7530,Kylian Mbappé Lottin,France,46,90.0,1.0,Complete,Low Pass
7530,Paul Pogba,France,46,85.0,8.0,Complete,Ground Pass
7530,Lucas Hernández Pi,France,46,99.0,1.0,Complete,Low Pass
7530,N'Golo Kanté,France,47,94.0,8.0,Complete,Ground Pass
7530,Paul Pogba,France,47,91.0,19.0,Complete,Ground Pass
7530,Corentin Tolisso,France,47,82.0,40.0,Complete,Ground Pass
7530,Benjamin Pavard,France,47,99.0,72.0,Complete,Ground Pass
7530,Corentin Tolisso,France,47,83.0,59.0,Complete,Ground Pass
7530,N'Golo Kanté,France,47,86.0,35.0,Complete,Ground Pass
7530,Paul Pogba,France,47,97.0,21.0,Complete,Ground Pass
7530,Lucas Hernández Pi,France,47,108.0,6.0,Incomplete,High Pass
7530,Tom Rogić,Australia,47,26.0,64.0,Complete,High Pass
7530,Trent Sainsbury,Australia,47,46.0,40.0,Complete,High Pass
7530,Hugo Lloris,France,48,28.0,3.0,Incomplete,High Pass
7530,Trent Sainsbury,Australia,49,40.0,69.0,Incomplete,High Pass
7530,Lucas Hernández Pi,France,49,69.0,5.0,Complete,Low Pass
7530,Kylian Mbappé Lottin,France,49,82.0,3.0,Complete,Ground Pass
7530,Paul Pogba,France,49,77.0,13.0,Complete,Ground Pass
7530,Lucas Hernández Pi,France,49,74.0,4.0,Incomplete,Ground Pass
7530,Lucas Hernández Pi,France,49,78.0,2.0,Complete,Low Pass
7530,Paul Pogba,France,49,70.0,9.0,Complete,High Pass
7530,Raphaël Varane,France,49,56.0,67.0,Complete,Ground Pass
7530,Benjamin Pavard,France,49,65.0,80.0,Complete,Low Pass
7530,Raphaël Varane,France,49,47.0,65.0,Complete,Ground Pass
7530,Samuel Yves Umtiti,France,49,47.0,36.0,Complete,Ground Pass
7530,Paul Pogba,France,49,80.0,12.0,Complete,Ground Pass
7530,Mathew Leckie,Australia,49,38.0,39.0,Incomplete,High Pass
7530,Benjamin Pavard,France,49,30.0,51.0,Complete,Ground Pass
7530,Hugo Lloris,France,50,6.0,37.0,Complete,Ground Pass
7530,Samuel Yves Umtiti,France,50,34.0,5.0,Complete,Ground Pass
7530,N'Golo Kanté,France,50,37.0,36.0,Complete,Ground Pass
7530,Corentin Tolisso,France,50,53.0,48.0,Complete,Ground Pass
7530,Ousmane Dembélé,France,50,87.0,51.0,Out,High Pass
7530,Mathew Ryan,Australia,51,7.0,47.0,Complete,High Pass
7530,Andrew Nabbout,Australia,51,67.0,60.0,Incomplete,High Pass
7530,Lucas Hernández Pi,France,51,32.0,20.0,Complete,Ground Pass
7530,Hugo Lloris,France,51,9.0,38.0,Complete,High Pass
7530,Benjamin Pavard,France,51,56.0,71.0,Complete,Low Pass
7530,Ousmane Dembélé,France,51,66.0,72.0,Complete,Ground Pass
7530,Benjamin Pavard,France,51,69.0,65.0,Incomplete,Ground Pass
7530,Aaron Mooy,Australia,51,44.0,23.0,Complete,High Pass
7530,Aziz Eraltay Behich,Australia,51,41.0,15.0,Complete,Ground Pass
7530,Robbie Kruse,Australia,51,61.0,2.0,Complete,Low Pass
7530,Aaron Mooy,Australia,51,58.0,12.0,Complete,Ground Pass
7530,Aziz Eraltay Behich,Australia,51,54.0,3.0,Complete,Low Pass
7530,Mark Milligan,Australia,51,26.0,20.0,Complete,Ground Pass
7530,Trent Sainsbury,Australia,51,25.0,47.0,Complete,Ground Pass
7530,Mark Milligan,Australia,51,30.0,20.0,Complete,Ground Pass
7530,Aziz Eraltay Behich,Australia,51,31.0,12.0,Complete,Ground Pass
7530,Mathew Ryan,Australia,52,7.0,34.0,Incomplete,High Pass
7530,Lucas Hernández Pi,France,52,66.0,24.0,Incomplete,High Pass
7530,Mile Jedinak,Australia,52,49.0,56.0,Complete,High Pass
7530,Josh Risdon,Australia,52,57.0,78.0,Complete,Low Pass
7530,Mathew Leckie,Australia,52,97.0,76.0,Complete,Ground Pass
7530,Josh Risdon,Australia,52,111.0,70.0,Incomplete,High Pass
7530,Raphaël Varane,France,52,9.0,39.0,Complete,Ground Pass
7530,Corentin Tolisso,France,52,50.0,68.0,Complete,Ground Pass
7530,Benjamin Pavard,France,52,72.0,75.0,Incomplete,Ground Pass
7530,Benjamin Pavard,France,53,102.0,80.0,Complete,Low Pass
7530,Corentin Tolisso,France,53,100.0,74.0,Complete,Ground Pass
7530,Benjamin Pavard,France,53,103.0,78.0,Unknown,Ground Pass
7530,Mathew Ryan,Australia,53,16.0,25.0,Complete,Ground Pass
7530,Mark Milligan,Australia,53,43.0,20.0,Complete,Ground Pass
7530,Aziz Eraltay Behich,Australia,53,54.0,4.0,Incomplete,Low Pass
7530,Raphaël Varane,France,53,36.0,58.0,Complete,Ground Pass
7530,Benjamin Pavard,France,53,43.0,74.0,Complete,Low Pass
7530,N'Golo Kanté,France,53,48.0,61.0,Complete,Ground Pass
7530,Paul Pogba,France,53,71.0,49.0,Complete,Ground Pass
7530,Tom Rogić,Australia,58,60.0,41.0,Complete,Ground Pass
7530,Mile Jedinak,Australia,58,52.0,42.0,Complete,Ground Pass
7530,Mark Milligan,Australia,58,40.0,27.0,Complete,Ground Pass
7530,Mile Jedinak,Australia,58,52.0,41.0,Complete,Ground Pass
7530,Trent Sainsbury,Australia,58,45.0,45.0,Incomplete,Ground Pass
7530,Aaron Mooy,Australia,58,67.0,40.0,Incomplete,Ground Pass
7530,N'Golo Kanté,France,58,48.0,39.0,Complete,Ground Pass
7530,Antoine Griezmann,France,58,70.0,26.0,Complete,Ground Pass
7530,Kylian Mbappé Lottin,France,58,113.0,27.0,Complete,Ground Pass
7530,Mark Milligan,Australia,58,24.0,23.0,Complete,Ground Pass
7530,Trent Sainsbury,Australia,58,36.0,50.0,Complete,Ground Pass
7530,Mark Milligan,Australia,58,51.0,29.0,Complete,Ground Pass
7530,Aziz Eraltay Behich,Australia,58,60.0,5.0,Complete,Ground Pass
7530,Mark Milligan,Australia,59,46.0,25.0,Complete,Ground Pass
7530,Trent Sainsbury,Australia,59,56.0,50.0,Complete,Ground Pass
7530,Aaron Mooy,Australia,59,95.0,64.0,Incomplete,High Pass
7530,Antoine Griezmann,France,62,61.0,40.0,Complete,Ground Pass
7530,Samuel Yves Umtiti,France,62,42.0,29.0,Complete,Ground Pass
7530,Paul Pogba,France,62,56.0,19.0,Complete,Ground Pass
7530,Lucas Hernández Pi,France,62,65.0,3.0,Complete,Ground Pass
7530,Samuel Yves Umtiti,France,62,53.0,13.0,Complete,High Pass
7530,Raphaël Varane,France,62,48.0,57.0,Incomplete,High Pass
7530,Aziz Eraltay Behich,Australia,62,59.0,19.0,Incomplete,Low Pass
7530,N'Golo Kanté,France,62,9.0,71.0,Out,High Pass
7530,Aziz Eraltay Behich,Australia,63,103.0,1.0,Complete,Low Pass
7530,Robbie Kruse,Australia,63,108.0,14.0,Complete,Ground Pass
7530,Aziz Eraltay Behich,Australia,63,103.0,13.0,Complete,Ground Pass
7530,Robbie Kruse,Australia,63,105.0,5.0,Incomplete,Ground Pass
7530,N'Golo Kanté,France,63,16.0,70.0,Complete,Ground Pass
7530,Corentin Tolisso,France,63,23.0,65.0,Complete,Ground Pass
7530,Antoine Griezmann,France,63,29.0,52.0,Incomplete,High Pass
7530,Trent Sainsbury,Australia,64,49.0,25.0,Complete,Ground Pass
7530,Mark Milligan,Australia,64,59.0,5.0,Complete,Ground Pass
7530,Robbie Kruse,Australia,64,67.0,3.0,Complete,Ground Pass
7530,Mark Milligan,Australia,64,48.0,13.0,Complete,Ground Pass
7530,Trent Sainsbury,Australia,64,51.0,49.0,Complete,Ground Pass
7530,Josh Risdon,Australia,64,70.0,78.0,Complete,Ground Pass
7530,Benjamin Pavard,France,64,16.0,55.0,Incomplete,High Pass
7530,Aziz Eraltay Behich,Australia,64,60.0,15.0,Out,High Pass
7530,Hugo Lloris,France,64,4.0,46.0,Complete,Ground Pass
7530,Raphaël Varane,France,64,15.0,66.0,Complete,Ground Pass
7530,Benjamin Pavard,France,64,45.0,60.0,Complete,Ground Pass
7530,Corentin Tolisso,France,64,54.0,64.0,Complete,Ground Pass
7530,Paul Pogba,France,64,66.0,20.0,Complete,Ground Pass
7530,Lucas Hernández Pi,France,65,77.0,3.0,Complete,Ground Pass
7530,Paul Pogba,France,65,72.0,12.0,Complete,Ground Pass
7530,N'Golo Kanté,France,65,64.0,29.0,Complete,Ground Pass
7530,Corentin Tolisso,France,65,65.0,56.0,Complete,Ground Pass
7530,Benjamin Pavard,France,65,85.0,76.0,Complete,Ground Pass
7530,Corentin Tolisso,France,65,86.0,68.0,Incomplete,Ground Pass
7530,Aaron Mooy,Australia,65,47.0,26.0,Complete,Ground Pass
7530,Mark Milligan,Australia,65,54.0,4.0,Incomplete,High Pass
7530,Tomi Jurić,Australia,65,104.0,11.0,Complete,Ground Pass
7530,N'Golo Kanté,France,65,16.0,74.0,Incomplete,Ground Pass
7530,Aaron Mooy,Australia,66,86.0,3.0,Complete,Ground Pass
7530,Aziz Eraltay Behich,Australia,66,95.0,10.0,Complete,Ground Pass
7530,Robbie Kruse,Australia,66,99.0,3.0,Complete,Ground Pass
7530,Aziz Eraltay Behich,Australia,66,117.0,15.0,Incomplete,Ground Pass
7530,Robbie Kruse,Australia,66,104.0,2.0,Complete,High Pass
7530,Mark Milligan,Australia,66,63.0,6.0,Complete,Ground Pass
7530,Trent Sainsbury,Australia,66,46.0,33.0,Complete,Ground Pass
7530,Aaron Mooy,Australia,66,64.0,27.0,Complete,High Pass
7530,Mathew Leckie,Australia,66,57.0,72.0,Complete,Ground Pass
7530,Mathew Ryan,Australia,66,27.0,51.0,Incomplete,High Pass
7530,Raphaël Varane,France,66,36.0,56.0,Complete,Ground Pass
7530,Benjamin Pavard,France,66,51.0,72.0,Complete,Ground Pass
7530,N'Golo Kanté,France,66,53.0,52.0,Complete,High Pass
7530,Lucas Hernández Pi,France,67,78.0,2.0,Complete,Ground Pass
7530,Antoine Griezmann,France,67,78.0,9.0,Complete,Ground Pass
7530,Paul Pogba,France,67,70.0,18.0,Complete,Ground Pass
7530,Raphaël Varane,France,67,84.0,63.0,Complete,Ground Pass
7530,Benjamin Pavard,France,67,89.0,78.0,Incomplete,Ground Pass
7530,Ousmane Dembélé,France,67,99.0,73.0,Complete,Ground Pass
7530,Corentin Tolisso,France,67,81.0,68.0,Complete,Ground Pass
7530,Paul Pogba,France,67,89.0,48.0,Incomplete,Ground Pass
7530,Raphaël Varane,France,67,48.0,64.0,Complete,Ground Pass
7530,Paul Pogba,France,67,64.0,24.0,Complete,Ground Pass
7530,Lucas Hernández Pi,France,67,87.0,2.0,Incomplete,Ground Pass
7530,Josh Risdon,Australia,67,30.0,79.0,Out,High Pass
7530,N'Golo Kanté,France,68,97.0,9.0,Complete,Ground Pass
7530,Lucas Hernández Pi,France,68,99.0,3.0,Complete,Ground Pass
7530,Kylian Mbappé Lottin,France,68,100.0,12.0,Complete,Ground Pass
7530,N'Golo Kanté,France,68,101.0,5.0,Complete,Ground Pass
7530,Corentin Tolisso,France,68,80.0,22.0,Complete,Ground Pass
7530,Raphaël Varane,France,68,83.0,60.0,Complete,Ground Pass
7530,Benjamin Pavard,France,68,93.0,76.0,Complete,Ground Pass
7530,Ousmane Dembélé,France,68,116.0,71.0,Incomplete,High Pass
7530,Raphaël Varane,France,68,35.0,42.0,Complete,Ground Pass
7530,Hugo Lloris,France,68,17.0,31.0,Complete,Ground Pass
7530,Samuel Yves Umtiti,France,68,33.0,18.0,Complete,Ground Pass
7530,Paul Pogba,France,68,54.0,13.0,Complete,Ground Pass
7530,Lucas Hernández Pi,France,68,82.0,4.0,Out,Ground Pass
7530,Josh Risdon,Australia,69,22.0,79.0,Complete,High Pass
7530,Tom Rogić,Australia,69,49.0,69.0,Complete,Low Pass
7530,Samuel Yves Umtiti,France,69,66.0,20.0,Complete,High Pass
7530,Corentin Tolisso,France,69,68.0,26.0,Complete,High Pass
7530,Aziz Eraltay Behich,Australia,70,43.0,13.0,Incomplete,Ground Pass
7530,N'Golo Kanté,France,70,71.0,54.0,Complete,Ground Pass
7530,Benjamin Pavard,France,70,65.0,70.0,Complete,Ground Pass
7530,Raphaël Varane,France,70,53.0,53.0,Complete,Ground Pass
7530,Paul Pogba,France,70,64.0,27.0,Complete,Ground Pass
7530,N'Golo Kanté,France,70,75.0,27.0,Complete,Ground Pass
7530,Samuel Yves Umtiti,France,71,58.0,13.0,Complete,Ground Pass
7530,Paul Pogba,France,71,70.0,14.0,Incomplete,High Pass
7530,Nabil Fekir,France,71,119.0,1.0,Incomplete,High Pass
7530,Mathew Ryan,Australia,72,6.0,49.0,Complete,Ground Pass
7530,Mark Milligan,Australia,72,19.0,14.0,Complete,Ground Pass
7530,Aziz Eraltay Behich,Australia,72,23.0,3.0,Complete,Ground Pass
7530,Mark Milligan,Australia,72,4.0,2.0,Incomplete,Ground Pass
7530,Corentin Tolisso,France,72,105.0,75.0,Complete,Ground Pass
7530,Nabil Fekir,France,72,103.0,55.0,Complete,Ground Pass
7530,Corentin Tolisso,France,72,103.0,71.0,Complete,Ground Pass
7530,Aziz Eraltay Behich,Australia,72,19.0,13.0,Complete,Ground Pass
7530,Aaron Mooy,Australia,72,54.0,17.0,Incomplete,Ground Pass
7530,Aziz Eraltay Behich,Australia,73,92.0,2.0,Complete,High Pass
7530,Tomi Jurić,Australia,73,109.0,15.0,Incomplete,High Pass
7530,N'Golo Kanté,France,73,15.0,66.0,Complete,High Pass
7530,Benjamin Pavard,France,73,12.0,66.0,Complete,High Pass
7530,Corentin Tolisso,France,73,22.0,68.0,Complete,High Pass
7530,Paul Pogba,France,73,28.0,55.0,Incomplete,Ground Pass
7530,Mathew Leckie,Australia,73,63.0,75.0,Complete,Ground Pass
7530,Josh Risdon,Australia,73,61.0,74.0,Complete,Ground Pass
7530,Mathew Leckie,Australia,73,80.0,78.0,Complete,Ground Pass
7530,Trent Sainsbury,Australia,73,54.0,72.0,Complete,Ground Pass
7530,Mark Milligan,Australia,73,39.0,45.0,Complete,Ground Pass
7530,Aziz Eraltay Behich,Australia,73,44.0,13.0,Complete,Ground Pass
7530,Mathew Ryan,Australia,73,17.0,34.0,Complete,Ground Pass
7530,Trent Sainsbury,Australia,73,20.0,53.0,Complete,Ground Pass
7530,Mile Jedinak,Australia,73,27.0,56.0,Complete,Ground Pass
7530,Josh Risdon,Australia,73,30.0,79.0,Incomplete,High Pass
7530,N'Golo Kanté,France,73,58.0,30.0,Incomplete,High Pass
7530,Aaron Mooy,Australia,74,43.0,41.0,Incomplete,High Pass
7530,Jackson Irvine,Australia,74,66.0,52.0,Complete,Ground Pass
7530,Mathew Leckie,Australia,74,113.0,72.0,Incomplete,Ground Pass
7530,N'Golo Kanté,France,74,15.0,12.0,Complete,Ground Pass
7530,Paul Pogba,France,74,44.0,25.0,Complete,Ground Pass
7530,Nabil Fekir,France,74,95.0,21.0,Incomplete,Ground Pass
7530,Josh Risdon,Australia,74,44.0,73.0,Complete,Ground Pass
7530,Mile Jedinak,Australia,74,37.0,66.0,Complete,Ground Pass
7530,Aaron Mooy,Australia,74,42.0,53.0,Complete,Ground Pass
7530,Mile Jedinak,Australia,74,34.0,65.0,Complete,Ground Pass
7530,Mathew Ryan,Australia,74,14.0,45.0,Complete,Ground Pass
7530,Mark Milligan,Australia,74,23.0,31.0,Complete,Ground Pass
7530,Aziz Eraltay Behich,Australia,74,48.0,3.0,Complete,Ground Pass
7530,Mark Milligan,Australia,74,30.0,17.0,Complete,Ground Pass
7530,Trent Sainsbury,Australia,74,33.0,67.0,Complete,Ground Pass
7530,Josh Risdon,Australia,75,55.0,78.0,Incomplete,Ground Pass
7530,N'Golo Kanté,France,75,52.0,30.0,Complete,Ground Pass
7530,Paul Pogba,France,75,54.0,14.0,Incomplete,Ground Pass
7530,Trent Sainsbury,Australia,75,49.0,67.0,Out,Low Pass
7530,Samuel Yves Umtiti,France,75,49.0,18.0,Complete,Ground Pass
7530,N'Golo Kanté,France,75,58.0,15.0,Complete,Ground Pass
7530,Lucas Hernández Pi,France,75,67.0,2.0,Complete,Ground Pass
7530,N'Golo Kanté,France,75,57.0,5.0,Complete,Ground Pass
7530,Corentin Tolisso,France,75,54.0,22.0,Incomplete,Ground Pass
7530,Aaron Mooy,Australia,76,83.0,48.0,Complete,Ground Pass
7530,Josh Risdon,Australia,76,108.0,64.0,Incomplete,Low Pass
7530,Josh Risdon,Australia,76,105.0,80.0,Complete,Ground Pass
7530,Robbie Kruse,Australia,76,101.0,75.0,Complete,Ground Pass
7530,Josh Risdon,Australia,76,99.0,78.0,Complete,Ground Pass
7530,Aaron Mooy,Australia,76,89.0,72.0,Complete,High Pass
7530,Lucas Hernández Pi,France,77,15.0,1.0,Complete,High Pass
7530,Aaron Mooy,Australia,77,101.0,79.0,Incomplete,Ground Pass
7530,Aaron Mooy,Australia,77,98.0,78.0,Complete,Ground Pass
7530,Josh Risdon,Australia,77,87.0,78.0,Complete,Low Pass
7530,Corentin Tolisso,France,77,24.0,32.0,Complete,High Pass
7530,Mile Jedinak,Australia,77,62.0,59.0,Complete,Ground Pass
7530,Trent Sainsbury,Australia,77,50.0,51.0,Complete,Ground Pass
7530,Mark Milligan,Australia,77,57.0,34.0,Out,High Pass
7530,Paul Pogba,France,77,42.0,32.0,Complete,Ground Pass
7530,Blaise Matuidi,France,77,54.0,26.0,Complete,Ground Pass
7530,Lucas Hernández Pi,France,77,49.0,6.0,Complete,Ground Pass
7530,Samuel Yves Umtiti,France,77,44.0,24.0,Complete,Ground Pass
7530,Paul Pogba,France,78,56.0,46.0,Complete,Ground Pass
7530,Nabil Fekir,France,78,64.0,55.0,Complete,Ground Pass
7530,Benjamin Pavard,France,78,75.0,76.0,Complete,Ground Pass
7530,Raphaël Varane,France,78,55.0,73.0,Complete,Ground Pass
7530,Paul Pogba,France,78,55.0,54.0,Complete,Ground Pass
7530,Raphaël Varane,France,78,62.0,72.0,Incomplete,High Pass
7530,Mark Milligan,Australia,78,20.0,28.0,Complete,High Pass
7530,Aaron Mooy,Australia,78,27.0,25.0,Complete,High Pass
7530,Mathew Leckie,Australia,78,47.0,19.0,Incomplete,High Pass
7530,Raphaël Varane,France,78,63.0,62.0,Complete,High Pass
7530,Benjamin Pavard,France,78,71.0,77.0,Out,High Pass
7530,Aziz Eraltay Behich,Australia,78,49.0,2.0,Incomplete,High Pass
7530,Raphaël Varane,France,78,40.0,71.0,Complete,Ground Pass
7530,Samuel Yves Umtiti,France,78,45.0,45.0,Complete,Ground Pass
7530,Lucas Hernández Pi,France,78,66.0,5.0,Complete,Ground Pass
7530,Blaise Matuidi,France,78,65.0,12.0,Complete,Ground Pass
7530,Kylian Mbappé Lottin,France,79,71.0,13.0,Complete,Ground Pass
7530,Lucas Hernández Pi,France,79,91.0,2.0,Complete,Ground Pass
7530,Blaise Matuidi,France,79,91.0,14.0,Complete,High Pass
7530,Paul Pogba,France,79,79.0,45.0,Complete,Ground Pass
7530,Benjamin Pavard,France,79,92.0,69.0,Incomplete,Ground Pass
7530,Mark Milligan,Australia,79,17.0,13.0,Incomplete,High Pass
7530,Raphaël Varane,France,79,41.0,75.0,Complete,Ground Pass
7530,Samuel Yves Umtiti,France,79,54.0,49.0,Complete,Ground Pass
7530,N'Golo Kanté,France,79,69.0,21.0,Complete,Ground Pass
7530,Lucas Hernández Pi,France,79,84.0,4.0,Complete,Ground Pass
7530,Olivier Giroud,France,79,95.0,27.0,Complete,Ground Pass
7530,Kylian Mbappé Lottin,France,79,101.0,22.0,Incomplete,Ground Pass
7530,Mile Jedinak,Australia,79,17.0,53.0,Incomplete,High Pass
7530,N'Golo Kanté,France,79,71.0,12.0,Complete,Ground Pass
7530,Samuel Yves Umtiti,France,79,65.0,30.0,Complete,Ground Pass
7530,Paul Pogba,France,79,79.0,32.0,Complete,Ground Pass
7530,Kylian Mbappé Lottin,France,79,88.0,31.0,Complete,Ground Pass
7530,Paul Pogba,France,79,84.0,38.0,Complete,Ground Pass
7530,Olivier Giroud,France,79,64.0,29.0,Complete,Ground Pass
7530,Aziz Eraltay Behich,Australia,80,50.0,19.0,Complete,Ground Pass
7530,Aaron Mooy,Australia,81,60.0,25.0,Complete,Ground Pass
7530,Robbie Kruse,Australia,81,64.0,4.0,Complete,Ground Pass
7530,Mark Milligan,Australia,81,37.0,31.0,Complete,Ground Pass
7530,Trent Sainsbury,Australia,81,30.0,63.0,Complete,High Pass
7530,Josh Risdon,Australia,81,59.0,78.0,Complete,Ground Pass
7530,Mile Jedinak,Australia,81,62.0,66.0,Incomplete,Ground Pass
7530,Nabil Fekir,France,81,60.0,22.0,Incomplete,Ground Pass
7530,Trent Sainsbury,Australia,81,46.0,60.0,Complete,Ground Pass
7530,Mathew Leckie,Australia,81,65.0,58.0,Incomplete,Ground Pass
7530,Nabil Fekir,France,81,53.0,28.0,Complete,Ground Pass
7530,N'Golo Kanté,France,81,56.0,25.0,Complete,Ground Pass
7530,Blaise Matuidi,France,81,79.0,7.0,Incomplete,Ground Pass
7530,Kylian Mbappé Lottin,France,81,100.0,3.0,Complete,Ground Pass
7530,N'Golo Kanté,France,81,87.0,3.0,Complete,Ground Pass
7530,Lucas Hernández Pi,France,81,67.0,15.0,Complete,Ground Pass
7530,N'Golo Kanté,France,81,76.0,4.0,Complete,Ground Pass
7530,Kylian Mbappé Lottin,France,81,88.0,2.0,Complete,High Pass
7530,N'Golo Kanté,France,81,68.0,3.0,Complete,Ground Pass
7530,Lucas Hernández Pi,France,81,58.0,7.0,Complete,Ground Pass
7530,Raphaël Varane,France,82,59.0,53.0,Complete,Ground Pass
7530,Samuel Yves Umtiti,France,82,37.0,25.0,Complete,Ground Pass
7530,Lucas Hernández Pi,France,82,50.0,5.0,Complete,Ground Pass
7530,Blaise Matuidi,France,82,66.0,3.0,Complete,Ground Pass
7530,Kylian Mbappé Lottin,France,82,73.0,17.0,Complete,Ground Pass
7530,Blaise Matuidi,France,82,118.0,17.0,Incomplete,High Pass
7530,Mathew Ryan,Australia,82,19.0,50.0,Complete,Ground Pass
7530,Paul Pogba,France,82,73.0,40.0,Complete,Ground Pass
7530,Blaise Matuidi,France,82,87.0,32.0,Complete,Ground Pass
7530,Blaise Matuidi,France,82,98.0,24.0,Incomplete,High Pass
7530,Nabil Fekir,France,83,120.0,80.0,Complete,High Pass
7530,Paul Pogba,France,83,114.0,43.0,Incomplete,High Pass
7530,Mathew Ryan,Australia,84,7.0,48.0,Complete,High Pass
7530,Mathew Leckie,Australia,84,69.0,61.0,Incomplete,High Pass
7530,Raphaël Varane,France,84,46.0,36.0,Incomplete,High Pass
7530,Mile Jedinak,Australia,84,60.0,44.0,Incomplete,Low Pass
7530,Benjamin Pavard,France,84,47.0,47.0,Incomplete,High Pass
7530,Aaron Mooy,Australia,84,57.0,44.0,Incomplete,Low Pass
7530,Mile Jedinak,Australia,84,60.0,38.0,Complete,Ground Pass
7530,Mark Milligan,Australia,84,50.0,32.0,Complete,Ground Pass
7530,Aziz Eraltay Behich,Australia,84,69.0,6.0,Complete,Ground Pass
7530,Daniel Arzani,Australia,84,80.0,15.0,Incomplete,Ground Pass
7530,Raphaël Varane,France,85,53.0,51.0,Complete,Ground Pass
7530,Samuel Yves Umtiti,France,85,44.0,29.0,Complete,Ground Pass
7530,Blaise Matuidi,France,85,54.0,20.0,Complete,Ground Pass
7530,Mathew Leckie,Australia,85,26.0,76.0,Complete,Ground Pass
7530,Jackson Irvine,Australia,85,35.0,75.0,Complete,Ground Pass
7530,Josh Risdon,Australia,85,31.0,78.0,Incomplete,Low Pass
7530,Raphaël Varane,France,85,51.0,42.0,Complete,Ground Pass
7530,Nabil Fekir,France,85,80.0,69.0,Complete,Ground Pass
7530,Benjamin Pavard,France,85,59.0,75.0,Complete,Ground Pass
7530,Raphaël Varane,France,85,48.0,52.0,Complete,Ground Pass
7530,Samuel Yves Umtiti,France,85,53.0,17.0,Complete,Ground Pass
7530,Lucas Hernández Pi,France,85,75.0,4.0,Complete,Ground Pass
7530,Samuel Yves Umtiti,France,85,51.0,13.0,Complete,Ground Pass
7530,N'Golo Kanté,France,85,55.0,27.0,Complete,Ground Pass
7530,Samuel Yves Umtiti,France,85,50.0,14.0,Complete,High Pass
7530,Olivier Giroud,France,85,80.0,14.0,Complete,Ground Pass
7530,Lucas Hernández Pi,France,85,80.0,4.0,Incomplete,Ground Pass
7530,Mathew Ryan,Australia,86,13.0,61.0,Complete,High Pass
7530,Benjamin Pavard,France,87,86.0,80.0,Complete,High Pass
7530,Nabil Fekir,France,87,118.0,68.0,Complete,Ground Pass
7530,Mile Jedinak,Australia,87,18.0,9.0,Incomplete,Low Pass
7530,Raphaël Varane,France,88,54.0,78.0,Complete,Ground Pass
7530,Samuel Yves Umtiti,France,88,50.0,39.0,Complete,Ground Pass
7530,Raphaël Varane,France,88,50.0,65.0,Complete,High Pass
7530,Aziz Eraltay Behich,Australia,88,32.0,2.0,Complete,Low Pass
7530,Mark Milligan,Australia,88,10.0,16.0,Complete,Ground Pass
7530,Mathew Ryan,Australia,88,5.0,36.0,Complete,High Pass
7530,N'Golo Kanté,France,88,76.0,29.0,Complete,Ground Pass
7530,Blaise Matuidi,France,88,85.0,6.0,Complete,Ground Pass
7530,Kylian Mbappé Lottin,France,88,86.0,26.0,Complete,Ground Pass
7530,Blaise Matuidi,France,88,113.0,13.0,Incomplete,Ground Pass
7530,Mathew Ryan,Australia,88,12.0,50.0,Complete,Ground Pass
7530,Josh Risdon,Australia,88,36.0,78.0,Incomplete,High Pass
7530,Lucas Hernández Pi,France,88,55.0,3.0,Incomplete,High Pass
7530,Jackson Irvine,Australia,88,72.0,75.0,Incomplete,Ground Pass
7530,N'Golo Kanté,France,88,88.0,5.0,Complete,Ground Pass
7530,Kylian Mbappé Lottin,France,89,115.0,17.0,Complete,High Pass
7530,Nabil Fekir,France,89,101.0,54.0,Complete,Ground Pass
7530,Daniel Arzani,Australia,89,45.0,34.0,Incomplete,High Pass
7530,Mile Jedinak,Australia,89,77.0,11.0,Complete,Ground Pass
7530,Aaron Mooy,Australia,89,73.0,20.0,Complete,Ground Pass
7530,Mile Jedinak,Australia,89,77.0,8.0,Complete,Ground Pass
7530,Aziz Eraltay Behich,Australia,89,89.0,2.0,Complete,Ground Pass
7530,Mile Jedinak,Australia,89,73.0,12.0,Complete,Ground Pass
7530,Mark Milligan,Australia,89,61.0,26.0,Complete,Ground Pass
7530,Trent Sainsbury,Australia,89,85.0,41.0,Complete,Ground Pass
7530,Tomi Jurić,Australia,89,88.0,57.0,Complete,Ground Pass
7530,Josh Risdon,Australia,89,106.0,61.0,Incomplete,Ground Pass
7530,Aaron Mooy,Australia,89,94.0,67.0,Incomplete,High Pass
7530,Nabil Fekir,France,90,21.0,57.0,Complete,High Pass
7530,Lucas Hernández Pi,France,90,14.0,21.0,Unknown,High Pass
7530,Hugo Lloris,France,90,15.0,22.0,Incomplete,High Pass
7530,Trent Sainsbury,Australia,90,45.0,72.0,Out,High Pass
7530,Lucas Hernández Pi,France,91,79.0,1.0,Incomplete,High Pass
7530,Trent Sainsbury,Australia,91,20.0,77.0,Complete,Low Pass
7530,Aaron Mooy,Australia,91,22.0,71.0,Complete,Ground Pass
7530,Josh Risdon,Australia,91,19.0,79.0,Incomplete,High Pass
7530,Benjamin Pavard,France,91,29.0,78.0,Complete,Ground Pass
7530,Raphaël Varane,France,91,58.0,69.0,Complete,Ground Pass
7530,Nabil Fekir,France,91,82.0,79.0,Complete,Ground Pass
7530,Mark Milligan,Australia,91,25.0,3.0,Incomplete,Ground Pass
7530,Mark Milligan,Australia,91,19.0,12.0,Complete,Ground Pass
7530,Mathew Ryan,Australia,91,2.0,16.0,Out,High Pass
7530,Benjamin Pavard,France,92,102.0,79.0,Complete,High Pass
7530,Nabil Fekir,France,92,113.0,79.0,Complete,Ground Pass
7530,Benjamin Pavard,France,92,104.0,79.0,Out,Ground Pass
7530,Aziz Eraltay Behich,Australia,92,17.0,2.0,Complete,Low Pass
7530,Mark Milligan,Australia,92,6.0,24.0,Complete,High Pass
7530,Josh Risdon,Australia,92,52.0,74.0,Complete,Ground Pass
7530,Mathew Leckie,Australia,92,77.0,79.0,Complete,Ground Pass
7530,Aaron Mooy,Australia,92,78.0,68.0,Complete,Ground Pass
7530,Josh Risdon,Australia,92,87.0,79.0,Complete,Ground Pass
7530,Mathew Leckie,Australia,92,75.0,75.0,Complete,Low Pass
7530,Mark Milligan,Australia,92,59.0,32.0,Complete,Ground Pass
7530,Aziz Eraltay Behich,Australia,92,69.0,3.0,Complete,Ground Pass
7530,Mark Milligan,Australia,92,57.0,27.0,Complete,Ground Pass
7530,Aaron Mooy,Australia,92,67.0,37.0,Complete,Ground Pass
7530,Mark Milligan,Australia,92,56.0,28.0,Complete,High Pass
7530,Josh Risdon,Australia,92,93.0,78.0,Incomplete,High Pass
7530,N'Golo Kanté,France,92,29.0,6.0,Incomplete,High Pass
7530,Trent Sainsbury,Australia,93,36.0,73.0,Complete,Ground Pass
7530,Mark Milligan,Australia,93,39.0,43.0,Complete,Ground Pass
7530,Trent Sainsbury,Australia,93,60.0,73.0,Complete,Ground Pass
7530,Josh Risdon,Australia,93,104.0,60.0,Incomplete,High Pass
7530,Aaron Mooy,Australia,93,97.0,62.0,Incomplete,High Pass
7530,Aziz Eraltay Behich,Australia,93,113.0,2.0,Incomplete,High Pass
7530,Daniel Arzani,Australia,93,99.0,33.0,Complete,Ground Pass
7530,Kylian Mbappé Lottin,France,93,31.0,34.0,Complete,Ground Pass
7530,Paul Pogba,France,94,27.0,40.0,Complete,Low Pass
7530,Lucas Hernández Pi,France,94,44.0,9.0,Incomplete,Ground Pass
7530,Lucas Hernández Pi,France,94,46.0,1.0,Complete,High Pass
7530,Nabil Fekir,France,94,54.0,4.0,Incomplete,Ground Pass
7530,Jackson Irvine,Australia,94,68.0,60.0,Complete,Ground Pass
7530,Mathew Leckie,Australia,94,72.0,67.0,Complete,Ground Pass
7530,Trent Sainsbury,Australia,94,70.0,78.0,Complete,Ground Pass
7530,Mark Milligan,Australia,94,60.0,64.0,Complete,Ground Pass
7530,Mile Jedinak,Australia,94,63.0,51.0,Complete,Ground Pass
7530,Aziz Eraltay Behich,Australia,94,76.0,18.0,Complete,Ground Pass
7530,Daniel Arzani,Australia,94,89.0,24.0,Complete,Ground Pass
7530,Mathew Leckie,Australia,94,95.0,26.0,Incomplete,Ground Pass
7530,Raphaël Varane,France,95,57.0,62.0,Unknown,High Pass
7546,Antoine Griezmann,France,0,60.0,41.0,Complete,Ground Pass
7546,Raphaël Varane,France,0,26.0,38.0,Complete,High Pass
7546,Olivier Giroud,France,0,85.0,56.0,Incomplete,Low Pass
7546,Víctor Yoshimar Yotún Flores,Peru,0,35.0,29.0,Out,High Pass
7546,Benjamin Pavard,France,0,56.0,80.0,Complete,Low Pass
7546,Raphaël Varane,France,0,32.0,67.0,Complete,Ground Pass
7546,Samuel Yves Umtiti,France,0,35.0,24.0,Complete,Ground Pass
7546,Raphaël Varane,France,0,45.0,62.0,Complete,Ground Pass
7546,Antoine Griezmann,France,0,70.0,77.0,Complete,Ground Pass
7546,Benjamin Pavard,France,0,49.0,74.0,Complete,Ground Pass
7546,N'Golo Kanté,France,0,54.0,61.0,Complete,Ground Pass
7546,Raphaël Varane,France,0,85.0,61.0,Incomplete,High Pass
7546,Alberto Junior Rodríguez Valdelomar,Peru,0,39.0,23.0,Complete,High Pass
7546,Víctor Yoshimar Yotún Flores,Peru,0,50.0,21.0,Complete,Ground Pass
7546,Pedro Jesús Aquino Sánchez,Peru,0,42.0,35.0,Complete,Ground Pass
7546,Luis Jan Piers Advíncula Castrillón,Peru,0,22.0,70.0,Complete,High Pass
7546,José Paolo Guerrero Gonzáles,Peru,0,68.0,50.0,Complete,High Pass
7546,Christian Alberto Cueva Bravo,Peru,0,60.0,52.0,Incomplete,High Pass
7546,Kylian Mbappé Lottin,France,0,76.0,70.0,Incomplete,Ground Pass
7546,Miguel Ángel Trauco Saavedra,Peru,0,51.0,8.0,Complete,Ground Pass
7546,José Paolo Guerrero Gonzáles,Peru,0,75.0,33.0,Complete,Ground Pass
7546,Luis Jan Piers Advíncula Castrillón,Peru,1,100.0,80.0,Complete,High Pass
7546,Pedro Jesús Aquino Sánchez,Peru,1,92.0,70.0,Complete,Ground Pass
7546,Luis Jan Piers Advíncula Castrillón,Peru,1,98.0,79.0,Complete,Ground Pass
7546,José Paolo Guerrero Gonzáles,Peru,1,100.0,69.0,Incomplete,Ground Pass
7546,Paul Pogba,France,1,16.0,9.0,Incomplete,High Pass
7546,Christian Alberto Cueva Bravo,Peru,1,89.0,45.0,Complete,High Pass
7546,José Paolo Guerrero Gonzáles,Peru,1,100.0,50.0,Complete,Low Pass
7546,Kylian Mbappé Lottin,France,1,29.0,45.0,Incomplete,Low Pass
7546,José Paolo Guerrero Gonzáles,Peru,1,97.0,41.0,Incomplete,High Pass
7546,Antoine Griezmann,France,1,32.0,37.0,Incomplete,Ground Pass
7546,Christian Guillermo Martín Ramos Garagay,Peru,1,76.0,46.0,Complete,Ground Pass
7546,Christian Alberto Cueva Bravo,Peru,1,73.0,61.0,Complete,Ground Pass
7546,Luis Jan Piers Advíncula Castrillón,Peru,1,67.0,75.0,Complete,Ground Pass
7546,André Martín Carrillo Díaz,Peru,1,120.0,74.0,Incomplete,Ground Pass
7546,N'Golo Kanté,France,1,10.0,22.0,Complete,Ground Pass
7546,Luis Jan Piers Advíncula Castrillón,Peru,1,89.0,73.0,Complete,Ground Pass
7546,Édison Michael Flores Peralta,Peru,2,90.0,65.0,Complete,Ground Pass
7546,Christian Alberto Cueva Bravo,Peru,2,76.0,74.0,Complete,Ground Pass
7546,Christian Guillermo Martín Ramos Garagay,Peru,2,76.0,68.0,Incomplete,High Pass
7546,Miguel Ángel Trauco Saavedra,Peru,2,88.0,1.0,Incomplete,High Pass
7546,Benjamin Pavard,France,2,10.0,70.0,Complete,Low Pass
7546,Benjamin Pavard,France,3,24.0,77.0,Complete,Ground Pass
7546,N'Golo Kanté,France,3,47.0,61.0,Complete,Ground Pass
7546,Benjamin Pavard,France,3,50.0,77.0,Complete,Ground Pass
7546,Kylian Mbappé Lottin,France,3,65.0,76.0,Complete,Ground Pass
7546,Benjamin Pavard,France,3,51.0,72.0,Complete,Ground Pass
7546,N'Golo Kanté,France,3,51.0,60.0,Out,Low Pass
7546,Luis Jan Piers Advíncula Castrillón,Peru,3,36.0,80.0,Complete,High Pass
7546,José Paolo Guerrero Gonzáles,Peru,3,64.0,77.0,Incomplete,High Pass
7546,Raphaël Varane,France,3,46.0,14.0,Incomplete,High Pass
7546,Pedro Jesús Aquino Sánchez,Peru,4,54.0,67.0,Complete,High Pass
7546,Víctor Yoshimar Yotún Flores,Peru,4,57.0,64.0,Complete,Ground Pass
7546,Pedro Jesús Aquino Sánchez,Peru,4,48.0,78.0,Incomplete,High Pass
7546,Lucas Hernández Pi,France,4,52.0,4.0,Out,Low Pass
7546,Luis Jan Piers Advíncula Castrillón,Peru,4,47.0,80.0,Complete,High Pass
7546,José Paolo Guerrero Gonzáles,Peru,4,69.0,75.0,Complete,Low Pass
7546,Édison Michael Flores Peralta,Peru,4,65.0,46.0,Complete,Ground Pass
7546,Miguel Ángel Trauco Saavedra,Peru,4,62.0,23.0,Complete,Ground Pass
7546,Édison Michael Flores Peralta,Peru,4,76.0,15.0,Complete,Ground Pass
7546,Miguel Ángel Trauco Saavedra,Peru,4,85.0,3.0,Incomplete,Ground Pass
7546,N'Golo Kanté,France,4,37.0,59.0,Complete,Ground Pass
7546,Antoine Griezmann,France,4,44.0,77.0,Complete,Ground Pass
7546,Kylian Mbappé Lottin,France,4,49.0,77.0,Incomplete,Ground Pass
7546,Benjamin Pavard,France,4,48.0,79.0,Complete,Low Pass
7546,Raphaël Varane,France,5,31.0,61.0,Complete,Ground Pass
7546,Samuel Yves Umtiti,France,5,29.0,14.0,Complete,Ground Pass
7546,Lucas Hernández Pi,France,5,54.0,3.0,Incomplete,High Pass
7546,Alberto Junior Rodríguez Valdelomar,Peru,5,25.0,51.0,Complete,Ground Pass
7546,Pedro Jesús Aquino Sánchez,Peru,5,30.0,51.0,Complete,Ground Pass
7546,Miguel Ángel Trauco Saavedra,Peru,5,38.0,19.0,Complete,Ground Pass
7546,Pedro Jesús Aquino Sánchez,Peru,5,36.0,42.0,Complete,Ground Pass
7546,Luis Jan Piers Advíncula Castrillón,Peru,5,42.0,75.0,Complete,High Pass
7546,Christian Alberto Cueva Bravo,Peru,5,67.0,69.0,Complete,Ground Pass
7546,André Martín Carrillo Díaz,Peru,5,68.0,66.0,Complete,Ground Pass
7546,Raphaël Varane,France,5,52.0,28.0,Complete,Ground Pass
7546,Paul Pogba,France,5,52.0,20.0,Incomplete,Low Pass
7546,Miguel Ángel Trauco Saavedra,Peru,5,45.0,29.0,Complete,High Pass
7546,Pedro Jesús Aquino Sánchez,Peru,5,56.0,48.0,Complete,Ground Pass
7546,Hugo Lloris,France,5,7.0,46.0,Complete,Ground Pass
7546,Raphaël Varane,France,6,23.0,65.0,Complete,Ground Pass
7546,Benjamin Pavard,France,6,35.0,73.0,Complete,Ground Pass
7546,N'Golo Kanté,France,6,45.0,56.0,Complete,Ground Pass
7546,Raphaël Varane,France,6,44.0,57.0,Complete,Ground Pass
7546,Benjamin Pavard,France,6,55.0,76.0,Complete,Ground Pass
7546,Kylian Mbappé Lottin,France,6,69.0,77.0,Complete,Ground Pass
7546,Benjamin Pavard,France,6,45.0,72.0,Complete,Ground Pass
7546,Raphaël Varane,France,6,34.0,64.0,Complete,High Pass
7546,Lucas Hernández Pi,France,6,65.0,3.0,Complete,Ground Pass
7546,Luis Jan Piers Advíncula Castrillón,Peru,6,35.0,75.0,Complete,Ground Pass
7546,Christian Guillermo Martín Ramos Garagay,Peru,6,23.0,61.0,Incomplete,High Pass
7546,Paul Pogba,France,6,66.0,22.0,Incomplete,Low Pass
7546,Pedro Jesús Aquino Sánchez,Peru,6,39.0,64.0,Complete,Low Pass
7546,Christian Alberto Cueva Bravo,Peru,6,53.0,58.0,Complete,Ground Pass
7546,Pedro Jesús Aquino Sánchez,Peru,6,53.0,71.0,Complete,Ground Pass
7546,André Martín Carrillo Díaz,Peru,6,47.0,77.0,Complete,Ground Pass
7546,Luis Jan Piers Advíncula Castrillón,Peru,6,38.0,76.0,Complete,Ground Pass
7546,Pedro Jesús Aquino Sánchez,Peru,6,36.0,68.0,Complete,Ground Pass
7546,Alberto Junior Rodríguez Valdelomar,Peru,6,27.0,28.0,Complete,Ground Pass
7546,Miguel Ángel Trauco Saavedra,Peru,6,35.0,3.0,Complete,High Pass
7546,Benjamin Pavard,France,7,32.0,80.0,Complete,Low Pass
7546,Pedro Jesús Aquino Sánchez,Peru,7,69.0,13.0,Complete,Ground Pass
7546,Christian Alberto Cueva Bravo,Peru,7,90.0,25.0,Complete,Ground Pass
7546,Paul Pogba,France,7,36.0,51.0,Complete,Ground Pass
7546,Blaise Matuidi,France,7,42.0,19.0,Incomplete,Ground Pass
7546,Christian Guillermo Martín Ramos Garagay,Peru,7,27.0,78.0,Complete,Ground Pass
7546,Blaise Matuidi,France,7,82.0,3.0,Complete,Ground Pass
7546,Paul Pogba,France,7,72.0,4.0,Complete,Ground Pass
7546,Lucas Hernández Pi,France,7,49.0,4.0,Complete,Ground Pass
7546,Samuel Yves Umtiti,France,7,38.0,21.0,Complete,Ground Pass
7546,Raphaël Varane,France,7,57.0,55.0,Complete,Ground Pass
7546,Benjamin Pavard,France,7,82.0,67.0,Complete,Ground Pass
7546,N'Golo Kanté,France,7,74.0,63.0,Complete,Ground Pass
7546,Benjamin Pavard,France,7,77.0,75.0,Complete,Ground Pass
7546,N'Golo Kanté,France,7,66.0,63.0,Complete,Ground Pass
7546,Raphaël Varane,France,7,54.0,70.0,Complete,High Pass
7546,Olivier Giroud,France,7,90.0,45.0,Complete,Low Pass
7546,Blaise Matuidi,France,7,87.0,40.0,Complete,Low Pass
7546,Kylian Mbappé Lottin,France,7,91.0,58.0,Complete,Ground Pass
7546,N'Golo Kanté,France,7,88.0,57.0,Complete,Ground Pass
7546,Benjamin Pavard,France,7,98.0,74.0,Complete,Ground Pass
7546,Kylian Mbappé Lottin,France,7,94.0,58.0,Incomplete,Ground Pass
7546,Benjamin Pavard,France,8,105.0,59.0,Complete,High Pass
7546,Pedro Jesús Aquino Sánchez,Peru,8,21.0,31.0,Complete,High Pass
7546,Christian Guillermo Martín Ramos Garagay,Peru,8,54.0,10.0,Complete,High Pass
7546,André Martín Carrillo Díaz,Peru,8,118.0,66.0,Complete,High Pass
7546,Christian Alberto Cueva Bravo,Peru,8,101.0,5.0,Complete,Ground Pass
7546,Víctor Yoshimar Yotún Flores,Peru,8,89.0,9.0,Complete,Ground Pass
7546,Christian Alberto Cueva Bravo,Peru,8,93.0,2.0,Complete,Ground Pass
7546,Alberto Junior Rodríguez Valdelomar,Peru,8,82.0,19.0,Incomplete,High Pass
7546,Hugo Lloris,France,9,16.0,50.0,Complete,Ground Pass
7546,Paul Pogba,France,9,76.0,23.0,Complete,Ground Pass
7546,N'Golo Kanté,France,9,68.0,38.0,Complete,Ground Pass
7546,Benjamin Pavard,France,9,74.0,67.0,Complete,Ground Pass
7546,Kylian Mbappé Lottin,France,9,86.0,74.0,Complete,Ground Pass
7546,Benjamin Pavard,France,9,77.0,72.0,Complete,Ground Pass
7546,Kylian Mbappé Lottin,France,9,89.0,78.0,Complete,Low Pass
7546,Benjamin Pavard,France,9,92.0,69.0,Out,Ground Pass
7546,Miguel Ángel Trauco Saavedra,Peru,9,23.0,1.0,Incomplete,High Pass
7546,Paul Pogba,France,9,74.0,66.0,Complete,High Pass
7546,Antoine Griezmann,France,9,88.0,60.0,Complete,Low Pass
7546,Pedro David Gallese Quiróz,Peru,10,6.0,39.0,Incomplete,High Pass
7546,Paul Pogba,France,10,52.0,38.0,Incomplete,Low Pass
7546,Víctor Yoshimar Yotún Flores,Peru,10,58.0,34.0,Complete,High Pass
7546,Christian Guillermo Martín Ramos Garagay,Peru,10,38.0,39.0,Complete,Ground Pass
7546,Alberto Junior Rodríguez Valdelomar,Peru,10,39.0,25.0,Complete,Ground Pass
7546,N'Golo Kanté,France,11,100.0,75.0,Complete,Ground Pass
7546,Pedro David Gallese Quiróz,Peru,11,6.0,41.0,Incomplete,High Pass
7546,Paul Pogba,France,11,46.0,18.0,Incomplete,High Pass
7546,Luis Jan Piers Advíncula Castrillón,Peru,11,65.0,76.0,Complete,High Pass
7546,André Martín Carrillo Díaz,Peru,11,73.0,74.0,Incomplete,High Pass
7546,Samuel Yves Umtiti,France,11,24.0,3.0,Complete,Ground Pass
7546,Antoine Griezmann,France,11,30.0,3.0,Complete,Ground Pass
7546,Paul Pogba,France,11,32.0,14.0,Complete,Low Pass
7546,Benjamin Pavard,France,11,29.0,55.0,Complete,Ground Pass
7546,Kylian Mbappé Lottin,France,12,62.0,75.0,Complete,Ground Pass
7546,N'Golo Kanté,France,12,61.0,61.0,Complete,Ground Pass
7546,Kylian Mbappé Lottin,France,12,68.0,72.0,Complete,Ground Pass
7546,Paul Pogba,France,12,66.0,42.0,Complete,Ground Pass
7546,Blaise Matuidi,France,12,81.0,21.0,Incomplete,Ground Pass
7546,Antoine Griezmann,France,13,120.0,1.0,Incomplete,High Pass
7546,Kylian Mbappé Lottin,France,13,120.0,2.0,Complete,High Pass
7546,Pedro David Gallese Quiróz,Peru,14,6.0,37.0,Complete,High Pass
7546,José Paolo Guerrero Gonzáles,Peru,14,73.0,31.0,Incomplete,High Pass
7546,Raphaël Varane,France,14,34.0,47.0,Complete,Low Pass
7546,Raphaël Varane,France,14,56.0,44.0,Complete,Ground Pass
7546,N'Golo Kanté,France,14,65.0,60.0,Complete,Ground Pass
7546,Kylian Mbappé Lottin,France,14,96.0,60.0,Complete,Ground Pass
7546,Olivier Giroud,France,14,106.0,58.0,Incomplete,Ground Pass
7546,Luis Jan Piers Advíncula Castrillón,Peru,14,14.0,37.0,Incomplete,High Pass
7546,Raphaël Varane,France,15,49.0,74.0,Complete,Ground Pass
7546,Samuel Yves Umtiti,France,15,39.0,41.0,Complete,Ground Pass
7546,Paul Pogba,France,15,60.0,24.0,Complete,Ground Pass
7546,Blaise Matuidi,France,15,65.0,31.0,Complete,Ground Pass
7546,Paul Pogba,France,15,58.0,23.0,Complete,Ground Pass
7546,Raphaël Varane,France,15,65.0,57.0,Complete,High Pass
7546,Olivier Giroud,France,15,106.0,52.0,Complete,Low Pass
7546,Pedro Jesús Aquino Sánchez,Peru,15,24.0,49.0,Complete,Ground Pass
7546,Christian Alberto Cueva Bravo,Peru,15,37.0,46.0,Complete,Ground Pass
7546,André Martín Carrillo Díaz,Peru,15,28.0,65.0,Complete,Ground Pass
7546,Víctor Yoshimar Yotún Flores,Peru,16,56.0,38.0,Complete,Ground Pass
7546,Miguel Ángel Trauco Saavedra,Peru,16,58.0,13.0,Complete,Ground Pass
7546,Alberto Junior Rodríguez Valdelomar,Peru,16,43.0,36.0,Complete,Ground Pass
7546,Christian Guillermo Martín Ramos Garagay,Peru,16,66.0,70.0,Complete,Ground Pass
7546,Luis Jan Piers Advíncula Castrillón,Peru,16,89.0,78.0,Complete,Ground Pass
7546,André Martín Carrillo Díaz,Peru,16,86.0,68.0,Complete,Ground Pass
7546,Pedro Jesús Aquino Sánchez,Peru,16,54.0,51.0,Complete,Ground Pass
7546,Christian Guillermo Martín Ramos Garagay,Peru,16,68.0,69.0,Incomplete,High Pass
7546,Hugo Lloris,France,16,13.0,52.0,Complete,Ground Pass
7546,Raphaël Varane,France,16,38.0,53.0,Complete,Ground Pass
7546,Benjamin Pavard,France,16,40.0,74.0,Complete,Ground Pass
7546,Paul Pogba,France,17,40.0,55.0,Complete,Ground Pass
7546,Raphaël Varane,France,17,29.0,67.0,Complete,Ground Pass
7546,Hugo Lloris,France,17,12.0,42.0,Incomplete,High Pass
7546,Christian Guillermo Martín Ramos Garagay,Peru,17,43.0,44.0,Complete,High Pass
7546,Miguel Ángel Trauco Saavedra,Peru,17,34.0,32.0,Out,High Pass
7546,Benjamin Pavard,France,17,57.0,80.0,Complete,Low Pass
7546,Raphaël Varane,France,17,57.0,69.0,Complete,High Pass
7546,Antoine Griezmann,France,17,119.0,61.0,Incomplete,Low Pass
7546,Pedro David Gallese Quiróz,Peru,17,17.0,29.0,Incomplete,High Pass
7546,Raphaël Varane,France,17,40.0,51.0,Incomplete,Low Pass
7546,André Martín Carrillo Díaz,Peru,17,69.0,36.0,Complete,Ground Pass
7546,Víctor Yoshimar Yotún Flores,Peru,17,64.0,34.0,Complete,Ground Pass
7546,Christian Guillermo Martín Ramos Garagay,Peru,18,54.0,46.0,Complete,Ground Pass
7546,Alberto Junior Rodríguez Valdelomar,Peru,18,53.0,27.0,Complete,Ground Pass
7546,André Martín Carrillo Díaz,Peru,18,65.0,9.0,Complete,Ground Pass
7546,Christian Alberto Cueva Bravo,Peru,18,65.0,20.0,Complete,Ground Pass
7546,Miguel Ángel Trauco Saavedra,Peru,18,53.0,5.0,Complete,Ground Pass
7546,Christian Alberto Cueva Bravo,Peru,18,65.0,9.0,Complete,Ground Pass
7546,Miguel Ángel Trauco Saavedra,Peru,18,56.0,7.0,Complete,Ground Pass
7546,Christian Alberto Cueva Bravo,Peru,18,64.0,4.0,Complete,Ground Pass
7546,Alberto Junior Rodríguez Valdelomar,Peru,18,53.0,31.0,Complete,Ground Pass
7546,Víctor Yoshimar Yotún Flores,Peru,18,64.0,7.0,Complete,Ground Pass
7546,André Martín Carrillo Díaz,Peru,18,95.0,7.0,Complete,Ground Pass
7546,Miguel Ángel Trauco Saavedra,Peru,18,110.0,2.0,Unknown,Low Pass
7546,Víctor Yoshimar Yotún Flores,Peru,19,112.0,5.0,Unknown,High Pass
7546,Samuel Yves Umtiti,France,19,29.0,13.0,Complete,Ground Pass
7546,N'Golo Kanté,France,19,56.0,48.0,Complete,Ground Pass
7546,Kylian Mbappé Lottin,France,19,74.0,60.0,Complete,Ground Pass
7546,Benjamin Pavard,France,19,82.0,76.0,Complete,Ground Pass
7546,N'Golo Kanté,France,19,60.0,63.0,Complete,Ground Pass
7546,Christian Alberto Cueva Bravo,Peru,19,57.0,17.0,Complete,Ground Pass
7546,Miguel Ángel Trauco Saavedra,Peru,20,58.0,1.0,Complete,High Pass
7546,José Paolo Guerrero Gonzáles,Peru,20,82.0,6.0,Complete,High Pass
7546,Christian Alberto Cueva Bravo,Peru,20,89.0,11.0,Incomplete,Ground Pass
7546,Benjamin Pavard,France,20,31.0,80.0,Complete,Low Pass
7546,Paul Pogba,France,20,35.0,66.0,Incomplete,Low Pass
7546,Christian Alberto Cueva Bravo,Peru,20,78.0,17.0,Complete,Ground Pass
7546,Víctor Yoshimar Yotún Flores,Peru,20,71.0,14.0,Complete,Ground Pass
7546,Pedro Jesús Aquino Sánchez,Peru,20,77.0,25.0,Complete,Ground Pass
7546,Luis Jan Piers Advíncula Castrillón,Peru,20,83.0,58.0,Complete,Ground Pass
7546,Édison Michael Flores Peralta,Peru,20,119.0,68.0,Complete,High Pass
7546,Raphaël Varane,France,20,6.0,27.0,Incomplete,High Pass
7546,Pedro Jesús Aquino Sánchez,Peru,20,73.0,68.0,Complete,Ground Pass
7546,Alberto Junior Rodríguez Valdelomar,Peru,20,67.0,31.0,Complete,Ground Pass
7546,Pedro Jesús Aquino Sánchez,Peru,21,67.0,52.0,Complete,Ground Pass
7546,Luis Jan Piers Advíncula Castrillón,Peru,21,75.0,75.0,Complete,Ground Pass
7546,Pedro Jesús Aquino Sánchez,Peru,21,67.0,68.0,Complete,Ground Pass
7546,Luis Jan Piers Advíncula Castrillón,Peru,21,67.0,78.0,Complete,Ground Pass
7546,Christian Guillermo Martín Ramos Garagay,Peru,21,42.0,65.0,Complete,Ground Pass
7546,Alberto Junior Rodríguez Valdelomar,Peru,21,41.0,30.0,Complete,Ground Pass
7546,Víctor Yoshimar Yotún Flores,Peru,21,53.0,4.0,Complete,Ground Pass
7546,Christian Alberto Cueva Bravo,Peru,21,64.0,2.0,Complete,Ground Pass
7546,Víctor Yoshimar Yotún Flores,Peru,21,51.0,6.0,Complete,Ground Pass
7546,Alberto Junior Rodríguez Valdelomar,Peru,21,39.0,33.0,Complete,Ground Pass
7546,Christian Guillermo Martín Ramos Garagay,Peru,21,42.0,66.0,Complete,Ground Pass
7546,Luis Jan Piers Advíncula Castrillón,Peru,21,53.0,79.0,Complete,Ground Pass
7546,Édison Michael Flores Peralta,Peru,21,54.0,75.0,Complete,Ground Pass
7546,Christian Guillermo Martín Ramos Garagay,Peru,22,66.0,64.0,Complete,High Pass
7546,Luis Jan Piers Advíncula Castrillón,Peru,22,110.0,76.0,Incomplete,Low Pass
7546,Christian Alberto Cueva Bravo,Peru,23,120.0,80.0,Incomplete,High Pass
7546,Kylian Mbappé Lottin,France,23,31.0,47.0,Incomplete,Low Pass
7546,Luis Jan Piers Advíncula Castrillón,Peru,23,87.0,29.0,Complete,Low Pass
7546,Hugo Lloris,France,23,6.0,37.0,Complete,Ground Pass
7546,Samuel Yves Umtiti,France,23,46.0,11.0,Complete,Ground Pass
7546,Lucas Hernández Pi,France,23,54.0,4.0,Complete,Ground Pass
7546,Samuel Yves Umtiti,France,24,45.0,6.0,Incomplete,High Pass
7546,Christian Guillermo Martín Ramos Garagay,Peru,24,29.0,69.0,Complete,High Pass
7546,Christian Guillermo Martín Ramos Garagay,Peru,24,37.0,74.0,Complete,High Pass
7546,José Paolo Guerrero Gonzáles,Peru,24,84.0,29.0,Complete,High Pass
7546,Christian Alberto Cueva Bravo,Peru,24,96.0,48.0,Complete,Low Pass
7546,Édison Michael Flores Peralta,Peru,24,91.0,61.0,Incomplete,High Pass
7546,Blaise Matuidi,France,24,25.0,17.0,Unknown,High Pass
7546,Samuel Yves Umtiti,France,25,30.0,19.0,Complete,Ground Pass
7546,N'Golo Kanté,France,25,50.0,53.0,Complete,Ground Pass
7546,Benjamin Pavard,France,25,67.0,77.0,Incomplete,Ground Pass
7546,Pedro Jesús Aquino Sánchez,Peru,25,42.0,19.0,Complete,Ground Pass
7546,Édison Michael Flores Peralta,Peru,25,48.0,12.0,Complete,Ground Pass
7546,Miguel Ángel Trauco Saavedra,Peru,25,32.0,4.0,Complete,Ground Pass
7546,Édison Michael Flores Peralta,Peru,25,41.0,7.0,Complete,Ground Pass
7546,Miguel Ángel Trauco Saavedra,Peru,25,42.0,3.0,Complete,High Pass
7546,José Paolo Guerrero Gonzáles,Peru,25,63.0,23.0,Complete,High Pass
7546,Benjamin Pavard,France,25,45.0,79.0,Complete,Low Pass
7546,Raphaël Varane,France,25,23.0,67.0,Complete,Ground Pass
7546,Paul Pogba,France,25,52.0,61.0,Complete,Low Pass
7546,Kylian Mbappé Lottin,France,25,71.0,78.0,Complete,Ground Pass
7546,Benjamin Pavard,France,25,54.0,76.0,Complete,Ground Pass
7546,Paul Pogba,France,25,57.0,69.0,Complete,Ground Pass
7546,N'Golo Kanté,France,25,76.0,78.0,Complete,Ground Pass
7546,Pedro Jesús Aquino Sánchez,Peru,26,64.0,36.0,Complete,Ground Pass
7546,André Martín Carrillo Díaz,Peru,26,65.0,17.0,Complete,Ground Pass
7546,Miguel Ángel Trauco Saavedra,Peru,26,57.0,2.0,Complete,Low Pass
7546,Alberto Junior Rodríguez Valdelomar,Peru,26,36.0,18.0,Complete,Ground Pass
7546,Christian Guillermo Martín Ramos Garagay,Peru,26,37.0,61.0,Complete,Ground Pass
7546,Luis Jan Piers Advíncula Castrillón,Peru,26,49.0,76.0,Complete,Ground Pass
7546,Christian Guillermo Martín Ramos Garagay,Peru,26,36.0,61.0,Complete,Ground Pass
7546,Alberto Junior Rodríguez Valdelomar,Peru,26,35.0,26.0,Complete,Ground Pass
7546,Miguel Ángel Trauco Saavedra,Peru,26,40.0,4.0,Incomplete,High Pass
7546,Paul Pogba,France,26,45.0,33.0,Complete,High Pass
7546,Lucas Hernández Pi,France,26,73.0,5.0,Complete,Ground Pass
7546,Samuel Yves Umtiti,France,26,56.0,5.0,Complete,Ground Pass
7546,Paul Pogba,France,26,72.0,23.0,Complete,Ground Pass
7546,N'Golo Kanté,France,26,58.0,42.0,Complete,Ground Pass
7546,Benjamin Pavard,France,26,72.0,75.0,Incomplete,Low Pass
7546,Víctor Yoshimar Yotún Flores,Peru,27,44.0,24.0,Complete,Ground Pass
7546,Christian Alberto Cueva Bravo,Peru,27,63.0,15.0,Complete,Ground Pass
7546,Víctor Yoshimar Yotún Flores,Peru,27,58.0,18.0,Complete,High Pass
7546,Luis Jan Piers Advíncula Castrillón,Peru,27,79.0,75.0,Complete,Ground Pass
7546,Luis Jan Piers Advíncula Castrillón,Peru,27,108.0,80.0,Complete,High Pass
7546,Édison Michael Flores Peralta,Peru,27,112.0,68.0,Complete,Low Pass
7546,Luis Jan Piers Advíncula Castrillón,Peru,27,107.0,79.0,Complete,Ground Pass
7546,Édison Michael Flores Peralta,Peru,27,101.0,73.0,Complete,Ground Pass
7546,Pedro Jesús Aquino Sánchez,Peru,27,89.0,78.0,Complete,Ground Pass
7546,Christian Guillermo Martín Ramos Garagay,Peru,27,62.0,52.0,Complete,Ground Pass
7546,Alberto Junior Rodríguez Valdelomar,Peru,27,69.0,27.0,Complete,Ground Pass
7546,Miguel Ángel Trauco Saavedra,Peru,27,88.0,10.0,Complete,Ground Pass
7546,Víctor Yoshimar Yotún Flores,Peru,28,86.0,20.0,Out,High Pass
7546,Lucas Hernández Pi,France,28,23.0,2.0,Complete,High Pass
7546,Paul Pogba,France,28,35.0,3.0,Incomplete,High Pass
7546,Luis Jan Piers Advíncula Castrillón,Peru,28,81.0,77.0,Complete,Low Pass
7546,Christian Alberto Cueva Bravo,Peru,28,95.0,68.0,Incomplete,High Pass
7546,Samuel Yves Umtiti,France,28,22.0,18.0,Complete,Low Pass
7546,Antoine Griezmann,France,28,33.0,18.0,Complete,Ground Pass
7546,N'Golo Kanté,France,28,40.0,19.0,Complete,High Pass
7546,Benjamin Pavard,France,28,58.0,77.0,Complete,Ground Pass
7546,Kylian Mbappé Lottin,France,28,74.0,72.0,Complete,Ground Pass
7546,N'Golo Kanté,France,28,72.0,67.0,Complete,Ground Pass
7546,Benjamin Pavard,France,28,76.0,78.0,Incomplete,Ground Pass
7546,Benjamin Pavard,France,29,77.0,79.0,Complete,Low Pass
7546,Pedro Jesús Aquino Sánchez,Peru,29,29.0,16.0,Incomplete,Low Pass
7546,Pedro Jesús Aquino Sánchez,Peru,29,30.0,15.0,Complete,Ground Pass
7546,Miguel Ángel Trauco Saavedra,Peru,29,26.0,5.0,Injury Clearance,Ground Pass
7546,Benjamin Pavard,France,29,87.0,79.0,Complete,Low Pass
7546,Olivier Giroud,France,29,108.0,74.0,Injury Clearance,Ground Pass
7546,Miguel Ángel Trauco Saavedra,Peru,29,20.0,2.0,Complete,Low Pass
7546,Édison Michael Flores Peralta,Peru,29,39.0,3.0,Incomplete,High Pass
7546,Miguel Ángel Trauco Saavedra,Peru,30,58.0,1.0,Incomplete,High Pass
7546,Christian Alberto Cueva Bravo,Peru,30,89.0,2.0,Complete,Ground Pass
7546,Édison Michael Flores Peralta,Peru,30,95.0,13.0,Complete,Ground Pass
7546,Christian Alberto Cueva Bravo,Peru,30,107.0,14.0,Complete,Ground Pass
7546,Antoine Griezmann,France,30,26.0,41.0,Complete,Ground Pass
7546,Paul Pogba,France,30,37.0,41.0,Complete,Ground Pass
7546,Blaise Matuidi,France,30,41.0,12.0,Complete,Ground Pass
7546,Antoine Griezmann,France,30,73.0,5.0,Complete,Ground Pass
7546,Blaise Matuidi,France,30,57.0,5.0,Complete,Ground Pass
7546,Paul Pogba,France,30,66.0,12.0,Complete,Ground Pass
7546,Samuel Yves Umtiti,France,30,49.0,21.0,Complete,High Pass
7546,N'Golo Kanté,France,30,81.0,77.0,Complete,Ground Pass
7546,Benjamin Pavard,France,30,55.0,68.0,Complete,Ground Pass
7546,Hugo Lloris,France,30,22.0,51.0,Complete,Ground Pass
7546,Samuel Yves Umtiti,France,30,48.0,20.0,Complete,Ground Pass
7546,Paul Pogba,France,30,62.0,32.0,Complete,High Pass
7546,Lucas Hernández Pi,France,30,119.0,7.0,Out,High Pass
7546,Alberto Junior Rodríguez Valdelomar,Peru,31,15.0,22.0,Complete,Ground Pass
7546,Christian Guillermo Martín Ramos Garagay,Peru,31,34.0,77.0,Incomplete,High Pass
7546,Samuel Yves Umtiti,France,31,28.0,5.0,Complete,Ground Pass
7546,Lucas Hernández Pi,France,31,41.0,11.0,Complete,Ground Pass
7546,N'Golo Kanté,France,31,30.0,25.0,Complete,Ground Pass
7546,Raphaël Varane,France,31,23.0,47.0,Complete,Ground Pass
7546,Benjamin Pavard,France,31,58.0,63.0,Complete,Ground Pass
7546,Kylian Mbappé Lottin,France,31,74.0,78.0,Incomplete,Low Pass
7546,Alberto Junior Rodríguez Valdelomar,Peru,31,3.0,5.0,Complete,Ground Pass
7546,Alberto Junior Rodríguez Valdelomar,Peru,32,2.0,11.0,Complete,Ground Pass
7546,Víctor Yoshimar Yotún Flores,Peru,32,7.0,13.0,Incomplete,Low Pass
7546,N'Golo Kanté,France,32,99.0,61.0,Complete,Low Pass
7546,Paul Pogba,France,32,87.0,59.0,Complete,Ground Pass
7546,Paul Pogba,France,32,85.0,59.0,Complete,High Pass
7546,Benjamin Pavard,France,32,100.0,76.0,Incomplete,Low Pass
7546,Pedro Jesús Aquino Sánchez,Peru,32,16.0,17.0,Complete,Ground Pass
7546,Miguel Ángel Trauco Saavedra,Peru,32,16.0,5.0,Complete,Ground Pass
7546,Édison Michael Flores Peralta,Peru,32,34.0,1.0,Incomplete,Ground Pass
7546,Miguel Ángel Trauco Saavedra,Peru,32,34.0,1.0,Complete,High Pass
7546,Víctor Yoshimar Yotún Flores,Peru,32,42.0,13.0,Complete,Low Pass
7546,Miguel Ángel Trauco Saavedra,Peru,32,36.0,2.0,Incomplete,Ground Pass
7546,N'Golo Kanté,France,32,79.0,64.0,Complete,Ground Pass
7546,Blaise Matuidi,France,32,91.0,35.0,Complete,Ground Pass
7546,Lucas Hernández Pi,France,32,96.0,29.0,Complete,Ground Pass
7546,Paul Pogba,France,32,87.0,28.0,Complete,High Pass
7546,Alberto Junior Rodríguez Valdelomar,Peru,33,55.0,27.0,Incomplete,Ground Pass
7546,N'Golo Kanté,France,33,65.0,55.0,Complete,Ground Pass
7546,Antoine Griezmann,France,33,90.0,50.0,Complete,Ground Pass
7546,Olivier Giroud,France,33,96.0,41.0,Incomplete,Ground Pass
7546,Alberto Junior Rodríguez Valdelomar,Peru,33,24.0,34.0,Complete,Ground Pass
7546,José Paolo Guerrero Gonzáles,Peru,33,32.0,46.0,Complete,Ground Pass
7546,Luis Jan Piers Advíncula Castrillón,Peru,33,24.0,52.0,Complete,Ground Pass
7546,Paul Pogba,France,33,95.0,25.0,Complete,Ground Pass
7546,Luis Jan Piers Advíncula Castrillón,Peru,34,42.0,71.0,Complete,Ground Pass
7546,Pedro Jesús Aquino Sánchez,Peru,34,45.0,49.0,Complete,Ground Pass
7546,Víctor Yoshimar Yotún Flores,Peru,35,56.0,51.0,Complete,Ground Pass
7546,Luis Jan Piers Advíncula Castrillón,Peru,35,50.0,74.0,Complete,Ground Pass
7546,Pedro Jesús Aquino Sánchez,Peru,35,49.0,55.0,Complete,Ground Pass
7546,Alberto Junior Rodríguez Valdelomar,Peru,35,45.0,27.0,Complete,Ground Pass
7546,Miguel Ángel Trauco Saavedra,Peru,35,50.0,4.0,Complete,Ground Pass
7546,Alberto Junior Rodríguez Valdelomar,Peru,35,49.0,12.0,Complete,Low Pass
7546,Édison Michael Flores Peralta,Peru,35,70.0,2.0,Complete,Ground Pass
7546,Christian Alberto Cueva Bravo,Peru,35,80.0,17.0,Incomplete,Ground Pass
7546,Miguel Ángel Trauco Saavedra,Peru,35,110.0,1.0,Complete,High Pass
7546,José Paolo Guerrero Gonzáles,Peru,35,109.0,31.0,Incomplete,Low Pass
7546,Paul Pogba,France,35,20.0,46.0,Incomplete,High Pass
7546,Pedro David Gallese Quiróz,Peru,35,35.0,63.0,Complete,Ground Pass
7546,Christian Guillermo Martín Ramos Garagay,Peru,35,45.0,52.0,Complete,Ground Pass
7546,Víctor Yoshimar Yotún Flores,Peru,35,57.0,32.0,Incomplete,Ground Pass
7546,Pedro Jesús Aquino Sánchez,Peru,35,65.0,53.0,Complete,Ground Pass
7546,Luis Jan Piers Advíncula Castrillón,Peru,36,72.0,78.0,Complete,Ground Pass
7546,Pedro Jesús Aquino Sánchez,Peru,36,65.0,59.0,Complete,Ground Pass
7546,Víctor Yoshimar Yotún Flores,Peru,36,65.0,43.0,Complete,Ground Pass
7546,Édison Michael Flores Peralta,Peru,36,76.0,38.0,Complete,Ground Pass
7546,André Martín Carrillo Díaz,Peru,36,74.0,54.0,Complete,Ground Pass
7546,Luis Jan Piers Advíncula Castrillón,Peru,36,78.0,78.0,Complete,Ground Pass
7546,André Martín Carrillo Díaz,Peru,36,65.0,58.0,Complete,Ground Pass
7546,Pedro Jesús Aquino Sánchez,Peru,36,62.0,48.0,Complete,Ground Pass
7546,Alberto Junior Rodríguez Valdelomar,Peru,36,65.0,18.0,Complete,Ground Pass
7546,Christian Alberto Cueva Bravo,Peru,36,88.0,11.0,Complete,Ground Pass
7546,André Martín Carrillo Díaz,Peru,36,85.0,10.0,Complete,Ground Pass
7546,Miguel Ángel Trauco Saavedra,Peru,36,91.0,4.0,Incomplete,Ground Pass
7546,Miguel Ángel Trauco Saavedra,Peru,36,82.0,4.0,Complete,Ground Pass
7546,Alberto Junior Rodríguez Valdelomar,Peru,36,64.0,15.0,Complete,Ground Pass
7546,Luis Jan Piers Advíncula Castrillón,Peru,36,70.0,60.0,Complete,Ground Pass
7546,Pedro Jesús Aquino Sánchez,Peru,36,69.0,51.0,Complete,Ground Pass
7546,Víctor Yoshimar Yotún Flores,Peru,36,79.0,40.0,Complete,High Pass
7546,André Martín Carrillo Díaz,Peru,36,99.0,2.0,Incomplete,High Pass
7546,Miguel Ángel Trauco Saavedra,Peru,36,86.0,11.0,Incomplete,Ground Pass
7546,N'Golo Kanté,France,36,28.0,68.0,Complete,Ground Pass
7546,Antoine Griezmann,France,37,37.0,44.0,Complete,Ground Pass
7546,Samuel Yves Umtiti,France,37,29.0,21.0,Complete,Ground Pass
7546,Lucas Hernández Pi,France,37,72.0,5.0,Complete,Ground Pass
7546,Blaise Matuidi,France,37,77.0,3.0,Complete,Ground Pass
7546,Paul Pogba,France,37,65.0,8.0,Complete,Ground Pass
7546,Blaise Matuidi,France,37,76.0,2.0,Complete,Ground Pass
7546,Paul Pogba,France,37,67.0,6.0,Complete,Ground Pass
7546,Antoine Griezmann,France,37,71.0,10.0,Complete,Ground Pass
7546,Blaise Matuidi,France,37,80.0,7.0,Complete,Ground Pass
7546,Antoine Griezmann,France,37,94.0,15.0,Incomplete,Ground Pass
7546,Christian Guillermo Martín Ramos Garagay,Peru,37,26.0,62.0,Complete,Ground Pass
7546,Christian Alberto Cueva Bravo,Peru,37,35.0,39.0,Complete,Ground Pass
7546,Christian Guillermo Martín Ramos Garagay,Peru,37,56.0,56.0,Complete,Ground Pass
7546,Pedro Jesús Aquino Sánchez,Peru,37,56.0,51.0,Complete,Ground Pass
7546,Alberto Junior Rodríguez Valdelomar,Peru,37,47.0,28.0,Complete,Ground Pass
7546,Christian Alberto Cueva Bravo,Peru,37,73.0,21.0,Complete,Ground Pass
7546,Víctor Yoshimar Yotún Flores,Peru,37,74.0,28.0,Complete,Ground Pass
7546,Miguel Ángel Trauco Saavedra,Peru,37,89.0,4.0,Complete,Ground Pass
7546,Miguel Ángel Trauco Saavedra,Peru,38,104.0,1.0,Complete,Low Pass
7546,Víctor Yoshimar Yotún Flores,Peru,38,117.0,1.0,Incomplete,High Pass
7546,Miguel Ángel Trauco Saavedra,Peru,38,114.0,2.0,Complete,Low Pass
7546,Víctor Yoshimar Yotún Flores,Peru,38,103.0,4.0,Complete,Ground Pass
7546,Miguel Ángel Trauco Saavedra,Peru,38,118.0,5.0,Complete,Ground Pass
7546,Paul Pogba,France,38,48.0,65.0,Complete,Ground Pass
7546,Kylian Mbappé Lottin,France,38,88.0,74.0,Complete,Ground Pass
7546,Antoine Griezmann,France,38,92.0,48.0,Incomplete,Low Pass
7546,Pedro David Gallese Quiróz,Peru,38,18.0,48.0,Complete,Low Pass
7546,Édison Michael Flores Peralta,Peru,39,76.0,68.0,Complete,Ground Pass
7546,Christian Alberto Cueva Bravo,Peru,39,80.0,66.0,Complete,Ground Pass
7546,Pedro Jesús Aquino Sánchez,Peru,39,68.0,54.0,Complete,Ground Pass
7546,Víctor Yoshimar Yotún Flores,Peru,39,72.0,31.0,Complete,Ground Pass
7546,Miguel Ángel Trauco Saavedra,Peru,39,72.0,6.0,Complete,Ground Pass
7546,Víctor Yoshimar Yotún Flores,Peru,39,73.0,26.0,Complete,Ground Pass
7546,Pedro Jesús Aquino Sánchez,Peru,39,76.0,53.0,Complete,Ground Pass
7546,Luis Jan Piers Advíncula Castrillón,Peru,39,80.0,76.0,Complete,Ground Pass
7546,Pedro Jesús Aquino Sánchez,Peru,39,75.0,66.0,Complete,Ground Pass
7546,Christian Guillermo Martín Ramos Garagay,Peru,39,65.0,45.0,Complete,Ground Pass
7546,Víctor Yoshimar Yotún Flores,Peru,39,71.0,22.0,Complete,Ground Pass
7546,Raphaël Varane,France,40,61.0,68.0,Out,High Pass
7546,Pedro David Gallese Quiróz,Peru,40,6.0,37.0,Complete,Ground Pass
7546,Christian Guillermo Martín Ramos Garagay,Peru,41,34.0,64.0,Complete,Ground Pass
7546,Luis Jan Piers Advíncula Castrillón,Peru,41,52.0,78.0,Complete,Ground Pass
7546,Christian Guillermo Martín Ramos Garagay,Peru,41,32.0,65.0,Complete,Ground Pass
7546,Alberto Junior Rodríguez Valdelomar,Peru,41,35.0,27.0,Complete,Ground Pass
7546,Víctor Yoshimar Yotún Flores,Peru,41,51.0,23.0,Complete,Ground Pass
7546,Miguel Ángel Trauco Saavedra,Peru,41,41.0,4.0,Complete,Ground Pass
7546,Christian Alberto Cueva Bravo,Peru,41,66.0,9.0,Complete,Ground Pass
7546,André Martín Carrillo Díaz,Peru,41,42.0,32.0,Complete,Ground Pass
7546,Blaise Matuidi,France,41,55.0,5.0,Complete,Ground Pass
7546,Paul Pogba,France,41,50.0,15.0,Complete,Ground Pass
7546,N'Golo Kanté,France,41,71.0,23.0,Complete,Ground Pass
7546,Blaise Matuidi,France,41,94.0,4.0,Complete,Ground Pass
7546,Antoine Griezmann,France,41,89.0,18.0,Complete,Ground Pass
7546,Paul Pogba,France,41,82.0,18.0,Complete,Ground Pass
7546,Blaise Matuidi,France,41,88.0,4.0,Complete,Ground Pass
7546,Paul Pogba,France,41,79.0,8.0,Complete,Ground Pass
7546,Samuel Yves Umtiti,France,41,60.0,16.0,Complete,Ground Pass
7546,N'Golo Kanté,France,41,74.0,27.0,Complete,Ground Pass
7546,Raphaël Varane,France,41,73.0,58.0,Complete,Ground Pass
7546,Kylian Mbappé Lottin,France,41,89.0,56.0,Complete,Low Pass
7546,Benjamin Pavard,France,42,75.0,76.0,Complete,Ground Pass
7546,Raphaël Varane,France,42,55.0,72.0,Complete,Ground Pass
7546,Paul Pogba,France,42,65.0,26.0,Complete,Ground Pass
7546,Antoine Griezmann,France,42,70.0,38.0,Complete,Ground Pass
7546,Paul Pogba,France,42,62.0,31.0,Complete,Ground Pass
7546,N'Golo Kanté,France,42,70.0,50.0,Complete,Ground Pass
7546,Benjamin Pavard,France,42,74.0,66.0,Complete,Ground Pass
7546,N'Golo Kanté,France,42,80.0,62.0,Complete,Ground Pass
7546,Kylian Mbappé Lottin,France,42,100.0,64.0,Complete,Ground Pass
7546,N'Golo Kanté,France,42,95.0,50.0,Complete,Ground Pass
7546,Antoine Griezmann,France,42,101.0,40.0,Complete,Ground Pass
7546,Pedro David Gallese Quiróz,Peru,42,7.0,35.0,Complete,High Pass
7546,André Martín Carrillo Díaz,Peru,42,65.0,47.0,Incomplete,High Pass
7546,Édison Michael Flores Peralta,Peru,43,61.0,29.0,Complete,Ground Pass
7546,Miguel Ángel Trauco Saavedra,Peru,43,49.0,25.0,Incomplete,High Pass
7546,Raphaël Varane,France,43,32.0,42.0,Complete,Low Pass
7546,Samuel Yves Umtiti,France,43,47.0,36.0,Complete,Ground Pass
7546,Antoine Griezmann,France,43,90.0,43.0,Complete,Ground Pass
7546,Kylian Mbappé Lottin,France,43,119.0,58.0,Incomplete,High Pass
7546,Christian Alberto Cueva Bravo,Peru,43,20.0,27.0,Complete,Ground Pass
7546,Édison Michael Flores Peralta,Peru,43,26.0,14.0,Complete,Ground Pass
7546,Miguel Ángel Trauco Saavedra,Peru,43,27.0,2.0,Incomplete,Ground Pass
7546,Víctor Yoshimar Yotún Flores,Peru,43,38.0,26.0,Complete,High Pass
7546,Luis Jan Piers Advíncula Castrillón,Peru,43,36.0,64.0,Complete,Ground Pass
7546,Pedro Jesús Aquino Sánchez,Peru,43,48.0,50.0,Complete,Ground Pass
7546,André Martín Carrillo Díaz,Peru,43,59.0,50.0,Complete,Ground Pass
7546,Luis Jan Piers Advíncula Castrillón,Peru,43,54.0,73.0,Complete,Ground Pass
7546,Christian Guillermo Martín Ramos Garagay,Peru,43,52.0,51.0,Complete,Ground Pass
7546,Alberto Junior Rodríguez Valdelomar,Peru,44,48.0,27.0,Complete,Ground Pass
7546,Miguel Ángel Trauco Saavedra,Peru,44,56.0,4.0,Incomplete,High Pass
7546,Hugo Lloris,France,44,17.0,25.0,Complete,High Pass
7546,Olivier Giroud,France,44,88.0,26.0,Incomplete,Low Pass
7546,Pedro Jesús Aquino Sánchez,Peru,44,25.0,69.0,Incomplete,Ground Pass
7546,Samuel Yves Umtiti,France,44,48.0,4.0,Complete,Ground Pass
7546,Lucas Hernández Pi,France,44,51.0,2.0,Complete,Ground Pass
7546,Paul Pogba,France,44,55.0,7.0,Out,Ground Pass
7546,Luis Jan Piers Advíncula Castrillón,Peru,44,50.0,80.0,Complete,High Pass
7546,José Paolo Guerrero Gonzáles,Peru,44,70.0,76.0,Complete,Low Pass
7546,André Martín Carrillo Díaz,Peru,44,64.0,76.0,Incomplete,High Pass
7546,Lucas Hernández Pi,France,44,42.0,10.0,Complete,Ground Pass
7546,Antoine Griezmann,France,44,49.0,11.0,Incomplete,High Pass
7546,Miguel Ángel Trauco Saavedra,Peru,44,51.0,31.0,Out,High Pass
7546,Benjamin Pavard,France,45,45.0,79.0,Complete,Low Pass
7546,Kylian Mbappé Lottin,France,45,57.0,76.0,Complete,Low Pass
7546,Antoine Griezmann,France,45,65.0,66.0,Complete,Low Pass
7546,N'Golo Kanté,France,45,49.0,49.0,Complete,High Pass
7546,Lucas Hernández Pi,France,45,53.0,9.0,Complete,Ground Pass
7546,Samuel Yves Umtiti,France,45,37.0,16.0,Complete,Ground Pass
7546,Paul Pogba,France,45,50.0,19.0,Complete,High Pass
7546,Olivier Giroud,France,45,95.0,20.0,Complete,Ground Pass
7546,Antoine Griezmann,France,45,107.0,20.0,Incomplete,Low Pass
7546,Víctor Yoshimar Yotún Flores,Peru,45,2.0,76.0,Complete,Ground Pass
7546,Christian Guillermo Martín Ramos Garagay,Peru,45,3.0,68.0,Incomplete,High Pass
7546,Pedro David Gallese Quiróz,Peru,46,6.0,45.0,Incomplete,High Pass
7546,Blaise Matuidi,France,46,52.0,26.0,Incomplete,High Pass
7546,Pedro Jesús Aquino Sánchez,Peru,46,58.0,63.0,Incomplete,Low Pass
7546,Paul Pogba,France,46,66.0,10.0,Complete,Ground Pass
7546,Samuel Yves Umtiti,France,46,48.0,25.0,Complete,Ground Pass
7546,Benjamin Pavard,France,46,55.0,54.0,Complete,Ground Pass
7546,Raphaël Varane,France,46,48.0,50.0,Complete,Ground Pass
7546,Benjamin Pavard,France,46,47.0,64.0,Complete,Ground Pass
7546,Hugo Lloris,France,46,21.0,41.0,Complete,High Pass
7546,Antoine Griezmann,France,46,68.0,3.0,Incomplete,Ground Pass
7546,José Paolo Guerrero Gonzáles,Peru,45,61.0,41.0,Complete,Ground Pass
7546,Jefferson Agustín Farfán Guadalupe,Peru,45,48.0,41.0,Complete,Ground Pass
7546,Luis Jan Piers Advíncula Castrillón,Peru,45,38.0,67.0,Complete,Ground Pass
7546,Christian Guillermo Martín Ramos Garagay,Peru,45,37.0,57.0,Complete,Ground Pass
7546,Luis Jan Piers Advíncula Castrillón,Peru,45,38.0,74.0,Complete,Ground Pass
7546,Christian Guillermo Martín Ramos Garagay,Peru,45,32.0,56.0,Complete,Ground Pass
7546,Anderson Santamaría Bardales,Peru,45,33.0,26.0,Complete,Ground Pass
7546,Miguel Ángel Trauco Saavedra,Peru,45,46.0,3.0,Incomplete,Low Pass
7546,Paul Pogba,France,45,42.0,61.0,Complete,Ground Pass
7546,N'Golo Kanté,France,45,51.0,72.0,Complete,Ground Pass
7546,Antoine Griezmann,France,45,66.0,64.0,Complete,Ground Pass
7546,Kylian Mbappé Lottin,France,45,87.0,46.0,Complete,Ground Pass
7546,Blaise Matuidi,France,45,110.0,13.0,Incomplete,Ground Pass
7546,Pedro David Gallese Quiróz,Peru,46,19.0,64.0,Unknown,High Pass
7546,Hugo Lloris,France,48,36.0,36.0,Complete,High Pass
7546,Olivier Giroud,France,48,101.0,25.0,Incomplete,Low Pass
7546,Lucas Hernández Pi,France,48,64.0,21.0,Incomplete,High Pass
7546,Luis Jan Piers Advíncula Castrillón,Peru,48,33.0,66.0,Complete,High Pass
7546,Édison Michael Flores Peralta,Peru,48,38.0,52.0,Incomplete,Low Pass
7546,N'Golo Kanté,France,48,72.0,21.0,Complete,High Pass
7546,Blaise Matuidi,France,48,80.0,15.0,Complete,High Pass
7546,Olivier Giroud,France,48,91.0,16.0,Complete,Ground Pass
7546,Lucas Hernández Pi,France,49,97.0,1.0,Complete,Low Pass
7546,Paul Pogba,France,49,98.0,8.0,Complete,Ground Pass
7546,Lucas Hernández Pi,France,49,99.0,5.0,Complete,Ground Pass
7546,N'Golo Kanté,France,49,86.0,8.0,Out,High Pass
7546,Édison Michael Flores Peralta,Peru,49,45.0,6.0,Complete,Ground Pass
7546,Anderson Santamaría Bardales,Peru,49,32.0,11.0,Complete,Ground Pass
7546,Miguel Ángel Trauco Saavedra,Peru,49,39.0,3.0,Complete,Ground Pass
7546,Édison Michael Flores Peralta,Peru,49,41.0,7.0,Complete,Ground Pass
7546,Miguel Ángel Trauco Saavedra,Peru,49,47.0,3.0,Complete,Ground Pass
7546,Jefferson Agustín Farfán Guadalupe,Peru,49,65.0,13.0,Complete,Ground Pass
7546,Miguel Ángel Trauco Saavedra,Peru,49,77.0,2.0,Incomplete,Ground Pass
7546,Raphaël Varane,France,49,9.0,76.0,Incomplete,Ground Pass
7546,Jefferson Agustín Farfán Guadalupe,Peru,49,91.0,19.0,Complete,Ground Pass
7546,Christian Alberto Cueva Bravo,Peru,49,107.0,20.0,Complete,Ground Pass
7546,Jefferson Agustín Farfán Guadalupe,Peru,49,96.0,32.0,Complete,Ground Pass
7546,Hugo Lloris,France,50,7.0,43.0,Incomplete,High Pass
7546,Édison Michael Flores Peralta,Peru,50,48.0,17.0,Complete,High Pass
7546,Pedro Jesús Aquino Sánchez,Peru,50,47.0,24.0,Complete,High Pass
7546,Christian Alberto Cueva Bravo,Peru,50,47.0,25.0,Complete,Ground Pass
7546,Christian Guillermo Martín Ramos Garagay,Peru,50,68.0,70.0,Incomplete,Ground Pass
7546,Blaise Matuidi,France,50,32.0,11.0,Complete,Ground Pass
7546,Lucas Hernández Pi,France,50,34.0,4.0,Complete,Ground Pass
7546,Paul Pogba,France,50,42.0,5.0,Complete,Ground Pass
7546,Blaise Matuidi,France,50,39.0,5.0,Complete,Ground Pass
7546,N'Golo Kanté,France,50,46.0,29.0,Incomplete,High Pass
7546,Miguel Ángel Trauco Saavedra,Peru,51,52.0,9.0,Complete,Ground Pass
7546,Raphaël Varane,France,51,73.0,70.0,Complete,Ground Pass
7546,Benjamin Pavard,France,51,74.0,75.0,Complete,Ground Pass
7546,Kylian Mbappé Lottin,France,51,85.0,78.0,Complete,Ground Pass
7546,N'Golo Kanté,France,51,86.0,61.0,Complete,Ground Pass
7546,Antoine Griezmann,France,51,93.0,65.0,Incomplete,Ground Pass
7546,Antoine Griezmann,France,51,96.0,79.0,Out,High Pass
7546,Luis Jan Piers Advíncula Castrillón,Peru,51,11.0,79.0,Complete,High Pass
7546,Antoine Griezmann,France,53,98.0,6.0,Incomplete,High Pass
7546,Samuel Yves Umtiti,France,53,100.0,38.0,Incomplete,High Pass
7546,Pedro David Gallese Quiróz,Peru,53,18.0,48.0,Out,High Pass
7546,Lucas Hernández Pi,France,53,54.0,1.0,Complete,High Pass
7546,Olivier Giroud,France,53,86.0,5.0,Complete,Ground Pass
7546,Blaise Matuidi,France,53,88.0,5.0,Complete,Ground Pass
7546,Christian Guillermo Martín Ramos Garagay,Peru,53,34.0,69.0,Complete,Ground Pass
7546,Pedro Jesús Aquino Sánchez,Peru,53,40.0,80.0,Incomplete,Ground Pass
7546,Paul Pogba,France,54,80.0,14.0,Complete,Ground Pass
7546,Lucas Hernández Pi,France,54,88.0,6.0,Complete,Ground Pass
7546,Paul Pogba,France,54,75.0,6.0,Incomplete,High Pass
7546,Lucas Hernández Pi,France,54,110.0,1.0,Complete,Low Pass
7546,Paul Pogba,France,54,107.0,5.0,Complete,Ground Pass
7546,Blaise Matuidi,France,54,108.0,12.0,Complete,Ground Pass
7546,André Martín Carrillo Díaz,Peru,55,3.0,68.0,Complete,Ground Pass
7546,Pedro Jesús Aquino Sánchez,Peru,55,6.0,64.0,Incomplete,High Pass
7546,N'Golo Kanté,France,55,83.0,24.0,Complete,Ground Pass
7546,Lucas Hernández Pi,France,55,100.0,17.0,Complete,Ground Pass
7546,Kylian Mbappé Lottin,France,55,119.0,2.0,Incomplete,High Pass
7546,Benjamin Pavard,France,56,56.0,80.0,Complete,Low Pass
7546,N'Golo Kanté,France,56,59.0,74.0,Incomplete,High Pass
7546,Édison Michael Flores Peralta,Peru,56,46.0,5.0,Incomplete,High Pass
7546,Olivier Giroud,France,56,75.0,67.0,Complete,High Pass
7546,Paul Pogba,France,56,73.0,59.0,Complete,Ground Pass
7546,Lucas Hernández Pi,France,56,78.0,32.0,Complete,Ground Pass
7546,Blaise Matuidi,France,56,85.0,16.0,Complete,Ground Pass
7546,Kylian Mbappé Lottin,France,56,110.0,11.0,Complete,Ground Pass
7546,Blaise Matuidi,France,56,111.0,22.0,Incomplete,Low Pass
7546,Lucas Hernández Pi,France,57,14.0,28.0,Incomplete,High Pass
7546,Pedro Jesús Aquino Sánchez,Peru,57,62.0,66.0,Incomplete,High Pass
7546,Pedro Jesús Aquino Sánchez,Peru,57,63.0,76.0,Complete,Ground Pass
7546,Luis Jan Piers Advíncula Castrillón,Peru,57,56.0,69.0,Complete,Ground Pass
7546,Pedro Jesús Aquino Sánchez,Peru,57,70.0,78.0,Complete,Ground Pass
7546,André Martín Carrillo Díaz,Peru,57,109.0,66.0,Incomplete,High Pass
7546,Benjamin Pavard,France,57,11.0,58.0,Complete,Ground Pass
7546,Jefferson Agustín Farfán Guadalupe,Peru,57,95.0,14.0,Complete,Ground Pass
7546,Édison Michael Flores Peralta,Peru,57,87.0,15.0,Complete,Ground Pass
7546,Hugo Lloris,France,58,16.0,29.0,Incomplete,High Pass
7546,Christian Guillermo Martín Ramos Garagay,Peru,58,38.0,77.0,Complete,High Pass
7546,José Paolo Guerrero Gonzáles,Peru,58,72.0,53.0,Complete,High Pass
7546,Jefferson Agustín Farfán Guadalupe,Peru,58,76.0,38.0,Incomplete,Low Pass
7546,Benjamin Pavard,France,58,37.0,51.0,Complete,Low Pass
7546,N'Golo Kanté,France,58,40.0,44.0,Complete,Low Pass
7546,Édison Michael Flores Peralta,Peru,58,67.0,34.0,Complete,Ground Pass
7546,Christian Alberto Cueva Bravo,Peru,58,66.0,29.0,Complete,Ground Pass
7546,Miguel Ángel Trauco Saavedra,Peru,58,70.0,3.0,Complete,Ground Pass
7546,Édison Michael Flores Peralta,Peru,58,74.0,5.0,Incomplete,Ground Pass
7546,N'Golo Kanté,France,58,56.0,78.0,Out,Ground Pass
7546,Miguel Ángel Trauco Saavedra,Peru,58,35.0,1.0,Complete,High Pass
7546,José Paolo Guerrero Gonzáles,Peru,58,65.0,6.0,Complete,Low Pass
7546,Raphaël Varane,France,59,24.0,60.0,Complete,Ground Pass
7546,Hugo Lloris,France,59,10.0,47.0,Out,High Pass
7546,Miguel Ángel Trauco Saavedra,Peru,59,79.0,1.0,Incomplete,High Pass
7546,Miguel Ángel Trauco Saavedra,Peru,59,92.0,2.0,Complete,High Pass
7546,Pedro Jesús Aquino Sánchez,Peru,59,85.0,29.0,Complete,High Pass
7546,Luis Jan Piers Advíncula Castrillón,Peru,59,89.0,54.0,Incomplete,High Pass
7546,Édison Michael Flores Peralta,Peru,59,89.0,21.0,Complete,Low Pass
7546,Christian Alberto Cueva Bravo,Peru,59,100.0,5.0,Complete,Ground Pass
7546,Édison Michael Flores Peralta,Peru,59,86.0,13.0,Complete,Ground Pass
7546,Pedro Jesús Aquino Sánchez,Peru,59,82.0,23.0,Complete,Ground Pass
7546,Anderson Santamaría Bardales,Peru,59,69.0,29.0,Complete,Ground Pass
7546,Christian Guillermo Martín Ramos Garagay,Peru,59,80.0,64.0,Complete,Ground Pass
7546,Luis Jan Piers Advíncula Castrillón,Peru,59,115.0,64.0,Incomplete,High Pass
7546,Pedro Jesús Aquino Sánchez,Peru,60,81.0,64.0,Complete,Ground Pass
7546,Christian Guillermo Martín Ramos Garagay,Peru,60,58.0,59.0,Complete,Ground Pass
7546,Anderson Santamaría Bardales,Peru,60,65.0,33.0,Complete,Ground Pass
7546,Édison Michael Flores Peralta,Peru,60,77.0,21.0,Complete,Ground Pass
7546,Miguel Ángel Trauco Saavedra,Peru,60,86.0,3.0,Complete,Ground Pass
7546,Christian Alberto Cueva Bravo,Peru,60,95.0,2.0,Complete,High Pass
7546,Jefferson Agustín Farfán Guadalupe,Peru,60,117.0,20.0,Incomplete,Low Pass
7546,Miguel Ángel Trauco Saavedra,Peru,60,99.0,18.0,Incomplete,Low Pass
7546,Kylian Mbappé Lottin,France,60,23.0,64.0,Incomplete,Ground Pass
7546,Édison Michael Flores Peralta,Peru,60,91.0,6.0,Complete,Ground Pass
7546,Édison Michael Flores Peralta,Peru,60,91.0,2.0,Complete,Ground Pass
7546,Christian Alberto Cueva Bravo,Peru,60,94.0,15.0,Complete,Ground Pass
7546,Jefferson Agustín Farfán Guadalupe,Peru,60,98.0,21.0,Complete,Ground Pass
7546,Hugo Lloris,France,61,7.0,44.0,Complete,Ground Pass
7546,Olivier Giroud,France,61,74.0,40.0,Complete,Low Pass
7546,Antoine Griezmann,France,61,76.0,43.0,Complete,Low Pass
7546,Paul Pogba,France,61,70.0,42.0,Incomplete,High Pass
7546,Pedro David Gallese Quiróz,Peru,61,18.0,44.0,Complete,Ground Pass
7546,Anderson Santamaría Bardales,Peru,61,25.0,29.0,Complete,Ground Pass
7546,Édison Michael Flores Peralta,Peru,61,37.0,26.0,Complete,Ground Pass
7546,Christian Alberto Cueva Bravo,Peru,61,52.0,26.0,Complete,Ground Pass
7546,Miguel Ángel Trauco Saavedra,Peru,61,45.0,4.0,Complete,Ground Pass
7546,Christian Alberto Cueva Bravo,Peru,61,42.0,13.0,Complete,Ground Pass
7546,Anderson Santamaría Bardales,Peru,61,46.0,40.0,Complete,Ground Pass
7546,Christian Guillermo Martín Ramos Garagay,Peru,61,70.0,70.0,Complete,Ground Pass
7546,André Martín Carrillo Díaz,Peru,61,85.0,71.0,Out,Ground Pass
7546,Édison Michael Flores Peralta,Peru,62,83.0,34.0,Incomplete,High Pass
7546,Hugo Lloris,France,62,18.0,29.0,Complete,High Pass
7546,Olivier Giroud,France,62,76.0,4.0,Complete,High Pass
7546,Paul Pogba,France,62,59.0,19.0,Complete,High Pass
7546,Lucas Hernández Pi,France,62,57.0,3.0,Complete,Ground Pass
7546,Paul Pogba,France,62,54.0,25.0,Complete,Ground Pass
7546,Raphaël Varane,France,62,48.0,52.0,Complete,Ground Pass
7546,Benjamin Pavard,France,62,72.0,63.0,Complete,Ground Pass
7546,Paul Pogba,France,62,70.0,39.0,Complete,Ground Pass
7546,Olivier Giroud,France,62,98.0,25.0,Complete,High Pass
7546,Kylian Mbappé Lottin,France,62,114.0,59.0,Incomplete,Ground Pass
7546,Benjamin Pavard,France,63,111.0,80.0,Complete,High Pass
7546,Miguel Ángel Trauco Saavedra,Peru,63,2.0,16.0,Complete,Ground Pass
7546,Anderson Santamaría Bardales,Peru,63,4.0,29.0,Complete,Ground Pass
7546,Pedro Jesús Aquino Sánchez,Peru,63,12.0,21.0,Incomplete,High Pass
7546,Raphaël Varane,France,63,72.0,75.0,Complete,Low Pass
7546,Benjamin Pavard,France,63,88.0,69.0,Incomplete,High Pass
7546,Anderson Santamaría Bardales,Peru,63,20.0,27.0,Complete,Ground Pass
7546,Pedro Jesús Aquino Sánchez,Peru,63,35.0,21.0,Complete,Ground Pass
7546,Christian Alberto Cueva Bravo,Peru,63,57.0,2.0,Incomplete,Ground Pass
7546,Antoine Griezmann,France,63,71.0,74.0,Complete,Ground Pass
7546,Kylian Mbappé Lottin,France,63,76.0,78.0,Complete,Ground Pass
7546,Antoine Griezmann,France,63,70.0,73.0,Complete,High Pass
7546,Lucas Hernández Pi,France,63,62.0,23.0,Complete,Low Pass
7546,Blaise Matuidi,France,63,58.0,5.0,Complete,Ground Pass
7546,Samuel Yves Umtiti,France,63,48.0,27.0,Complete,Ground Pass
7546,Blaise Matuidi,France,63,57.0,21.0,Complete,Ground Pass
7546,Raphaël Varane,France,63,50.0,62.0,Incomplete,High Pass
7546,Pedro David Gallese Quiróz,Peru,64,17.0,33.0,Complete,High Pass
7546,José Paolo Guerrero Gonzáles,Peru,64,77.0,39.0,Complete,High Pass
7546,Pedro Jesús Aquino Sánchez,Peru,64,70.0,51.0,Complete,Ground Pass
7546,Luis Jan Piers Advíncula Castrillón,Peru,64,72.0,63.0,Incomplete,Ground Pass
7546,Pedro Jesús Aquino Sánchez,Peru,64,81.0,61.0,Complete,Ground Pass
7546,André Martín Carrillo Díaz,Peru,64,92.0,77.0,Complete,Ground Pass
7546,Pedro Jesús Aquino Sánchez,Peru,64,85.0,70.0,Incomplete,Ground Pass
7546,Samuel Yves Umtiti,France,64,25.0,27.0,Complete,Ground Pass
7546,Antoine Griezmann,France,64,31.0,33.0,Complete,Ground Pass
7546,N'Golo Kanté,France,64,33.0,27.0,Complete,Ground Pass
7546,Paul Pogba,France,64,47.0,32.0,Incomplete,High Pass
7546,Miguel Ángel Trauco Saavedra,Peru,64,51.0,29.0,Complete,Ground Pass
7546,Christian Alberto Cueva Bravo,Peru,64,87.0,4.0,Complete,Ground Pass
7546,José Paolo Guerrero Gonzáles,Peru,64,97.0,17.0,Complete,Ground Pass
7546,Christian Alberto Cueva Bravo,Peru,64,94.0,19.0,Incomplete,Ground Pass
7546,Christian Alberto Cueva Bravo,Peru,64,95.0,21.0,Complete,Ground Pass
7546,Édison Michael Flores Peralta,Peru,65,82.0,20.0,Complete,Ground Pass
7546,Pedro Jesús Aquino Sánchez,Peru,65,83.0,37.0,Complete,Ground Pass
7546,Luis Jan Piers Advíncula Castrillón,Peru,65,91.0,64.0,Complete,Ground Pass
7546,Christian Guillermo Martín Ramos Garagay,Peru,65,71.0,55.0,Complete,Ground Pass
7546,Édison Michael Flores Peralta,Peru,65,77.0,39.0,Complete,Ground Pass
7546,Christian Alberto Cueva Bravo,Peru,65,79.0,21.0,Complete,Ground Pass
7546,Anderson Santamaría Bardales,Peru,65,69.0,32.0,Complete,High Pass
7546,André Martín Carrillo Díaz,Peru,65,118.0,68.0,Incomplete,High Pass
7546,Luis Jan Piers Advíncula Castrillón,Peru,65,103.0,80.0,Incomplete,High Pass
7546,Pedro Jesús Aquino Sánchez,Peru,65,93.0,51.0,Complete,Low Pass
7546,Anderson Santamaría Bardales,Peru,65,66.0,53.0,Complete,Ground Pass
7546,Christian Guillermo Martín Ramos Garagay,Peru,65,73.0,65.0,Complete,Ground Pass
7546,Pedro Jesús Aquino Sánchez,Peru,65,82.0,53.0,Complete,Ground Pass
7546,André Martín Carrillo Díaz,Peru,66,86.0,69.0,Complete,Ground Pass
7546,Pedro Jesús Aquino Sánchez,Peru,66,80.0,68.0,Complete,Ground Pass
7546,Luis Jan Piers Advíncula Castrillón,Peru,66,95.0,66.0,Complete,Ground Pass
7546,André Martín Carrillo Díaz,Peru,66,86.0,75.0,Complete,Ground Pass
7546,Pedro Jesús Aquino Sánchez,Peru,66,80.0,65.0,Complete,Ground Pass
7546,Édison Michael Flores Peralta,Peru,66,73.0,49.0,Complete,Ground Pass
7546,Anderson Santamaría Bardales,Peru,66,81.0,28.0,Complete,Ground Pass
7546,Édison Michael Flores Peralta,Peru,66,86.0,31.0,Complete,Ground Pass
7546,Christian Alberto Cueva Bravo,Peru,66,107.0,16.0,Complete,Ground Pass
7546,Édison Michael Flores Peralta,Peru,66,98.0,16.0,Complete,High Pass
7546,Blaise Matuidi,France,66,29.0,23.0,Complete,Low Pass
7546,Antoine Griezmann,France,66,39.0,32.0,Complete,Ground Pass
7546,Blaise Matuidi,France,66,39.0,2.0,Incomplete,Ground Pass
7546,Miguel Ángel Trauco Saavedra,Peru,66,61.0,32.0,Complete,Ground Pass
7546,Christian Alberto Cueva Bravo,Peru,66,83.0,5.0,Complete,High Pass
7546,José Paolo Guerrero Gonzáles,Peru,66,91.0,23.0,Complete,Ground Pass
7546,Christian Alberto Cueva Bravo,Peru,66,100.0,16.0,Complete,Ground Pass
7546,Jefferson Agustín Farfán Guadalupe,Peru,66,97.0,24.0,Complete,Ground Pass
7546,André Martín Carrillo Díaz,Peru,66,95.0,42.0,Complete,Ground Pass
7546,Hugo Lloris,France,67,7.0,37.0,Incomplete,High Pass
7546,Pedro Jesús Aquino Sánchez,Peru,67,44.0,55.0,Complete,Low Pass
7546,Christian Guillermo Martín Ramos Garagay,Peru,67,33.0,77.0,Complete,Ground Pass
7546,André Martín Carrillo Díaz,Peru,67,46.0,56.0,Complete,Low Pass
7546,Christian Alberto Cueva Bravo,Peru,67,64.0,11.0,Complete,High Pass
7546,Miguel Ángel Trauco Saavedra,Peru,68,119.0,1.0,Incomplete,High Pass
7546,Hugo Lloris,France,69,6.0,48.0,Complete,High Pass
7546,Blaise Matuidi,France,69,79.0,45.0,Incomplete,High Pass
7546,Anderson Santamaría Bardales,Peru,69,33.0,39.0,Complete,Ground Pass
7546,Pedro Jesús Aquino Sánchez,Peru,69,43.0,41.0,Complete,Ground Pass
7546,Christian Guillermo Martín Ramos Garagay,Peru,69,46.0,64.0,Complete,Ground Pass
7546,André Martín Carrillo Díaz,Peru,69,62.0,61.0,Incomplete,Low Pass
7546,Lucas Hernández Pi,France,69,51.0,2.0,Complete,Low Pass
7546,Paul Pogba,France,69,72.0,4.0,Incomplete,Low Pass
7546,Paul Pogba,France,69,75.0,7.0,Incomplete,Ground Pass
7546,Lucas Hernández Pi,France,70,87.0,1.0,Complete,Low Pass
7546,Olivier Giroud,France,70,99.0,5.0,Complete,Ground Pass
7546,Paul Pogba,France,70,96.0,17.0,Complete,Ground Pass
7546,Blaise Matuidi,France,70,114.0,13.0,Incomplete,High Pass
7546,Benjamin Pavard,France,70,107.0,80.0,Complete,Low Pass
7546,N'Golo Kanté,France,70,87.0,76.0,Complete,Ground Pass
7546,Kylian Mbappé Lottin,France,70,93.0,69.0,Complete,Ground Pass
7546,Antoine Griezmann,France,70,91.0,59.0,Complete,Ground Pass
7546,Paul Pogba,France,70,83.0,52.0,Complete,Ground Pass
7546,Lucas Hernández Pi,France,70,100.0,19.0,Complete,Ground Pass
7546,Blaise Matuidi,France,70,110.0,17.0,Incomplete,Ground Pass
7546,André Martín Carrillo Díaz,Peru,70,10.0,53.0,Complete,High Pass
7546,André Martín Carrillo Díaz,Peru,70,17.0,65.0,Complete,Ground Pass
7546,Pedro Jesús Aquino Sánchez,Peru,70,5.0,74.0,Incomplete,Ground Pass
7546,Luis Jan Piers Advíncula Castrillón,Peru,71,18.0,80.0,Complete,High Pass
7546,Édison Michael Flores Peralta,Peru,71,23.0,54.0,Complete,Ground Pass
7546,Christian Alberto Cueva Bravo,Peru,71,42.0,37.0,Complete,Ground Pass
7546,Édison Michael Flores Peralta,Peru,71,38.0,49.0,Complete,Ground Pass
7546,Anderson Santamaría Bardales,Peru,71,35.0,32.0,Complete,Ground Pass
7546,Miguel Ángel Trauco Saavedra,Peru,71,51.0,3.0,Complete,Ground Pass
7546,Jefferson Agustín Farfán Guadalupe,Peru,71,64.0,6.0,Complete,Ground Pass
7546,Anderson Santamaría Bardales,Peru,71,50.0,21.0,Complete,Ground Pass
7546,Miguel Ángel Trauco Saavedra,Peru,71,56.0,7.0,Complete,Ground Pass
7546,Jefferson Agustín Farfán Guadalupe,Peru,71,76.0,13.0,Complete,Ground Pass
7546,Édison Michael Flores Peralta,Peru,71,68.0,14.0,Complete,Ground Pass
7546,Christian Guillermo Martín Ramos Garagay,Peru,71,58.0,51.0,Complete,Ground Pass
7546,Luis Jan Piers Advíncula Castrillón,Peru,71,73.0,77.0,Complete,Ground Pass
7546,André Martín Carrillo Díaz,Peru,71,88.0,77.0,Complete,Ground Pass
7546,Luis Jan Piers Advíncula Castrillón,Peru,71,71.0,78.0,Complete,Low Pass
7546,Samuel Yves Umtiti,France,71,22.0,25.0,Complete,Ground Pass
7546,Hugo Lloris,France,71,6.0,36.0,Incomplete,High Pass
7546,Miguel Ángel Trauco Saavedra,Peru,71,86.0,14.0,Incomplete,High Pass
7546,Raphaël Varane,France,71,25.0,62.0,Out,High Pass
7546,Miguel Ángel Trauco Saavedra,Peru,72,79.0,1.0,Complete,High Pass
7546,Anderson Santamaría Bardales,Peru,72,61.0,6.0,Complete,Ground Pass
7546,Miguel Ángel Trauco Saavedra,Peru,72,71.0,3.0,Complete,Ground Pass
7546,Anderson Santamaría Bardales,Peru,72,59.0,7.0,Complete,Ground Pass
7546,Édison Michael Flores Peralta,Peru,72,65.0,7.0,Complete,Ground Pass
7546,Anderson Santamaría Bardales,Peru,72,68.0,26.0,Incomplete,Ground Pass
7546,Benjamin Pavard,France,72,24.0,60.0,Complete,Ground Pass
7546,Hugo Lloris,France,72,9.0,35.0,Incomplete,High Pass
7546,Pedro Jesús Aquino Sánchez,Peru,72,64.0,54.0,Complete,Low Pass
7546,André Martín Carrillo Díaz,Peru,72,67.0,60.0,Complete,Ground Pass
7546,Luis Jan Piers Advíncula Castrillón,Peru,72,82.0,77.0,Complete,Ground Pass
7546,André Martín Carrillo Díaz,Peru,72,81.0,68.0,Incomplete,Ground Pass
7546,Luis Jan Piers Advíncula Castrillón,Peru,72,81.0,80.0,Complete,High Pass
7546,José Paolo Guerrero Gonzáles,Peru,72,95.0,61.0,Incomplete,High Pass
7546,Antoine Griezmann,France,72,35.0,29.0,Complete,Low Pass
7546,Paul Pogba,France,72,35.0,25.0,Incomplete,High Pass
7546,Christian Guillermo Martín Ramos Garagay,Peru,73,7.0,66.0,Complete,Ground Pass
7546,Pedro David Gallese Quiróz,Peru,73,4.0,48.0,Complete,Ground Pass
7546,Anderson Santamaría Bardales,Peru,73,22.0,22.0,Complete,Ground Pass
7546,Miguel Ángel Trauco Saavedra,Peru,73,40.0,5.0,Incomplete,High Pass
7546,Samuel Yves Umtiti,France,73,25.0,47.0,Incomplete,Low Pass
7546,Jefferson Agustín Farfán Guadalupe,Peru,73,86.0,35.0,Complete,Ground Pass
7546,Christian Alberto Cueva Bravo,Peru,73,95.0,39.0,Complete,Ground Pass
7546,André Martín Carrillo Díaz,Peru,73,113.0,57.0,Complete,High Pass
7546,Hugo Lloris,France,74,7.0,46.0,Complete,High Pass
7546,Olivier Giroud,France,74,70.0,21.0,Incomplete,Low Pass
7546,Christian Guillermo Martín Ramos Garagay,Peru,74,34.0,65.0,Incomplete,High Pass
7546,Paul Pogba,France,74,65.0,26.0,Complete,Ground Pass
7546,N'Golo Kanté,France,74,59.0,24.0,Complete,Ground Pass
7546,Blaise Matuidi,France,74,81.0,16.0,Complete,Ground Pass
7546,Lucas Hernández Pi,France,75,111.0,1.0,Complete,Low Pass
7546,Blaise Matuidi,France,75,119.0,13.0,Incomplete,Ground Pass
7546,Lucas Hernández Pi,France,75,94.0,1.0,Complete,Low Pass
7546,Olivier Giroud,France,75,118.0,10.0,Complete,High Pass
7546,N'Golo Kanté,France,75,77.0,22.0,Complete,Low Pass
7546,Samuel Yves Umtiti,France,75,59.0,14.0,Complete,Ground Pass
7546,Raphaël Varane,France,75,58.0,56.0,Complete,Ground Pass
7546,Benjamin Pavard,France,75,57.0,78.0,Complete,Ground Pass
7546,Hugo Lloris,France,76,14.0,56.0,Complete,High Pass
7546,Blaise Matuidi,France,76,94.0,39.0,Incomplete,High Pass
7546,Pedro David Gallese Quiróz,Peru,76,15.0,43.0,Complete,Ground Pass
7546,Anderson Santamaría Bardales,Peru,76,34.0,36.0,Complete,Ground Pass
7546,Christian Guillermo Martín Ramos Garagay,Peru,76,48.0,57.0,Complete,Ground Pass
7546,Luis Jan Piers Advíncula Castrillón,Peru,76,47.0,69.0,Complete,Ground Pass
7546,Christian Guillermo Martín Ramos Garagay,Peru,76,34.0,54.0,Complete,Ground Pass
7546,Pedro David Gallese Quiróz,Peru,76,17.0,39.0,Complete,Ground Pass
7546,Anderson Santamaría Bardales,Peru,76,28.0,25.0,Complete,Ground Pass
7546,Miguel Ángel Trauco Saavedra,Peru,76,42.0,3.0,Complete,Ground Pass
7546,Anderson Santamaría Bardales,Peru,76,28.0,20.0,Complete,Ground Pass
7546,Pedro Jesús Aquino Sánchez,Peru,76,57.0,28.0,Complete,Ground Pass
7546,Miguel Ángel Trauco Saavedra,Peru,76,57.0,4.0,Complete,Ground Pass
7546,Édison Michael Flores Peralta,Peru,76,58.0,13.0,Complete,High Pass
7546,Luis Jan Piers Advíncula Castrillón,Peru,76,58.0,64.0,Complete,Ground Pass
7546,André Martín Carrillo Díaz,Peru,76,80.0,75.0,Out,Low Pass
7546,Lucas Hernández Pi,France,77,20.0,1.0,Incomplete,High Pass
7546,Pedro Jesús Aquino Sánchez,Peru,77,83.0,79.0,Complete,Ground Pass
7546,André Martín Carrillo Díaz,Peru,77,87.0,68.0,Complete,Ground Pass
7546,Édison Michael Flores Peralta,Peru,77,86.0,53.0,Complete,Ground Pass
7546,Miguel Ángel Trauco Saavedra,Peru,77,74.0,41.0,Complete,Ground Pass
7546,Anderson Santamaría Bardales,Peru,77,64.0,45.0,Complete,Ground Pass
7546,N'Golo Kanté,France,77,32.0,44.0,Complete,Ground Pass
7546,Raphaël Varane,France,77,55.0,46.0,Complete,Ground Pass
7546,Lucas Hernández Pi,France,77,65.0,17.0,Complete,Ground Pass
7546,Paul Pogba,France,78,57.0,31.0,Complete,Ground Pass
7546,Raphaël Varane,France,78,54.0,59.0,Complete,High Pass
7546,Miguel Ángel Trauco Saavedra,Peru,78,32.0,13.0,Complete,Ground Pass
7546,Christian Alberto Cueva Bravo,Peru,78,54.0,20.0,Pass Offside,Ground Pass
7546,Benjamin Pavard,France,78,57.0,78.0,Complete,Ground Pass
7546,Ousmane Dembélé,France,78,67.0,79.0,Complete,Ground Pass
7546,Benjamin Pavard,France,78,54.0,79.0,Complete,Ground Pass
7546,N'Golo Kanté,France,78,63.0,66.0,Complete,Ground Pass
7546,Raphaël Varane,France,78,34.0,74.0,Complete,Ground Pass
7546,Hugo Lloris,France,78,15.0,49.0,Complete,Ground Pass
7546,Samuel Yves Umtiti,France,78,29.0,24.0,Complete,Ground Pass
7546,Paul Pogba,France,78,35.0,31.0,Complete,Low Pass
7546,Raphaël Varane,France,78,29.0,68.0,Complete,High Pass
7546,Ousmane Dembélé,France,78,55.0,68.0,Complete,Low Pass
7546,Benjamin Pavard,France,78,55.0,78.0,Complete,Ground Pass
7546,Olivier Giroud,France,78,69.0,78.0,Complete,Ground Pass
7546,Anderson Santamaría Bardales,Peru,78,33.0,24.0,Complete,Ground Pass
7546,Pedro Jesús Aquino Sánchez,Peru,79,48.0,35.0,Complete,Ground Pass
7546,Luis Jan Piers Advíncula Castrillón,Peru,79,45.0,57.0,Out,Ground Pass
7546,Paul Pogba,France,79,39.0,10.0,Complete,Ground Pass
7546,Benjamin Pavard,France,79,29.0,64.0,Complete,Ground Pass
7546,Ousmane Dembélé,France,79,51.0,71.0,Complete,Ground Pass
7546,Raphaël Varane,France,81,67.0,67.0,Complete,High Pass
7546,Olivier Giroud,France,81,106.0,52.0,Complete,Low Pass
7546,Luis Jan Piers Advíncula Castrillón,Peru,81,38.0,69.0,Incomplete,High Pass
7546,Benjamin Pavard,France,81,21.0,45.0,Incomplete,High Pass
7546,Miguel Ángel Trauco Saavedra,Peru,81,67.0,35.0,Complete,High Pass
7546,Christian Guillermo Martín Ramos Garagay,Peru,81,65.0,52.0,Complete,Ground Pass
7546,Luis Jan Piers Advíncula Castrillón,Peru,81,69.0,78.0,Complete,Ground Pass
7546,André Martín Carrillo Díaz,Peru,82,86.0,77.0,Complete,Ground Pass
7546,Samuel Yves Umtiti,France,82,51.0,13.0,Complete,High Pass
7546,Olivier Giroud,France,82,98.0,20.0,Incomplete,High Pass
7546,Pedro Jesús Aquino Sánchez,Peru,82,33.0,61.0,Complete,Ground Pass
7546,Raúl Mario Ruidíaz Misitich,Peru,82,47.0,54.0,Complete,Ground Pass
7546,Édison Michael Flores Peralta,Peru,82,38.0,43.0,Complete,Ground Pass
7546,Miguel Ángel Trauco Saavedra,Peru,82,27.0,35.0,Complete,Ground Pass
7546,Anderson Santamaría Bardales,Peru,82,25.0,40.0,Complete,Ground Pass
7546,Pedro Jesús Aquino Sánchez,Peru,82,40.0,47.0,Complete,Ground Pass
7546,Christian Guillermo Martín Ramos Garagay,Peru,83,72.0,77.0,Complete,High Pass
7546,Jefferson Agustín Farfán Guadalupe,Peru,83,94.0,19.0,Complete,Low Pass
7546,Miguel Ángel Trauco Saavedra,Peru,83,87.0,10.0,Complete,Ground Pass
7546,Édison Michael Flores Peralta,Peru,83,84.0,19.0,Incomplete,Ground Pass
7546,Édison Michael Flores Peralta,Peru,83,68.0,7.0,Complete,Ground Pass
7546,Anderson Santamaría Bardales,Peru,83,63.0,28.0,Complete,Ground Pass
7546,Édison Michael Flores Peralta,Peru,83,64.0,9.0,Complete,Ground Pass
7546,Miguel Ángel Trauco Saavedra,Peru,83,82.0,2.0,Complete,Ground Pass
7546,Jefferson Agustín Farfán Guadalupe,Peru,83,90.0,22.0,Complete,Ground Pass
7546,José Paolo Guerrero Gonzáles,Peru,83,116.0,17.0,Incomplete,High Pass
7546,Pedro Jesús Aquino Sánchez,Peru,84,120.0,2.0,Incomplete,High Pass
7546,Luis Jan Piers Advíncula Castrillón,Peru,84,94.0,80.0,Complete,High Pass
7546,José Paolo Guerrero Gonzáles,Peru,84,101.0,69.0,Incomplete,High Pass
7546,Olivier Giroud,France,84,29.0,27.0,Complete,Ground Pass
7546,Luis Jan Piers Advíncula Castrillón,Peru,84,72.0,79.0,Complete,Ground Pass
7546,André Martín Carrillo Díaz,Peru,84,53.0,78.0,Complete,Ground Pass
7546,Anderson Santamaría Bardales,Peru,84,50.0,47.0,Complete,Ground Pass
7546,Édison Michael Flores Peralta,Peru,84,54.0,30.0,Complete,Ground Pass
7546,Miguel Ángel Trauco Saavedra,Peru,84,55.0,6.0,Complete,Ground Pass
7546,Anderson Santamaría Bardales,Peru,85,47.0,20.0,Complete,Ground Pass
7546,Miguel Ángel Trauco Saavedra,Peru,85,48.0,2.0,Incomplete,Ground Pass
7546,Miguel Ángel Trauco Saavedra,Peru,85,59.0,1.0,Complete,High Pass
7546,Édison Michael Flores Peralta,Peru,85,64.0,8.0,Complete,Ground Pass
7546,Miguel Ángel Trauco Saavedra,Peru,85,58.0,4.0,Complete,Ground Pass
7546,Anderson Santamaría Bardales,Peru,85,50.0,9.0,Complete,Ground Pass
7546,Miguel Ángel Trauco Saavedra,Peru,85,54.0,2.0,Incomplete,High Pass
7546,Raphaël Varane,France,85,19.0,55.0,Complete,High Pass
7546,Christian Guillermo Martín Ramos Garagay,Peru,87,36.0,74.0,Complete,Ground Pass
7546,Édison Michael Flores Peralta,Peru,87,52.0,32.0,Complete,Ground Pass
7546,Miguel Ángel Trauco Saavedra,Peru,87,64.0,5.0,Complete,Ground Pass
7546,N'Golo Kanté,France,87,24.0,67.0,Complete,Ground Pass
7546,Benjamin Pavard,France,87,16.0,71.0,Incomplete,High Pass
7546,Anderson Santamaría Bardales,Peru,87,33.0,53.0,Complete,Ground Pass
7546,Luis Jan Piers Advíncula Castrillón,Peru,87,63.0,74.0,Out,High Pass
7546,Hugo Lloris,France,88,6.0,40.0,Incomplete,High Pass
7546,Pedro David Gallese Quiróz,Peru,89,17.0,49.0,Incomplete,High Pass
7546,Samuel Yves Umtiti,France,89,43.0,47.0,Incomplete,Low Pass
7546,Édison Michael Flores Peralta,Peru,89,68.0,32.0,Complete,High Pass
7546,Miguel Ángel Trauco Saavedra,Peru,89,72.0,5.0,Complete,Ground Pass
7546,Jefferson Agustín Farfán Guadalupe,Peru,89,87.0,6.0,Complete,Ground Pass
7546,Anderson Santamaría Bardales,Peru,89,63.0,25.0,Complete,Ground Pass
7546,André Martín Carrillo Díaz,Peru,89,68.0,29.0,Complete,Ground Pass
7546,Anderson Santamaría Bardales,Peru,89,64.0,28.0,Complete,Ground Pass
7546,Édison Michael Flores Peralta,Peru,89,67.0,13.0,Incomplete,Ground Pass
7546,Édison Michael Flores Peralta,Peru,89,53.0,2.0,Incomplete,Ground Pass
7546,Pedro Jesús Aquino Sánchez,Peru,89,50.0,18.0,Complete,Ground Pass
7546,Anderson Santamaría Bardales,Peru,89,32.0,24.0,Complete,Ground Pass
7546,Édison Michael Flores Peralta,Peru,89,34.0,7.0,Out,Ground Pass
7546,Nabil Fekir,France,89,91.0,80.0,Complete,Low Pass
7546,Olivier Giroud,France,89,92.0,71.0,Injury Clearance,Ground Pass
7546,Anderson Santamaría Bardales,Peru,90,22.0,16.0,Complete,Ground Pass
7546,Miguel Ángel Trauco Saavedra,Peru,90,40.0,3.0,Incomplete,High Pass
7546,Raphaël Varane,France,90,29.0,65.0,Incomplete,High Pass
7546,Édison Michael Flores Peralta,Peru,90,68.0,23.0,Incomplete,Low Pass
7546,Blaise Matuidi,France,90,43.0,33.0,Complete,Ground Pass
7546,Nabil Fekir,France,90,75.0,54.0,Complete,Ground Pass
7546,Ousmane Dembélé,France,90,105.0,68.0,Incomplete,Low Pass
7546,Ousmane Dembélé,France,90,119.0,80.0,Complete,Ground Pass
7546,Ousmane Dembélé,France,91,115.0,79.0,Incomplete,High Pass
7546,Pedro David Gallese Quiróz,Peru,91,6.0,40.0,Out,High Pass
7546,Lucas Hernández Pi,France,92,32.0,1.0,Complete,High Pass
7546,Olivier Giroud,France,92,57.0,13.0,Incomplete,Ground Pass
7546,André Martín Carrillo Díaz,Peru,92,78.0,74.0,Complete,Ground Pass
7546,Luis Jan Piers Advíncula Castrillón,Peru,92,71.0,79.0,Complete,High Pass
7546,Hugo Lloris,France,93,7.0,46.0,Complete,High Pass
7546,Olivier Giroud,France,93,63.0,77.0,Incomplete,High Pass
7546,Anderson Santamaría Bardales,Peru,93,60.0,25.0,Incomplete,Ground Pass
7546,N'Golo Kanté,France,93,48.0,72.0,Complete,Ground Pass
7546,Benjamin Pavard,France,93,49.0,78.0,Complete,Ground Pass
7546,Ousmane Dembélé,France,93,67.0,78.0,Complete,Ground Pass
7546,Nabil Fekir,France,93,66.0,66.0,Complete,Ground Pass
7546,Ousmane Dembélé,France,93,111.0,62.0,Incomplete,Low Pass
7546,Pedro David Gallese Quiróz,Peru,93,18.0,27.0,Complete,High Pass
7546,José Paolo Guerrero Gonzáles,Peru,93,74.0,26.0,Incomplete,Low Pass
7546,N'Golo Kanté,France,93,58.0,45.0,Complete,Ground Pass
7546,Blaise Matuidi,France,93,85.0,13.0,Complete,Ground Pass
7546,Ousmane Dembélé,France,94,120.0,1.0,Complete,Ground Pass
7546,Nabil Fekir,France,94,119.0,5.0,Incomplete,Ground Pass
7563,Antoine Griezmann,France,0,61.0,40.0,Complete,Ground Pass
7563,Steven N'Kemboanza Mike Christopher Nzonzi,France,0,44.0,38.0,Complete,Ground Pass
7563,Raphaël Varane,France,0,33.0,55.0,Complete,Ground Pass
7563,Djibril Sidibé,France,0,38.0,78.0,Complete,Ground Pass
7563,Raphaël Varane,France,0,32.0,66.0,Complete,Ground Pass
7563,Presnel Kimpembe,France,0,40.0,28.0,Complete,Ground Pass
7563,Raphaël Varane,France,0,54.0,60.0,Complete,Ground Pass
7563,Djibril Sidibé,France,0,54.0,79.0,Complete,Ground Pass
7563,Raphaël Varane,France,0,43.0,76.0,Complete,Ground Pass
7563,Presnel Kimpembe,France,0,44.0,37.0,Complete,Ground Pass
7563,Steven N'Kemboanza Mike Christopher Nzonzi,France,0,54.0,30.0,Complete,Ground Pass
7563,Presnel Kimpembe,France,0,55.0,15.0,Complete,Ground Pass
7563,Lucas Hernández Pi,France,0,80.0,3.0,Complete,Ground Pass
7563,Thomas Lemar,France,0,80.0,14.0,Complete,Ground Pass
7563,N'Golo Kanté,France,0,72.0,48.0,Complete,Ground Pass
7563,Djibril Sidibé,France,0,84.0,79.0,Complete,Ground Pass
7563,Ousmane Dembélé,France,0,84.0,74.0,Complete,Ground Pass
7563,Djibril Sidibé,France,0,71.0,79.0,Complete,Ground Pass
7563,N'Golo Kanté,France,0,70.0,70.0,Complete,Ground Pass
7563,Raphaël Varane,France,0,55.0,54.0,Complete,Ground Pass
7563,Presnel Kimpembe,France,0,59.0,32.0,Complete,Ground Pass
7563,Steven N'Kemboanza Mike Christopher Nzonzi,France,0,66.0,34.0,Complete,Ground Pass
7563,Presnel Kimpembe,France,1,65.0,15.0,Complete,Ground Pass
7563,Lucas Hernández Pi,France,1,79.0,3.0,Complete,Ground Pass
7563,Presnel Kimpembe,France,1,59.0,4.0,Complete,Ground Pass
7563,Steve Mandanda,France,1,25.0,31.0,Complete,Ground Pass
7563,Raphaël Varane,France,1,52.0,66.0,Complete,Ground Pass
7563,N'Golo Kanté,France,1,59.0,66.0,Complete,Ground Pass
7563,Ousmane Dembélé,France,1,77.0,79.0,Complete,Ground Pass
7563,N'Golo Kanté,France,1,70.0,70.0,Complete,Ground Pass
7563,Djibril Sidibé,France,1,66.0,79.0,Complete,Ground Pass
7563,Antoine Griezmann,France,1,79.0,78.0,Complete,Ground Pass
7563,Ousmane Dembélé,France,1,88.0,78.0,Incomplete,Ground Pass
7563,N'Golo Kanté,France,1,77.0,76.0,Incomplete,Ground Pass
7563,Ousmane Dembélé,France,1,85.0,77.0,Complete,Ground Pass
7563,Antoine Griezmann,France,1,87.0,79.0,Complete,Ground Pass
7563,Djibril Sidibé,France,1,109.0,79.0,Incomplete,Ground Pass
7563,Kasper Schmeichel,Denmark,2,26.0,5.0,Complete,High Pass
7563,Andreas Evald Cornelius,Denmark,2,95.0,45.0,Complete,High Pass
7563,Martin Braithwaite Christensen,Denmark,2,93.0,71.0,Complete,Ground Pass
7563,Henrik Dalsgaard,Denmark,2,81.0,77.0,Complete,High Pass
7563,Christian Dannemann Eriksen,Denmark,2,94.0,55.0,Complete,Low Pass
7563,Thomas Delaney,Denmark,2,91.0,60.0,Complete,Ground Pass
7563,Christian Dannemann Eriksen,Denmark,2,92.0,53.0,Complete,Ground Pass
7563,N'Golo Kanté,France,2,29.0,37.0,Complete,Low Pass
7563,Thomas Lemar,France,2,37.0,29.0,Incomplete,High Pass
7563,Jens Stryger Larsen,Denmark,2,36.0,4.0,Complete,Ground Pass
7563,Kasper Schmeichel,Denmark,3,22.0,50.0,Incomplete,High Pass
7563,Presnel Kimpembe,France,3,25.0,20.0,Incomplete,High Pass
7563,Presnel Kimpembe,France,3,3.0,23.0,Complete,Ground Pass
7563,Steve Mandanda,France,4,10.0,15.0,Complete,High Pass
7563,Olivier Giroud,France,4,69.0,6.0,Complete,Low Pass
7563,Antoine Griezmann,France,4,80.0,14.0,Incomplete,Low Pass
7563,Thomas Delaney,Denmark,4,43.0,72.0,Complete,Ground Pass
7563,Henrik Dalsgaard,Denmark,4,34.0,74.0,Incomplete,Ground Pass
7563,Steven N'Kemboanza Mike Christopher Nzonzi,France,4,69.0,10.0,Out,High Pass
7563,Henrik Dalsgaard,Denmark,4,30.0,80.0,Incomplete,High Pass
7563,Steven N'Kemboanza Mike Christopher Nzonzi,France,4,63.0,7.0,Out,Low Pass
7563,Henrik Dalsgaard,Denmark,4,54.0,80.0,Complete,High Pass
7563,Andreas Evald Cornelius,Denmark,4,83.0,69.0,Incomplete,High Pass
7563,Djibril Sidibé,France,4,27.0,40.0,Complete,Ground Pass
7563,Steve Mandanda,France,4,9.0,40.0,Incomplete,High Pass
7563,Mathias Jørgensen Jatta,Denmark,4,59.0,37.0,Complete,Ground Pass
7563,Thomas Delaney,Denmark,4,65.0,34.0,Complete,Ground Pass
7563,Mathias Jørgensen Jatta,Denmark,4,56.0,32.0,Incomplete,Ground Pass
7563,Djibril Sidibé,France,4,68.0,80.0,Complete,Ground Pass
7563,Ousmane Dembélé,France,4,76.0,79.0,Complete,Ground Pass
7563,Djibril Sidibé,France,4,67.0,79.0,Complete,High Pass
7563,Antoine Griezmann,France,5,79.0,79.0,Complete,Ground Pass
7563,Raphaël Varane,France,5,63.0,74.0,Incomplete,High Pass
7563,Henrik Dalsgaard,Denmark,5,31.0,68.0,Complete,High Pass
7563,Martin Braithwaite Christensen,Denmark,5,58.0,79.0,Complete,Ground Pass
7563,Christian Dannemann Eriksen,Denmark,5,53.0,70.0,Complete,Ground Pass
7563,Martin Braithwaite Christensen,Denmark,5,118.0,59.0,Incomplete,Ground Pass
7563,Christian Dannemann Eriksen,Denmark,6,119.0,80.0,Incomplete,High Pass
7563,Djibril Sidibé,France,6,41.0,79.0,Complete,Ground Pass
7563,Ousmane Dembélé,France,6,56.0,80.0,Complete,Ground Pass
7563,Djibril Sidibé,France,6,42.0,78.0,Complete,Ground Pass
7563,Raphaël Varane,France,6,40.0,60.0,Complete,Ground Pass
7563,Presnel Kimpembe,France,6,48.0,24.0,Complete,Ground Pass
7563,Lucas Hernández Pi,France,6,109.0,2.0,Complete,Low Pass
7563,Thomas Lemar,France,6,107.0,8.0,Complete,Low Pass
7563,Henrik Dalsgaard,Denmark,7,17.0,80.0,Complete,High Pass
7563,Andreas Evald Cornelius,Denmark,7,58.0,77.0,Incomplete,Low Pass
7563,Lucas Hernández Pi,France,7,53.0,6.0,Complete,Low Pass
7563,Presnel Kimpembe,France,7,37.0,3.0,Complete,Ground Pass
7563,Steve Mandanda,France,7,16.0,31.0,Complete,Ground Pass
7563,Raphaël Varane,France,7,37.0,64.0,Complete,Ground Pass
7563,Djibril Sidibé,France,7,48.0,79.0,Complete,Ground Pass
7563,Raphaël Varane,France,7,44.0,68.0,Complete,Ground Pass
7563,Ousmane Dembélé,France,7,70.0,71.0,Complete,Ground Pass
7563,Antoine Griezmann,France,7,108.0,69.0,Incomplete,Ground Pass
7563,N'Golo Kanté,France,8,91.0,75.0,Incomplete,High Pass
7563,Kasper Schmeichel,Denmark,8,18.0,44.0,Complete,High Pass
7563,Andreas Evald Cornelius,Denmark,8,96.0,55.0,Complete,Low Pass
7563,Christian Dannemann Eriksen,Denmark,8,91.0,50.0,Complete,Ground Pass
7563,Martin Braithwaite Christensen,Denmark,8,92.0,69.0,Complete,Ground Pass
7563,Henrik Dalsgaard,Denmark,8,82.0,64.0,Complete,Ground Pass
7563,Christian Dannemann Eriksen,Denmark,8,86.0,62.0,Out,Ground Pass
7563,Lucas Hernández Pi,France,8,38.0,2.0,Complete,High Pass
7563,Olivier Giroud,France,8,54.0,15.0,Incomplete,Low Pass
7563,Henrik Dalsgaard,Denmark,8,62.0,66.0,Complete,Low Pass
7563,Thomas Delaney,Denmark,8,68.0,56.0,Complete,Ground Pass
7563,Pione Sisto Ifolo Emirmija,Denmark,8,67.0,49.0,Complete,Ground Pass
7563,Mathias Jørgensen Jatta,Denmark,8,54.0,42.0,Complete,Ground Pass
7563,Simon Thorup Kjær,Denmark,8,55.0,56.0,Complete,Ground Pass
7563,Henrik Dalsgaard,Denmark,8,63.0,78.0,Complete,Ground Pass
7563,Martin Braithwaite Christensen,Denmark,8,75.0,79.0,Out,Ground Pass
7563,Lucas Hernández Pi,France,9,38.0,2.0,Complete,Low Pass
7563,Presnel Kimpembe,France,9,24.0,13.0,Complete,Ground Pass
7563,Steven N'Kemboanza Mike Christopher Nzonzi,France,9,36.0,24.0,Complete,Ground Pass
7563,Presnel Kimpembe,France,9,42.0,23.0,Complete,Ground Pass
7563,Raphaël Varane,France,9,37.0,60.0,Complete,Ground Pass
7563,Ousmane Dembélé,France,9,66.0,61.0,Complete,High Pass
7563,Henrik Dalsgaard,Denmark,9,34.0,80.0,Complete,Low Pass
7563,Simon Thorup Kjær,Denmark,9,27.0,56.0,Complete,Ground Pass
7563,Mathias Jørgensen Jatta,Denmark,9,24.0,24.0,Complete,Ground Pass
7563,Simon Thorup Kjær,Denmark,9,33.0,63.0,Incomplete,High Pass
7563,Steve Mandanda,France,10,13.0,21.0,Unknown,High Pass
7563,Thomas Lemar,France,10,70.0,4.0,Complete,Ground Pass
7563,Presnel Kimpembe,France,10,53.0,14.0,Complete,Ground Pass
7563,Raphaël Varane,France,10,50.0,51.0,Complete,Ground Pass
7563,Djibril Sidibé,France,10,59.0,78.0,Out,High Pass
7563,Mathias Jørgensen Jatta,Denmark,11,21.0,22.0,Complete,Ground Pass
7563,Andreas Christensen,Denmark,11,33.0,27.0,Complete,Ground Pass
7563,Jens Stryger Larsen,Denmark,11,36.0,4.0,Complete,Ground Pass
7563,Andreas Christensen,Denmark,11,33.0,16.0,Incomplete,Ground Pass
7563,Djibril Sidibé,France,11,67.0,77.0,Complete,Ground Pass
7563,Andreas Christensen,Denmark,11,39.0,18.0,Complete,Ground Pass
7563,Christian Dannemann Eriksen,Denmark,11,42.0,24.0,Incomplete,High Pass
7563,Djibril Sidibé,France,11,36.0,67.0,Complete,Ground Pass
7563,Steve Mandanda,France,11,11.0,43.0,Complete,High Pass
7563,Thomas Delaney,Denmark,11,56.0,17.0,Complete,Low Pass
7563,Simon Thorup Kjær,Denmark,11,37.0,30.0,Complete,Ground Pass
7563,Mathias Jørgensen Jatta,Denmark,11,34.0,25.0,Complete,Ground Pass
7563,Kasper Schmeichel,Denmark,11,11.0,54.0,Incomplete,High Pass
7563,Steve Mandanda,France,12,15.0,55.0,Complete,Ground Pass
7563,N'Golo Kanté,France,12,41.0,59.0,Complete,Ground Pass
7563,Djibril Sidibé,France,12,50.0,79.0,Complete,Ground Pass
7563,N'Golo Kanté,France,12,54.0,54.0,Complete,Ground Pass
7563,Thomas Lemar,France,12,64.0,50.0,Complete,Ground Pass
7563,N'Golo Kanté,France,12,55.0,57.0,Complete,Ground Pass
7563,Djibril Sidibé,France,12,55.0,78.0,Complete,Ground Pass
7563,Raphaël Varane,France,12,38.0,58.0,Complete,Ground Pass
7563,Presnel Kimpembe,France,12,55.0,24.0,Complete,Ground Pass
7563,Lucas Hernández Pi,France,12,88.0,5.0,Complete,Ground Pass
7563,Antoine Griezmann,France,12,88.0,14.0,Complete,Ground Pass
7563,Steven N'Kemboanza Mike Christopher Nzonzi,France,12,76.0,9.0,Complete,Ground Pass
7563,Antoine Griezmann,France,12,83.0,7.0,Complete,Ground Pass
7563,Steven N'Kemboanza Mike Christopher Nzonzi,France,12,74.0,6.0,Complete,Ground Pass
7563,Antoine Griezmann,France,12,86.0,1.0,Incomplete,High Pass
7563,Henrik Dalsgaard,Denmark,12,16.0,68.0,Out,Low Pass
7563,Lucas Hernández Pi,France,12,100.0,1.0,Complete,Low Pass
7563,Thomas Lemar,France,12,99.0,10.0,Complete,Low Pass
7563,Antoine Griezmann,France,12,95.0,10.0,Complete,Ground Pass
7563,Steven N'Kemboanza Mike Christopher Nzonzi,France,12,83.0,5.0,Complete,Ground Pass
7563,Thomas Lemar,France,12,79.0,21.0,Complete,Ground Pass
7563,Raphaël Varane,France,12,67.0,44.0,Complete,Ground Pass
7563,Djibril Sidibé,France,13,79.0,78.0,Complete,Ground Pass
7563,Ousmane Dembélé,France,13,88.0,79.0,Complete,Ground Pass
7563,Djibril Sidibé,France,13,81.0,78.0,Complete,Ground Pass
7563,N'Golo Kanté,France,13,73.0,76.0,Incomplete,Ground Pass
7563,Christian Dannemann Eriksen,Denmark,13,41.0,16.0,Complete,Ground Pass
7563,Andreas Evald Cornelius,Denmark,13,58.0,2.0,Incomplete,Ground Pass
7563,Raphaël Varane,France,13,66.0,79.0,Incomplete,Ground Pass
7563,Raphaël Varane,France,13,42.0,66.0,Complete,Ground Pass
7563,Presnel Kimpembe,France,13,48.0,37.0,Complete,Ground Pass
7563,Steven N'Kemboanza Mike Christopher Nzonzi,France,13,64.0,24.0,Complete,Ground Pass
7563,Lucas Hernández Pi,France,13,87.0,4.0,Complete,Ground Pass
7563,Steven N'Kemboanza Mike Christopher Nzonzi,France,13,79.0,6.0,Complete,Ground Pass
7563,Thomas Lemar,France,13,70.0,31.0,Complete,Ground Pass
7563,Raphaël Varane,France,13,83.0,68.0,Complete,Ground Pass
7563,Djibril Sidibé,France,13,92.0,67.0,Incomplete,Ground Pass
7563,Raphaël Varane,France,14,83.0,70.0,Complete,Ground Pass
7563,Djibril Sidibé,France,14,91.0,78.0,Complete,Ground Pass
7563,Ousmane Dembélé,France,14,91.0,74.0,Complete,Ground Pass
7563,Raphaël Varane,France,14,82.0,76.0,Complete,Ground Pass
7563,Antoine Griezmann,France,14,85.0,69.0,Complete,Ground Pass
7563,Thomas Lemar,France,14,90.0,58.0,Complete,Ground Pass
7563,Steven N'Kemboanza Mike Christopher Nzonzi,France,14,81.0,51.0,Complete,High Pass
7563,Lucas Hernández Pi,France,14,107.0,9.0,Complete,Ground Pass
7563,Olivier Giroud,France,14,107.0,27.0,Complete,Ground Pass
7563,Lucas Hernández Pi,France,14,109.0,23.0,Complete,Ground Pass
7563,Thomas Lemar,France,15,120.0,2.0,Complete,High Pass
7563,Thomas Delaney,Denmark,16,77.0,14.0,Complete,Ground Pass
7563,Pione Sisto Ifolo Emirmija,Denmark,16,89.0,3.0,Complete,Ground Pass
7563,Jens Stryger Larsen,Denmark,16,77.0,3.0,Incomplete,Low Pass
7563,Raphaël Varane,France,16,20.0,70.0,Complete,Ground Pass
7563,Djibril Sidibé,France,16,30.0,79.0,Complete,Ground Pass
7563,Olivier Giroud,France,16,48.0,71.0,Complete,Ground Pass
7563,Raphaël Varane,France,16,28.0,62.0,Complete,Ground Pass
7563,Djibril Sidibé,France,16,55.0,79.0,Complete,Ground Pass
7563,Djibril Sidibé,France,16,57.0,79.0,Complete,Ground Pass
7563,N'Golo Kanté,France,16,59.0,54.0,Complete,High Pass
7563,Lucas Hernández Pi,France,16,86.0,6.0,Complete,Ground Pass
7563,Thomas Lemar,France,16,83.0,9.0,Complete,Ground Pass
7563,Steven N'Kemboanza Mike Christopher Nzonzi,France,16,83.0,15.0,Complete,Ground Pass
7563,Lucas Hernández Pi,France,16,86.0,3.0,Complete,Ground Pass
7563,Presnel Kimpembe,France,16,70.0,33.0,Complete,Ground Pass
7563,Raphaël Varane,France,17,71.0,56.0,Complete,Ground Pass
7563,Antoine Griezmann,France,17,82.0,52.0,Complete,Ground Pass
7563,Thomas Lemar,France,17,70.0,32.0,Complete,Ground Pass
7563,Antoine Griezmann,France,17,72.0,30.0,Complete,Ground Pass
7563,Thomas Lemar,France,17,87.0,14.0,Complete,Ground Pass
7563,Lucas Hernández Pi,France,17,101.0,3.0,Complete,Ground Pass
7563,Thomas Lemar,France,17,89.0,6.0,Complete,Ground Pass
7563,Antoine Griezmann,France,17,106.0,13.0,Incomplete,Ground Pass
7563,Thomas Delaney,Denmark,17,26.0,52.0,Complete,Ground Pass
7563,Steve Mandanda,France,17,8.0,39.0,Complete,Ground Pass
7563,Djibril Sidibé,France,17,79.0,79.0,Complete,Ground Pass
7563,Ousmane Dembélé,France,17,97.0,62.0,Complete,Ground Pass
7563,Djibril Sidibé,France,17,118.0,65.0,Incomplete,High Pass
7563,Pione Sisto Ifolo Emirmija,Denmark,17,8.0,21.0,Complete,High Pass
7563,Martin Braithwaite Christensen,Denmark,18,30.0,43.0,Incomplete,High Pass
7563,N'Golo Kanté,France,18,83.0,48.0,Complete,Ground Pass
7563,Antoine Griezmann,France,18,83.0,56.0,Complete,Ground Pass
7563,Ousmane Dembélé,France,18,91.0,55.0,Complete,Ground Pass
7563,Djibril Sidibé,France,18,94.0,79.0,Complete,Ground Pass
7563,Kasper Schmeichel,Denmark,18,6.0,43.0,Complete,High Pass
7563,Pione Sisto Ifolo Emirmija,Denmark,18,69.0,16.0,Out,High Pass
7563,Steve Mandanda,France,19,6.0,34.0,Complete,Ground Pass
7563,Raphaël Varane,France,19,34.0,64.0,Complete,Ground Pass
7563,N'Golo Kanté,France,19,52.0,52.0,Complete,Ground Pass
7563,Antoine Griezmann,France,19,56.0,49.0,Complete,Ground Pass
7563,Raphaël Varane,France,19,55.0,64.0,Complete,Ground Pass
7563,N'Golo Kanté,France,19,54.0,57.0,Complete,Ground Pass
7563,Raphaël Varane,France,19,57.0,67.0,Unknown,High Pass
7563,Lucas Hernández Pi,France,20,35.0,2.0,Complete,Low Pass
7563,Steven N'Kemboanza Mike Christopher Nzonzi,France,20,42.0,8.0,Complete,Ground Pass
7563,Lucas Hernández Pi,France,20,36.0,2.0,Complete,Ground Pass
7563,Antoine Griezmann,France,20,44.0,15.0,Complete,Ground Pass
7563,Steven N'Kemboanza Mike Christopher Nzonzi,France,20,48.0,7.0,Complete,Ground Pass
7563,Lucas Hernández Pi,France,20,33.0,4.0,Complete,Ground Pass
7563,Presnel Kimpembe,France,20,20.0,11.0,Complete,Ground Pass
7563,Steve Mandanda,France,20,8.0,37.0,Incomplete,High Pass
7563,Simon Thorup Kjær,Denmark,20,51.0,46.0,Complete,Low Pass
7563,Thomas Delaney,Denmark,20,58.0,49.0,Complete,High Pass
7563,Henrik Dalsgaard,Denmark,20,31.0,56.0,Complete,Ground Pass
7563,Mathias Jørgensen Jatta,Denmark,20,32.0,23.0,Complete,Ground Pass
7563,Pione Sisto Ifolo Emirmija,Denmark,20,53.0,21.0,Incomplete,Low Pass
7563,Djibril Sidibé,France,20,75.0,51.0,Incomplete,Low Pass
7563,Henrik Dalsgaard,Denmark,20,35.0,41.0,Complete,Ground Pass
7563,Kasper Schmeichel,Denmark,20,10.0,35.0,Incomplete,High Pass
7563,Djibril Sidibé,France,20,55.0,69.0,Complete,Low Pass
7563,Ousmane Dembélé,France,20,68.0,52.0,Complete,Ground Pass
7563,Antoine Griezmann,France,20,74.0,44.0,Incomplete,Ground Pass
7563,Martin Braithwaite Christensen,Denmark,20,46.0,48.0,Complete,Ground Pass
7563,Henrik Dalsgaard,Denmark,20,32.0,50.0,Complete,Ground Pass
7563,Martin Braithwaite Christensen,Denmark,20,39.0,70.0,Complete,Ground Pass
7563,Henrik Dalsgaard,Denmark,20,35.0,69.0,Complete,Ground Pass
7563,Simon Thorup Kjær,Denmark,20,28.0,55.0,Complete,Ground Pass
7563,Mathias Jørgensen Jatta,Denmark,21,32.0,15.0,Complete,Ground Pass
7563,Kasper Schmeichel,Denmark,21,16.0,42.0,Complete,High Pass
7563,Martin Braithwaite Christensen,Denmark,21,79.0,74.0,Complete,High Pass
7563,Thomas Delaney,Denmark,21,65.0,52.0,Incomplete,High Pass
7563,Christian Dannemann Eriksen,Denmark,21,119.0,80.0,Incomplete,High Pass
7563,Mathias Jørgensen Jatta,Denmark,21,96.0,34.0,Complete,Low Pass
7563,Andreas Christensen,Denmark,21,106.0,36.0,Incomplete,High Pass
7563,Simon Thorup Kjær,Denmark,22,95.0,48.0,Complete,Low Pass
7563,Pione Sisto Ifolo Emirmija,Denmark,22,86.0,56.0,Complete,Ground Pass
7563,Jens Stryger Larsen,Denmark,22,60.0,51.0,Complete,Ground Pass
7563,Simon Thorup Kjær,Denmark,22,66.0,54.0,Complete,Ground Pass
7563,Jens Stryger Larsen,Denmark,22,46.0,40.0,Complete,Ground Pass
7563,Simon Thorup Kjær,Denmark,22,47.0,63.0,Out,High Pass
7563,Lucas Hernández Pi,France,22,30.0,2.0,Complete,High Pass
7563,Antoine Griezmann,France,22,39.0,3.0,Complete,High Pass
7563,Steven N'Kemboanza Mike Christopher Nzonzi,France,22,45.0,5.0,Incomplete,High Pass
7563,Henrik Dalsgaard,Denmark,22,60.0,75.0,Incomplete,High Pass
7563,Antoine Griezmann,France,22,45.0,11.0,Incomplete,High Pass
7563,Andreas Christensen,Denmark,22,70.0,72.0,Complete,High Pass
7563,Steven N'Kemboanza Mike Christopher Nzonzi,France,22,52.0,3.0,Complete,Ground Pass
7563,Olivier Giroud,France,22,57.0,4.0,Complete,Ground Pass
7563,Presnel Kimpembe,France,23,50.0,10.0,Complete,Ground Pass
7563,Raphaël Varane,France,23,42.0,51.0,Complete,Ground Pass
7563,Djibril Sidibé,France,23,55.0,78.0,Complete,Ground Pass
7563,Ousmane Dembélé,France,23,67.0,79.0,Complete,Ground Pass
7563,Djibril Sidibé,France,23,51.0,78.0,Complete,Ground Pass
7563,Raphaël Varane,France,23,38.0,67.0,Complete,Ground Pass
7563,Presnel Kimpembe,France,23,60.0,25.0,Complete,Ground Pass
7563,Lucas Hernández Pi,France,23,82.0,2.0,Complete,Ground Pass
7563,Antoine Griezmann,France,23,81.0,11.0,Complete,Ground Pass
7563,Thomas Lemar,France,23,66.0,4.0,Complete,Ground Pass
7563,Raphaël Varane,France,23,51.0,43.0,Complete,Ground Pass
7563,N'Golo Kanté,France,23,68.0,53.0,Complete,Ground Pass
7563,Djibril Sidibé,France,23,68.0,78.0,Complete,Ground Pass
7563,N'Golo Kanté,France,23,71.0,71.0,Complete,Ground Pass
7563,Ousmane Dembélé,France,23,83.0,69.0,Complete,Ground Pass
7563,Olivier Giroud,France,24,92.0,66.0,Complete,Ground Pass
7563,Djibril Sidibé,France,24,104.0,63.0,Incomplete,Low Pass
7563,Mathias Jørgensen Jatta,Denmark,24,6.0,24.0,Incomplete,Low Pass
7563,Pione Sisto Ifolo Emirmija,Denmark,24,5.0,3.0,Complete,Ground Pass
7563,Mathias Jørgensen Jatta,Denmark,24,2.0,10.0,Complete,High Pass
7563,Andreas Evald Cornelius,Denmark,24,53.0,3.0,Incomplete,High Pass
7563,Raphaël Varane,France,24,50.0,76.0,Complete,Ground Pass
7563,Steve Mandanda,France,24,16.0,48.0,Complete,Ground Pass
7563,Raphaël Varane,France,24,36.0,72.0,Complete,Ground Pass
7563,N'Golo Kanté,France,24,58.0,77.0,Complete,Ground Pass
7563,Steven N'Kemboanza Mike Christopher Nzonzi,France,24,68.0,60.0,Complete,Ground Pass
7563,N'Golo Kanté,France,24,67.0,69.0,Complete,Ground Pass
7563,Steven N'Kemboanza Mike Christopher Nzonzi,France,24,71.0,61.0,Complete,Ground Pass
7563,Thomas Lemar,France,24,69.0,21.0,Complete,Ground Pass
7563,Lucas Hernández Pi,France,24,78.0,7.0,Complete,Ground Pass
7563,Presnel Kimpembe,France,24,59.0,21.0,Complete,Ground Pass
7563,N'Golo Kanté,France,24,82.0,54.0,Complete,Ground Pass
7563,Ousmane Dembélé,France,25,91.0,61.0,Complete,Ground Pass
7563,Lucas Hernández Pi,France,25,118.0,16.0,Incomplete,Ground Pass
7563,Christian Dannemann Eriksen,Denmark,25,10.0,53.0,Incomplete,High Pass
7563,Raphaël Varane,France,25,74.0,28.0,Complete,Ground Pass
7563,Steven N'Kemboanza Mike Christopher Nzonzi,France,25,83.0,13.0,Complete,Ground Pass
7563,Lucas Hernández Pi,France,25,97.0,11.0,Complete,Ground Pass
7563,Steven N'Kemboanza Mike Christopher Nzonzi,France,25,87.0,10.0,Complete,Ground Pass
7563,Antoine Griezmann,France,25,87.0,17.0,Complete,Ground Pass
7563,Thomas Lemar,France,26,92.0,19.0,Incomplete,High Pass
7563,Ousmane Dembélé,France,26,119.0,79.0,Incomplete,High Pass
7563,Lucas Hernández Pi,France,27,65.0,31.0,Complete,Ground Pass
7563,N'Golo Kanté,France,27,56.0,49.0,Complete,Ground Pass
7563,Pione Sisto Ifolo Emirmija,Denmark,27,64.0,31.0,Injury Clearance,Low Pass
7563,Steve Mandanda,France,28,17.0,40.0,Complete,Ground Pass
7563,Raphaël Varane,France,28,38.0,61.0,Complete,Ground Pass
7563,Presnel Kimpembe,France,28,47.0,25.0,Complete,Ground Pass
7563,Steven N'Kemboanza Mike Christopher Nzonzi,France,28,56.0,28.0,Complete,Ground Pass
7563,Presnel Kimpembe,France,28,50.0,26.0,Complete,Ground Pass
7563,N'Golo Kanté,France,28,66.0,48.0,Complete,Low Pass
7563,Antoine Griezmann,France,28,82.0,32.0,Complete,Ground Pass
7563,Thomas Lemar,France,28,91.0,25.0,Complete,Ground Pass
7563,Antoine Griezmann,France,28,95.0,22.0,Complete,Ground Pass
7563,Thomas Lemar,France,28,108.0,4.0,Complete,Ground Pass
7563,Antoine Griezmann,France,28,105.0,18.0,Incomplete,High Pass
7563,Jens Stryger Larsen,Denmark,28,2.0,13.0,Incomplete,High Pass
7563,Thomas Delaney,Denmark,28,57.0,2.0,Complete,Ground Pass
7563,Andreas Evald Cornelius,Denmark,28,104.0,3.0,Incomplete,Ground Pass
7563,Lucas Hernández Pi,France,28,24.0,8.0,Incomplete,High Pass
7563,Thomas Delaney,Denmark,29,64.0,26.0,Complete,High Pass
7563,Andreas Evald Cornelius,Denmark,29,81.0,30.0,Incomplete,High Pass
7563,Thomas Lemar,France,29,63.0,51.0,Complete,Ground Pass
7563,Ousmane Dembélé,France,29,92.0,61.0,Complete,Ground Pass
7563,Thomas Lemar,France,29,96.0,44.0,Complete,Low Pass
7563,Simon Thorup Kjær,Denmark,29,15.0,33.0,Complete,High Pass
7563,Jens Stryger Larsen,Denmark,29,15.0,29.0,Incomplete,High Pass
7563,N'Golo Kanté,France,29,76.0,73.0,Complete,Ground Pass
7563,Djibril Sidibé,France,29,96.0,79.0,Incomplete,Ground Pass
7563,Raphaël Varane,France,29,30.0,66.0,Complete,Ground Pass
7563,Presnel Kimpembe,France,29,55.0,29.0,Complete,Ground Pass
7563,Steven N'Kemboanza Mike Christopher Nzonzi,France,29,66.0,36.0,Complete,Ground Pass
7563,Raphaël Varane,France,29,51.0,61.0,Complete,Ground Pass
7563,N'Golo Kanté,France,29,68.0,70.0,Complete,Ground Pass
7563,Djibril Sidibé,France,29,78.0,79.0,Complete,Ground Pass
7563,N'Golo Kanté,France,29,71.0,73.0,Incomplete,Ground Pass
7563,Jens Stryger Larsen,Denmark,29,43.0,3.0,Complete,Ground Pass
7563,Thomas Delaney,Denmark,29,48.0,7.0,Complete,Ground Pass
7563,Raphaël Varane,France,30,38.0,78.0,Incomplete,Low Pass
7563,Andreas Evald Cornelius,Denmark,30,78.0,8.0,Incomplete,High Pass
7563,Raphaël Varane,France,30,37.0,75.0,Incomplete,High Pass
7563,Thomas Delaney,Denmark,30,72.0,6.0,Incomplete,High Pass
7563,Steven N'Kemboanza Mike Christopher Nzonzi,France,30,35.0,66.0,Complete,High Pass
7563,N'Golo Kanté,France,30,42.0,66.0,Complete,Low Pass
7563,Antoine Griezmann,France,30,42.0,54.0,Complete,Low Pass
7563,Lucas Hernández Pi,France,30,60.0,19.0,Complete,Ground Pass
7563,Thomas Delaney,Denmark,30,36.0,56.0,Complete,Ground Pass
7563,Andreas Evald Cornelius,Denmark,30,49.0,51.0,Complete,Ground Pass
7563,Lucas Hernández Pi,France,31,86.0,1.0,Complete,High Pass
7563,Antoine Griezmann,France,31,85.0,24.0,Complete,Ground Pass
7563,Djibril Sidibé,France,31,67.0,54.0,Complete,Ground Pass
7563,Jens Stryger Larsen,Denmark,32,45.0,1.0,Incomplete,High Pass
7563,Steven N'Kemboanza Mike Christopher Nzonzi,France,32,55.0,57.0,Incomplete,Low Pass
7563,Thomas Delaney,Denmark,32,49.0,24.0,Complete,Low Pass
7563,Simon Thorup Kjær,Denmark,32,34.0,28.0,Incomplete,High Pass
7563,Lucas Hernández Pi,France,32,35.0,19.0,Complete,High Pass
7563,Steven N'Kemboanza Mike Christopher Nzonzi,France,32,42.0,22.0,Incomplete,High Pass
7563,Christian Dannemann Eriksen,Denmark,32,72.0,54.0,Incomplete,Low Pass
7563,Djibril Sidibé,France,32,55.0,76.0,Complete,Ground Pass
7563,Ousmane Dembélé,France,32,80.0,75.0,Complete,Ground Pass
7563,Olivier Giroud,France,32,108.0,77.0,Complete,Ground Pass
7563,Djibril Sidibé,France,32,99.0,79.0,Complete,Ground Pass
7563,Presnel Kimpembe,France,33,37.0,15.0,Incomplete,Low Pass
7563,Christian Dannemann Eriksen,Denmark,33,80.0,77.0,Complete,Ground Pass
7563,Pione Sisto Ifolo Emirmija,Denmark,33,87.0,52.0,Incomplete,High Pass
7563,Steve Mandanda,France,33,15.0,47.0,Complete,Ground Pass
7563,Presnel Kimpembe,France,34,38.0,28.0,Complete,Ground Pass
7563,N'Golo Kanté,France,34,48.0,18.0,Complete,Ground Pass
7563,Lucas Hernández Pi,France,34,65.0,3.0,Incomplete,Ground Pass
7563,Lucas Hernández Pi,France,34,89.0,1.0,Complete,Low Pass
7563,N'Golo Kanté,France,34,76.0,10.0,Complete,Ground Pass
7563,Antoine Griezmann,France,34,83.0,17.0,Complete,Ground Pass
7563,N'Golo Kanté,France,34,78.0,11.0,Complete,Ground Pass
7563,Steven N'Kemboanza Mike Christopher Nzonzi,France,34,79.0,21.0,Complete,Ground Pass
7563,N'Golo Kanté,France,34,68.0,16.0,Complete,Ground Pass
7563,Raphaël Varane,France,34,62.0,48.0,Complete,Ground Pass
7563,Djibril Sidibé,France,34,72.0,78.0,Complete,Ground Pass
7563,Raphaël Varane,France,34,66.0,57.0,Complete,Ground Pass
7563,Ousmane Dembélé,France,34,75.0,41.0,Complete,High Pass
7563,Lucas Hernández Pi,France,34,104.0,13.0,Incomplete,Low Pass
7563,Henrik Dalsgaard,Denmark,34,10.0,56.0,Incomplete,High Pass
7563,Steve Mandanda,France,35,34.0,34.0,Complete,Ground Pass
7563,Raphaël Varane,France,35,52.0,53.0,Complete,Ground Pass
7563,Djibril Sidibé,France,35,65.0,70.0,Complete,Ground Pass
7563,Steven N'Kemboanza Mike Christopher Nzonzi,France,35,64.0,50.0,Complete,Ground Pass
7563,Presnel Kimpembe,France,35,59.0,27.0,Complete,Ground Pass
7563,N'Golo Kanté,France,35,70.0,10.0,Complete,Ground Pass
7563,Lucas Hernández Pi,France,35,86.0,2.0,Complete,Ground Pass
7563,Thomas Lemar,France,35,84.0,14.0,Complete,Ground Pass
7563,N'Golo Kanté,France,35,83.0,20.0,Complete,Ground Pass
7563,Olivier Giroud,France,35,95.0,32.0,Incomplete,High Pass
7563,Presnel Kimpembe,France,35,44.0,37.0,Incomplete,High Pass
7563,Thomas Delaney,Denmark,35,66.0,46.0,Complete,High Pass
7563,Steven N'Kemboanza Mike Christopher Nzonzi,France,35,50.0,46.0,Complete,Ground Pass
7563,Ousmane Dembélé,France,35,53.0,45.0,Complete,Ground Pass
7563,Thomas Lemar,France,35,68.0,31.0,Complete,Ground Pass
7563,Steven N'Kemboanza Mike Christopher Nzonzi,France,36,65.0,52.0,Complete,Ground Pass
7563,Djibril Sidibé,France,36,83.0,78.0,Complete,Ground Pass
7563,Ousmane Dembélé,France,36,79.0,68.0,Complete,Ground Pass
7563,Steven N'Kemboanza Mike Christopher Nzonzi,France,36,77.0,64.0,Complete,Ground Pass
7563,Ousmane Dembélé,France,36,83.0,67.0,Complete,Ground Pass
7563,Christian Dannemann Eriksen,Denmark,36,26.0,16.0,Complete,Ground Pass
7563,Jens Stryger Larsen,Denmark,36,20.0,17.0,Complete,Ground Pass
7563,Mathias Jørgensen Jatta,Denmark,36,21.0,24.0,Incomplete,High Pass
7563,Raphaël Varane,France,36,57.0,75.0,Complete,Ground Pass
7563,Presnel Kimpembe,France,36,38.0,51.0,Complete,Ground Pass
7563,N'Golo Kanté,France,36,56.0,28.0,Complete,Ground Pass
7563,Lucas Hernández Pi,France,36,69.0,3.0,Complete,Ground Pass
7563,N'Golo Kanté,France,36,66.0,17.0,Incomplete,High Pass
7563,Lucas Hernández Pi,France,36,107.0,1.0,Complete,Low Pass
7563,N'Golo Kanté,France,36,88.0,7.0,Complete,Ground Pass
7563,Thomas Lemar,France,36,94.0,6.0,Complete,Ground Pass
7563,N'Golo Kanté,France,36,85.0,18.0,Complete,Ground Pass
7563,Raphaël Varane,France,37,88.0,63.0,Complete,Ground Pass
7563,Djibril Sidibé,France,37,96.0,79.0,Complete,Ground Pass
7563,Raphaël Varane,France,37,79.0,69.0,Complete,Ground Pass
7563,Presnel Kimpembe,France,37,68.0,44.0,Complete,Ground Pass
7563,N'Golo Kanté,France,37,84.0,35.0,Complete,Ground Pass
7563,Steven N'Kemboanza Mike Christopher Nzonzi,France,37,83.0,49.0,Complete,Ground Pass
7563,Djibril Sidibé,France,37,93.0,78.0,Complete,Ground Pass
7563,Antoine Griezmann,France,37,89.0,72.0,Complete,Ground Pass
7563,Djibril Sidibé,France,37,89.0,79.0,Complete,Ground Pass
7563,Ousmane Dembélé,France,37,94.0,79.0,Complete,Ground Pass
7563,Antoine Griezmann,France,37,101.0,77.0,Complete,Ground Pass
7563,Djibril Sidibé,France,37,96.0,68.0,Incomplete,Ground Pass
7563,Andreas Christensen,Denmark,37,22.0,19.0,Incomplete,High Pass
7563,Presnel Kimpembe,France,37,52.0,14.0,Complete,Ground Pass
7563,Steven N'Kemboanza Mike Christopher Nzonzi,France,37,62.0,26.0,Complete,Ground Pass
7563,Lucas Hernández Pi,France,37,68.0,2.0,Complete,Ground Pass
7563,Presnel Kimpembe,France,37,54.0,23.0,Complete,Ground Pass
7563,Raphaël Varane,France,37,50.0,48.0,Complete,Ground Pass
7563,N'Golo Kanté,France,37,69.0,61.0,Complete,Ground Pass
7563,Antoine Griezmann,France,37,70.0,52.0,Out,High Pass
7563,Kasper Schmeichel,Denmark,38,5.0,48.0,Incomplete,High Pass
7563,Steven N'Kemboanza Mike Christopher Nzonzi,France,38,49.0,32.0,Incomplete,Low Pass
7563,Andreas Christensen,Denmark,38,64.0,49.0,Complete,Low Pass
7563,Thomas Delaney,Denmark,38,69.0,46.0,Complete,Ground Pass
7563,Andreas Christensen,Denmark,38,65.0,43.0,Complete,Ground Pass
7563,Mathias Jørgensen Jatta,Denmark,38,57.0,41.0,Complete,Ground Pass
7563,Simon Thorup Kjær,Denmark,38,55.0,67.0,Complete,High Pass
7563,Martin Braithwaite Christensen,Denmark,38,79.0,67.0,Complete,Low Pass
7563,Christian Dannemann Eriksen,Denmark,38,88.0,61.0,Incomplete,High Pass
7563,Thomas Delaney,Denmark,38,88.0,50.0,Complete,Ground Pass
7563,Thomas Lemar,France,38,46.0,46.0,Complete,Ground Pass
7563,Djibril Sidibé,France,38,57.0,62.0,Complete,Ground Pass
7563,Ousmane Dembélé,France,38,88.0,61.0,Complete,Ground Pass
7563,Kasper Schmeichel,Denmark,39,17.0,41.0,Complete,High Pass
7563,Andreas Evald Cornelius,Denmark,39,100.0,62.0,Incomplete,High Pass
7563,Lucas Hernández Pi,France,39,9.0,15.0,Incomplete,High Pass
7563,Henrik Dalsgaard,Denmark,39,76.0,74.0,Complete,Low Pass
7563,Christian Dannemann Eriksen,Denmark,39,87.0,66.0,Complete,High Pass
7563,Andreas Evald Cornelius,Denmark,39,99.0,54.0,Complete,High Pass
7563,Martin Braithwaite Christensen,Denmark,39,85.0,64.0,Complete,Ground Pass
7563,Thomas Delaney,Denmark,39,85.0,55.0,Complete,Low Pass
7563,Andreas Evald Cornelius,Denmark,39,110.0,68.0,Complete,Ground Pass
7563,Christian Dannemann Eriksen,Denmark,39,101.0,61.0,Complete,Ground Pass
7563,Andreas Christensen,Denmark,39,81.0,50.0,Complete,Ground Pass
7563,Henrik Dalsgaard,Denmark,39,87.0,73.0,Complete,Ground Pass
7563,Christian Dannemann Eriksen,Denmark,39,80.0,65.0,Complete,Ground Pass
7563,Simon Thorup Kjær,Denmark,39,61.0,58.0,Complete,Ground Pass
7563,Mathias Jørgensen Jatta,Denmark,39,59.0,35.0,Complete,Ground Pass
7563,Simon Thorup Kjær,Denmark,39,65.0,69.0,Incomplete,High Pass
7563,Steve Mandanda,France,40,8.0,38.0,Complete,Ground Pass
7563,Raphaël Varane,France,40,21.0,61.0,Complete,Ground Pass
7563,Djibril Sidibé,France,40,58.0,79.0,Complete,Ground Pass
7563,Ousmane Dembélé,France,40,118.0,59.0,Incomplete,High Pass
7563,Kasper Schmeichel,Denmark,41,31.0,15.0,Incomplete,High Pass
7563,Steve Mandanda,France,41,11.0,50.0,Complete,Ground Pass
7563,Raphaël Varane,France,41,32.0,66.0,Complete,Ground Pass
7563,N'Golo Kanté,France,41,54.0,60.0,Complete,Ground Pass
7563,Djibril Sidibé,France,41,55.0,79.0,Complete,Ground Pass
7563,Raphaël Varane,France,41,49.0,62.0,Complete,Ground Pass
7563,Presnel Kimpembe,France,41,67.0,20.0,Complete,Ground Pass
7563,Lucas Hernández Pi,France,41,84.0,3.0,Complete,Ground Pass
7563,Presnel Kimpembe,France,41,66.0,15.0,Complete,Ground Pass
7563,Raphaël Varane,France,41,68.0,52.0,Complete,Ground Pass
7563,Djibril Sidibé,France,41,67.0,79.0,Incomplete,Ground Pass
7563,Jens Stryger Larsen,Denmark,41,42.0,2.0,Complete,Ground Pass
7563,Thomas Delaney,Denmark,41,53.0,7.0,Complete,Ground Pass
7563,Pione Sisto Ifolo Emirmija,Denmark,41,35.0,9.0,Complete,Ground Pass
7563,Mathias Jørgensen Jatta,Denmark,41,34.0,24.0,Complete,Ground Pass
7563,Henrik Dalsgaard,Denmark,41,41.0,74.0,Complete,Ground Pass
7563,Simon Thorup Kjær,Denmark,41,21.0,52.0,Complete,Ground Pass
7563,Kasper Schmeichel,Denmark,42,9.0,39.0,Incomplete,High Pass
7563,Olivier Giroud,France,42,47.0,75.0,Complete,Low Pass
7563,Ousmane Dembélé,France,42,65.0,79.0,Complete,Low Pass
7563,N'Golo Kanté,France,42,67.0,60.0,Complete,Ground Pass
7563,Steven N'Kemboanza Mike Christopher Nzonzi,France,42,67.0,41.0,Complete,Ground Pass
7563,Thomas Lemar,France,42,82.0,28.0,Complete,Ground Pass
7563,Lucas Hernández Pi,France,42,97.0,14.0,Complete,Ground Pass
7563,Antoine Griezmann,France,42,103.0,13.0,Complete,Ground Pass
7563,Thomas Lemar,France,42,89.0,8.0,Complete,Ground Pass
7563,Steven N'Kemboanza Mike Christopher Nzonzi,France,42,82.0,11.0,Complete,Ground Pass
7563,Antoine Griezmann,France,42,86.0,8.0,Complete,Ground Pass
7563,Steven N'Kemboanza Mike Christopher Nzonzi,France,42,83.0,11.0,Complete,Ground Pass
7563,Lucas Hernández Pi,France,42,83.0,5.0,Complete,Ground Pass
7563,Presnel Kimpembe,France,42,68.0,30.0,Complete,Ground Pass
7563,Raphaël Varane,France,42,64.0,53.0,Complete,Ground Pass
7563,Djibril Sidibé,France,42,84.0,76.0,Complete,Ground Pass
7563,N'Golo Kanté,France,42,74.0,64.0,Complete,Ground Pass
7563,Raphaël Varane,France,42,68.0,54.0,Complete,Ground Pass
7563,Djibril Sidibé,France,42,80.0,78.0,Complete,Ground Pass
7563,N'Golo Kanté,France,42,71.0,72.0,Complete,Ground Pass
7563,Raphaël Varane,France,42,64.0,55.0,Complete,Ground Pass
7563,Thomas Lemar,France,43,72.0,34.0,Pass Offside,High Pass
7563,Kasper Schmeichel,Denmark,43,17.0,33.0,Complete,High Pass
7563,Andreas Evald Cornelius,Denmark,43,87.0,62.0,Complete,High Pass
7563,Christian Dannemann Eriksen,Denmark,43,89.0,49.0,Incomplete,High Pass
7563,Steve Mandanda,France,44,15.0,44.0,Complete,Ground Pass
7563,Raphaël Varane,France,44,26.0,61.0,Complete,Ground Pass
7563,N'Golo Kanté,France,44,52.0,53.0,Complete,Ground Pass
7563,Antoine Griezmann,France,44,56.0,51.0,Complete,Ground Pass
7563,N'Golo Kanté,France,44,50.0,51.0,Complete,Ground Pass
7563,Presnel Kimpembe,France,44,47.0,26.0,Complete,Ground Pass
7563,Lucas Hernández Pi,France,44,64.0,4.0,Complete,Ground Pass
7563,Presnel Kimpembe,France,44,55.0,20.0,Complete,Ground Pass
7563,Raphaël Varane,France,44,63.0,59.0,Complete,Ground Pass
7563,Ousmane Dembélé,France,44,88.0,79.0,Complete,Ground Pass
7563,Steven N'Kemboanza Mike Christopher Nzonzi,France,44,89.0,57.0,Complete,Ground Pass
7563,N'Golo Kanté,France,44,80.0,64.0,Complete,Ground Pass
7563,Antoine Griezmann,France,44,82.0,62.0,Complete,Ground Pass
7563,Djibril Sidibé,France,44,87.0,79.0,Complete,Ground Pass
7563,Ousmane Dembélé,France,44,94.0,79.0,Complete,Ground Pass
7563,Steven N'Kemboanza Mike Christopher Nzonzi,France,44,100.0,70.0,Complete,Ground Pass
7563,Kasper Schmeichel,Denmark,45,6.0,47.0,Incomplete,High Pass
7563,Raphaël Varane,France,45,33.0,39.0,Complete,Low Pass
7563,Antoine Griezmann,France,45,48.0,33.0,Complete,Low Pass
7563,Ousmane Dembélé,France,45,79.0,64.0,Complete,Ground Pass
7563,N'Golo Kanté,France,45,81.0,52.0,Complete,Ground Pass
7563,Lucas Hernández Pi,France,45,73.0,4.0,Complete,Ground Pass
7563,Thomas Lemar,France,45,99.0,16.0,Complete,Ground Pass
7563,Antoine Griezmann,France,45,101.0,20.0,Incomplete,Ground Pass
7563,Presnel Kimpembe,France,46,23.0,34.0,Incomplete,Low Pass
7563,Christian Dannemann Eriksen,Denmark,46,119.0,80.0,Incomplete,High Pass
7563,Christian Dannemann Eriksen,Denmark,45,61.0,40.0,Complete,Ground Pass
7563,Simon Thorup Kjær,Denmark,45,40.0,51.0,Incomplete,High Pass
7563,Raphaël Varane,France,45,32.0,56.0,Out,Low Pass
7563,Jens Stryger Larsen,Denmark,45,81.0,1.0,Complete,High Pass
7563,Andreas Evald Cornelius,Denmark,45,104.0,21.0,Incomplete,High Pass
7563,Presnel Kimpembe,France,45,18.0,56.0,Incomplete,Low Pass
7563,Jens Stryger Larsen,Denmark,45,81.0,5.0,Incomplete,Ground Pass
7563,Mathias Jørgensen Jatta,Denmark,45,54.0,11.0,Complete,Ground Pass
7563,Kasper Schmeichel,Denmark,45,20.0,40.0,Incomplete,High Pass
7563,Steven N'Kemboanza Mike Christopher Nzonzi,France,45,53.0,33.0,Out,High Pass
7563,Henrik Dalsgaard,Denmark,45,63.0,80.0,Incomplete,High Pass
7563,Raphaël Varane,France,46,49.0,51.0,Complete,Ground Pass
7563,Djibril Sidibé,France,46,39.0,75.0,Complete,Ground Pass
7563,Steve Mandanda,France,46,15.0,47.0,Complete,Ground Pass
7563,Presnel Kimpembe,France,46,40.0,21.0,Complete,Ground Pass
7563,N'Golo Kanté,France,46,48.0,49.0,Complete,Ground Pass
7563,Djibril Sidibé,France,46,56.0,79.0,Complete,Ground Pass
7563,N'Golo Kanté,France,46,52.0,56.0,Complete,Ground Pass
7563,Presnel Kimpembe,France,46,55.0,27.0,Complete,Ground Pass
7563,Steven N'Kemboanza Mike Christopher Nzonzi,France,46,65.0,23.0,Complete,Ground Pass
7563,Lucas Hernández Pi,France,46,66.0,5.0,Complete,Ground Pass
7563,Presnel Kimpembe,France,46,54.0,15.0,Complete,Ground Pass
7563,N'Golo Kanté,France,46,55.0,45.0,Complete,Ground Pass
7563,Jens Stryger Larsen,Denmark,46,43.0,17.0,Incomplete,Low Pass
7563,Djibril Sidibé,France,46,66.0,70.0,Complete,Ground Pass
7563,Ousmane Dembélé,France,46,67.0,50.0,Complete,High Pass
7563,Thomas Lemar,France,46,76.0,1.0,Complete,Low Pass
7563,Lucas Hernández Pi,France,46,77.0,2.0,Complete,Ground Pass
7563,Thomas Lemar,France,47,84.0,5.0,Complete,Ground Pass
7563,Lucas Hernández Pi,France,47,86.0,2.0,Complete,Ground Pass
7563,N'Golo Kanté,France,47,87.0,20.0,Incomplete,High Pass
7563,Martin Braithwaite Christensen,Denmark,47,24.0,59.0,Incomplete,High Pass
7563,Steven N'Kemboanza Mike Christopher Nzonzi,France,47,80.0,20.0,Complete,Low Pass
7563,Antoine Griezmann,France,47,93.0,6.0,Unknown,High Pass
7563,Kasper Schmeichel,Denmark,47,14.0,44.0,Incomplete,High Pass
7563,Raphaël Varane,France,47,27.0,44.0,Complete,High Pass
7563,Ousmane Dembélé,France,48,62.0,44.0,Complete,Ground Pass
7563,Andreas Christensen,Denmark,48,50.0,39.0,Complete,Ground Pass
7563,Simon Thorup Kjær,Denmark,48,34.0,51.0,Complete,High Pass
7563,Christian Dannemann Eriksen,Denmark,48,64.0,54.0,Complete,Ground Pass
7563,Thomas Delaney,Denmark,48,71.0,48.0,Complete,Ground Pass
7563,Christian Dannemann Eriksen,Denmark,48,64.0,51.0,Complete,Ground Pass
7563,Mathias Jørgensen Jatta,Denmark,48,50.0,19.0,Incomplete,Ground Pass
7563,N'Golo Kanté,France,48,54.0,56.0,Complete,Ground Pass
7563,Ousmane Dembélé,France,48,64.0,65.0,Complete,Ground Pass
7563,Antoine Griezmann,France,48,81.0,58.0,Incomplete,Ground Pass
7563,Jens Stryger Larsen,Denmark,48,43.0,1.0,Incomplete,High Pass
7563,Djibril Sidibé,France,49,58.0,63.0,Complete,High Pass
7563,Ousmane Dembélé,France,49,76.0,75.0,Incomplete,High Pass
7563,Andreas Christensen,Denmark,49,45.0,25.0,Complete,High Pass
7563,Raphaël Varane,France,50,67.0,67.0,Complete,Ground Pass
7563,Presnel Kimpembe,France,50,43.0,26.0,Complete,Ground Pass
7563,Benjamin Mendy,France,50,56.0,6.0,Complete,Ground Pass
7563,Presnel Kimpembe,France,50,47.0,21.0,Complete,Ground Pass
7563,Steven N'Kemboanza Mike Christopher Nzonzi,France,50,56.0,22.0,Complete,Ground Pass
7563,N'Golo Kanté,France,50,72.0,52.0,Complete,Ground Pass
7563,Djibril Sidibé,France,50,88.0,77.0,Complete,Ground Pass
7563,Antoine Griezmann,France,50,95.0,49.0,Incomplete,Ground Pass
7563,Pione Sisto Ifolo Emirmija,Denmark,50,16.0,26.0,Incomplete,High Pass
7563,Presnel Kimpembe,France,50,46.0,41.0,Complete,Ground Pass
7563,Raphaël Varane,France,50,55.0,54.0,Complete,Ground Pass
7563,Djibril Sidibé,France,50,86.0,70.0,Complete,Ground Pass
7563,Kasper Schmeichel,Denmark,50,16.0,40.0,Complete,High Pass
7563,Andreas Evald Cornelius,Denmark,51,78.0,42.0,Incomplete,High Pass
7563,Benjamin Mendy,France,51,26.0,22.0,Incomplete,Low Pass
7563,Thomas Delaney,Denmark,51,65.0,68.0,Complete,Ground Pass
7563,Thomas Delaney,Denmark,51,66.0,78.0,Complete,Ground Pass
7563,Henrik Dalsgaard,Denmark,51,59.0,77.0,Incomplete,Low Pass
7563,Henrik Dalsgaard,Denmark,51,58.0,79.0,Complete,High Pass
7563,Benjamin Mendy,France,51,35.0,7.0,Complete,Ground Pass
7563,Thomas Lemar,France,51,35.0,2.0,Complete,Ground Pass
7563,Presnel Kimpembe,France,51,20.0,16.0,Complete,Ground Pass
7563,N'Golo Kanté,France,51,35.0,18.0,Complete,Ground Pass
7563,Ousmane Dembélé,France,51,81.0,49.0,Complete,Ground Pass
7563,Thomas Lemar,France,51,86.0,21.0,Complete,Ground Pass
7563,Benjamin Mendy,France,51,101.0,2.0,Complete,Ground Pass
7563,Olivier Giroud,France,51,107.0,27.0,Complete,Ground Pass
7563,Antoine Griezmann,France,51,105.0,36.0,Incomplete,Ground Pass
7563,Andreas Christensen,Denmark,51,20.0,51.0,Complete,Ground Pass
7563,Christian Dannemann Eriksen,Denmark,51,25.0,60.0,Complete,Ground Pass
7563,Martin Braithwaite Christensen,Denmark,51,44.0,79.0,Complete,Ground Pass
7563,Simon Thorup Kjær,Denmark,52,54.0,77.0,Complete,Ground Pass
7563,Andreas Christensen,Denmark,52,58.0,71.0,Complete,Ground Pass
7563,Simon Thorup Kjær,Denmark,52,52.0,77.0,Complete,Low Pass
7563,Kasper Schmeichel,Denmark,52,20.0,52.0,Unknown,High Pass
7563,Steve Mandanda,France,53,14.0,43.0,Incomplete,High Pass
7563,Jens Stryger Larsen,Denmark,54,38.0,35.0,Complete,High Pass
7563,Christian Dannemann Eriksen,Denmark,54,54.0,41.0,Incomplete,High Pass
7563,Raphaël Varane,France,54,46.0,53.0,Complete,Ground Pass
7563,Djibril Sidibé,France,54,53.0,78.0,Complete,Ground Pass
7563,Raphaël Varane,France,54,43.0,55.0,Complete,Ground Pass
7563,N'Golo Kanté,France,54,54.0,22.0,Complete,Ground Pass
7563,Benjamin Mendy,France,54,76.0,1.0,Complete,Ground Pass
7563,Ousmane Dembélé,France,54,89.0,5.0,Complete,Ground Pass
7563,Pione Sisto Ifolo Emirmija,Denmark,54,35.0,52.0,Complete,Ground Pass
7563,Henrik Dalsgaard,Denmark,54,34.0,76.0,Incomplete,Ground Pass
7563,Benjamin Mendy,France,54,63.0,1.0,Complete,Ground Pass
7563,Ousmane Dembélé,France,54,73.0,1.0,Complete,Ground Pass
7563,N'Golo Kanté,France,54,66.0,14.0,Complete,Ground Pass
7563,Steven N'Kemboanza Mike Christopher Nzonzi,France,54,68.0,32.0,Complete,Ground Pass
7563,Djibril Sidibé,France,54,94.0,59.0,Complete,Ground Pass
7563,Thomas Lemar,France,54,89.0,52.0,Complete,Ground Pass
7563,Presnel Kimpembe,France,54,72.0,26.0,Complete,Ground Pass
7563,Benjamin Mendy,France,54,92.0,1.0,Complete,Ground Pass
7563,Ousmane Dembélé,France,55,93.0,13.0,Complete,Ground Pass
7563,N'Golo Kanté,France,55,85.0,16.0,Complete,Ground Pass
7563,Steven N'Kemboanza Mike Christopher Nzonzi,France,55,88.0,26.0,Complete,Ground Pass
7563,Christian Dannemann Eriksen,Denmark,55,29.0,65.0,Complete,Ground Pass
7563,Martin Braithwaite Christensen,Denmark,55,25.0,76.0,Complete,Ground Pass
7563,Henrik Dalsgaard,Denmark,55,17.0,64.0,Unknown,High Pass
7563,Presnel Kimpembe,France,56,52.0,30.0,Complete,Ground Pass
7563,Raphaël Varane,France,56,53.0,37.0,Complete,Ground Pass
7563,Steven N'Kemboanza Mike Christopher Nzonzi,France,56,66.0,48.0,Complete,Ground Pass
7563,Raphaël Varane,France,56,57.0,43.0,Complete,Ground Pass
7563,N'Golo Kanté,France,56,65.0,9.0,Complete,Ground Pass
7563,Benjamin Mendy,France,56,82.0,2.0,Complete,Ground Pass
7563,N'Golo Kanté,France,56,70.0,10.0,Complete,Ground Pass
7563,Presnel Kimpembe,France,56,63.0,24.0,Incomplete,High Pass
7563,Jens Stryger Larsen,Denmark,56,17.0,23.0,Complete,High Pass
7563,Kasper Schmeichel,Denmark,57,23.0,52.0,Incomplete,High Pass
7563,Benjamin Mendy,France,57,16.0,18.0,Complete,Low Pass
7563,Steve Mandanda,France,57,16.0,44.0,Complete,High Pass
7563,Olivier Giroud,France,57,84.0,38.0,Incomplete,Low Pass
7563,Jens Stryger Larsen,Denmark,57,33.0,37.0,Incomplete,Ground Pass
7563,N'Golo Kanté,France,57,66.0,42.0,Complete,Ground Pass
7563,Steven N'Kemboanza Mike Christopher Nzonzi,France,57,70.0,47.0,Complete,Ground Pass
7563,Djibril Sidibé,France,57,73.0,63.0,Incomplete,Ground Pass
7563,Steven N'Kemboanza Mike Christopher Nzonzi,France,57,56.0,79.0,Complete,Ground Pass
7563,Steve Mandanda,France,57,22.0,59.0,Incomplete,High Pass
7563,Jens Stryger Larsen,Denmark,58,61.0,5.0,Complete,Low Pass
7563,Thomas Delaney,Denmark,58,61.0,8.0,Complete,Ground Pass
7563,Jens Stryger Larsen,Denmark,58,66.0,14.0,Complete,Ground Pass
7563,Pione Sisto Ifolo Emirmija,Denmark,58,94.0,21.0,Incomplete,High Pass
7563,Djibril Sidibé,France,58,18.0,64.0,Incomplete,High Pass
7563,Jens Stryger Larsen,Denmark,58,101.0,29.0,Complete,Low Pass
7563,Presnel Kimpembe,France,58,29.0,18.0,Complete,Ground Pass
7563,Thomas Lemar,France,58,66.0,3.0,Complete,Ground Pass
7563,Benjamin Mendy,France,58,65.0,6.0,Complete,Ground Pass
7563,Steven N'Kemboanza Mike Christopher Nzonzi,France,58,66.0,20.0,Complete,Ground Pass
7563,Benjamin Mendy,France,58,66.0,5.0,Complete,Ground Pass
7563,Thomas Lemar,France,58,89.0,5.0,Complete,Ground Pass
7563,Martin Braithwaite Christensen,Denmark,59,58.0,77.0,Complete,Ground Pass
7563,Andreas Evald Cornelius,Denmark,59,53.0,79.0,Complete,Ground Pass
7563,Henrik Dalsgaard,Denmark,59,42.0,77.0,Incomplete,High Pass
7563,Steven N'Kemboanza Mike Christopher Nzonzi,France,59,66.0,12.0,Incomplete,High Pass
7563,Henrik Dalsgaard,Denmark,59,29.0,77.0,Incomplete,High Pass
7563,Steven N'Kemboanza Mike Christopher Nzonzi,France,60,82.0,4.0,Out,Low Pass
7563,Henrik Dalsgaard,Denmark,60,41.0,80.0,Incomplete,High Pass
7563,Henrik Dalsgaard,Denmark,60,87.0,79.0,Incomplete,High Pass
7563,Presnel Kimpembe,France,60,13.0,29.0,Incomplete,High Pass
7563,Mathias Jørgensen Jatta,Denmark,60,51.0,27.0,Complete,High Pass
7563,Andreas Christensen,Denmark,61,57.0,31.0,Complete,Ground Pass
7563,Simon Thorup Kjær,Denmark,61,55.0,66.0,Complete,Ground Pass
7563,Kasper Schmeichel,Denmark,61,21.0,42.0,Complete,Ground Pass
7563,Simon Thorup Kjær,Denmark,61,44.0,77.0,Complete,High Pass
7563,Christian Dannemann Eriksen,Denmark,62,119.0,80.0,Incomplete,High Pass
7563,Antoine Griezmann,France,62,27.0,22.0,Complete,Ground Pass
7563,Ousmane Dembélé,France,62,81.0,15.0,Incomplete,Ground Pass
7563,Henrik Dalsgaard,Denmark,62,42.0,77.0,Incomplete,Ground Pass
7563,Steven N'Kemboanza Mike Christopher Nzonzi,France,62,55.0,18.0,Complete,Ground Pass
7563,N'Golo Kanté,France,62,56.0,48.0,Complete,Ground Pass
7563,Djibril Sidibé,France,62,65.0,59.0,Complete,Ground Pass
7563,Thomas Lemar,France,62,71.0,47.0,Out,High Pass
7563,Henrik Dalsgaard,Denmark,63,60.0,80.0,Complete,Low Pass
7563,Simon Thorup Kjær,Denmark,63,37.0,74.0,Incomplete,High Pass
7563,Raphaël Varane,France,63,37.0,60.0,Complete,Ground Pass
7563,Djibril Sidibé,France,63,54.0,78.0,Complete,Ground Pass
7563,Raphaël Varane,France,63,46.0,64.0,Complete,Ground Pass
7563,Djibril Sidibé,France,63,55.0,77.0,Complete,Ground Pass
7563,Raphaël Varane,France,63,51.0,57.0,Complete,Ground Pass
7563,Presnel Kimpembe,France,63,53.0,28.0,Complete,Ground Pass
7563,Benjamin Mendy,France,63,73.0,2.0,Complete,Ground Pass
7563,Presnel Kimpembe,France,63,57.0,20.0,Complete,Ground Pass
7563,Raphaël Varane,France,64,55.0,50.0,Complete,Ground Pass
7563,Djibril Sidibé,France,64,60.0,67.0,Complete,Ground Pass
7563,N'Golo Kanté,France,64,65.0,60.0,Complete,Ground Pass
7563,Djibril Sidibé,France,64,56.0,70.0,Complete,Ground Pass
7563,Olivier Giroud,France,64,79.0,61.0,Complete,Ground Pass
7563,N'Golo Kanté,France,64,78.0,67.0,Complete,Ground Pass
7563,Djibril Sidibé,France,64,86.0,78.0,Incomplete,Ground Pass
7563,Jens Stryger Larsen,Denmark,64,45.0,24.0,Complete,Ground Pass
7563,Christian Dannemann Eriksen,Denmark,64,47.0,32.0,Complete,Ground Pass
7563,Simon Thorup Kjær,Denmark,64,32.0,45.0,Complete,Ground Pass
7563,Mathias Jørgensen Jatta,Denmark,64,42.0,18.0,Complete,Ground Pass
7563,Thomas Delaney,Denmark,64,43.0,4.0,Incomplete,High Pass
7563,Raphaël Varane,France,64,24.0,72.0,Out,Low Pass
7563,Jens Stryger Larsen,Denmark,65,99.0,1.0,Complete,High Pass
7563,Andreas Evald Cornelius,Denmark,65,115.0,5.0,Incomplete,High Pass
7563,Thomas Delaney,Denmark,65,100.0,60.0,Incomplete,Low Pass
7563,Henrik Dalsgaard,Denmark,65,105.0,80.0,Complete,Low Pass
7563,Thomas Delaney,Denmark,65,109.0,65.0,Complete,Low Pass
7563,Thomas Lemar,France,66,18.0,2.0,Incomplete,Ground Pass
7563,Thomas Delaney,Denmark,66,84.0,78.0,Complete,Ground Pass
7563,Mathias Jørgensen Jatta,Denmark,66,63.0,56.0,Complete,Ground Pass
7563,Simon Thorup Kjær,Denmark,66,66.0,77.0,Complete,Ground Pass
7563,Thomas Delaney,Denmark,66,65.0,75.0,Complete,Ground Pass
7563,Simon Thorup Kjær,Denmark,66,63.0,78.0,Complete,Ground Pass
7563,Thomas Delaney,Denmark,66,54.0,71.0,Complete,Ground Pass
7563,Kasper Schmeichel,Denmark,66,21.0,31.0,Incomplete,High Pass
7563,Djibril Sidibé,France,66,46.0,68.0,Incomplete,High Pass
7563,Andreas Christensen,Denmark,66,64.0,28.0,Complete,Ground Pass
7563,Jens Stryger Larsen,Denmark,66,57.0,11.0,Complete,Ground Pass
7563,Mathias Jørgensen Jatta,Denmark,66,47.0,22.0,Complete,Ground Pass
7563,Simon Thorup Kjær,Denmark,66,51.0,51.0,Complete,Ground Pass
7563,Thomas Delaney,Denmark,66,63.0,48.0,Complete,Ground Pass
7563,Henrik Dalsgaard,Denmark,66,67.0,78.0,Incomplete,High Pass
7563,Raphaël Varane,France,67,29.0,62.0,Complete,Ground Pass
7563,Djibril Sidibé,France,67,47.0,78.0,Complete,Ground Pass
7563,Raphaël Varane,France,67,40.0,60.0,Complete,Ground Pass
7563,Steven N'Kemboanza Mike Christopher Nzonzi,France,67,40.0,37.0,Complete,Ground Pass
7563,Presnel Kimpembe,France,67,47.0,21.0,Complete,Ground Pass
7563,Benjamin Mendy,France,67,64.0,2.0,Complete,Ground Pass
7563,Thomas Lemar,France,67,76.0,7.0,Complete,Ground Pass
7563,Benjamin Mendy,France,67,120.0,15.0,Unknown,High Pass
7563,Kasper Schmeichel,Denmark,68,17.0,45.0,Incomplete,High Pass
7563,Raphaël Varane,France,68,32.0,54.0,Incomplete,Low Pass
7563,Raphaël Varane,France,68,25.0,68.0,Complete,Ground Pass
7563,Presnel Kimpembe,France,69,39.0,36.0,Complete,Ground Pass
7563,Steven N'Kemboanza Mike Christopher Nzonzi,France,69,53.0,42.0,Complete,Ground Pass
7563,Nabil Fekir,France,69,64.0,45.0,Complete,Ground Pass
7563,Steven N'Kemboanza Mike Christopher Nzonzi,France,69,63.0,41.0,Complete,Ground Pass
7563,N'Golo Kanté,France,69,65.0,56.0,Complete,Ground Pass
7563,Djibril Sidibé,France,69,67.0,77.0,Complete,Ground Pass
7563,Nabil Fekir,France,69,89.0,70.0,Complete,Ground Pass
7563,Ousmane Dembélé,France,69,89.0,79.0,Complete,Ground Pass
7563,Djibril Sidibé,France,69,90.0,52.0,Complete,Ground Pass
7563,Presnel Kimpembe,France,69,67.0,34.0,Complete,Ground Pass
7563,Steven N'Kemboanza Mike Christopher Nzonzi,France,69,76.0,26.0,Complete,Ground Pass
7563,Thomas Lemar,France,69,89.0,4.0,Complete,Ground Pass
7563,Kasper Schmeichel,Denmark,70,7.0,34.0,Incomplete,High Pass
7563,Steven N'Kemboanza Mike Christopher Nzonzi,France,70,38.0,20.0,Complete,High Pass
7563,Raphaël Varane,France,70,21.0,31.0,Unknown,High Pass
7563,Djibril Sidibé,France,70,49.0,60.0,Incomplete,Ground Pass
7563,Andreas Evald Cornelius,Denmark,70,81.0,13.0,Complete,Ground Pass
7563,Jens Stryger Larsen,Denmark,71,108.0,1.0,Complete,Low Pass
7563,Viktor Fischer,Denmark,71,107.0,11.0,Complete,Low Pass
7563,Jens Stryger Larsen,Denmark,71,109.0,3.0,Complete,Ground Pass
7563,Christian Dannemann Eriksen,Denmark,71,100.0,28.0,Incomplete,Low Pass
7563,Raphaël Varane,France,71,14.0,51.0,Incomplete,Ground Pass
7563,Andreas Christensen,Denmark,71,86.0,27.0,Complete,Ground Pass
7563,Thomas Delaney,Denmark,71,109.0,12.0,Injury Clearance,Ground Pass
7563,Presnel Kimpembe,France,72,36.0,17.0,Complete,Ground Pass
7563,Benjamin Mendy,France,72,47.0,11.0,Complete,Ground Pass
7563,N'Golo Kanté,France,72,71.0,55.0,Complete,Ground Pass
7563,Djibril Sidibé,France,72,70.0,77.0,Complete,Ground Pass
7563,N'Golo Kanté,France,72,72.0,64.0,Complete,Ground Pass
7563,Djibril Sidibé,France,72,67.0,78.0,Complete,Ground Pass
7563,N'Golo Kanté,France,72,67.0,65.0,Incomplete,Ground Pass
7563,Viktor Fischer,Denmark,72,49.0,18.0,Complete,Low Pass
7563,Christian Dannemann Eriksen,Denmark,72,60.0,29.0,Incomplete,Ground Pass
7563,Raphaël Varane,France,72,28.0,75.0,Complete,Ground Pass
7563,Presnel Kimpembe,France,72,41.0,41.0,Complete,Ground Pass
7563,N'Golo Kanté,France,72,58.0,51.0,Complete,Ground Pass
7563,Steven N'Kemboanza Mike Christopher Nzonzi,France,72,62.0,25.0,Complete,Ground Pass
7563,Benjamin Mendy,France,72,85.0,2.0,Complete,Ground Pass
7563,Thomas Lemar,France,72,91.0,20.0,Complete,Ground Pass
7563,N'Golo Kanté,France,72,76.0,46.0,Complete,Ground Pass
7563,Djibril Sidibé,France,73,82.0,61.0,Complete,Ground Pass
7563,Ousmane Dembélé,France,73,97.0,56.0,Incomplete,High Pass
7563,Benjamin Mendy,France,73,86.0,1.0,Complete,Low Pass
7563,Steven N'Kemboanza Mike Christopher Nzonzi,France,73,79.0,20.0,Complete,Ground Pass
7563,Thomas Lemar,France,73,88.0,13.0,Complete,Ground Pass
7563,Nabil Fekir,France,73,98.0,6.0,Complete,Ground Pass
7563,Thomas Lemar,France,73,89.0,8.0,Complete,Ground Pass
7563,Benjamin Mendy,France,73,104.0,2.0,Complete,High Pass
7563,Kasper Schmeichel,Denmark,75,7.0,34.0,Incomplete,High Pass
7563,Steven N'Kemboanza Mike Christopher Nzonzi,France,75,52.0,33.0,Incomplete,Low Pass
7563,Simon Thorup Kjær,Denmark,75,54.0,52.0,Complete,Low Pass
7563,Christian Dannemann Eriksen,Denmark,75,85.0,53.0,Complete,Ground Pass
7563,Viktor Fischer,Denmark,75,87.0,31.0,Complete,Ground Pass
7563,Christian Dannemann Eriksen,Denmark,75,73.0,31.0,Complete,Ground Pass
7563,Mathias Jørgensen Jatta,Denmark,75,47.0,25.0,Complete,Ground Pass
7563,Simon Thorup Kjær,Denmark,75,34.0,57.0,Complete,Ground Pass
7563,Kasper Schmeichel,Denmark,75,10.0,43.0,Complete,Ground Pass
7563,Andreas Christensen,Denmark,75,33.0,54.0,Complete,Ground Pass
7563,Simon Thorup Kjær,Denmark,75,48.0,77.0,Incomplete,High Pass
7563,Presnel Kimpembe,France,75,18.0,28.0,Incomplete,Low Pass
7563,Steve Mandanda,France,75,4.0,55.0,Complete,High Pass
7563,Olivier Giroud,France,75,54.0,51.0,Complete,Ground Pass
7563,Ousmane Dembélé,France,75,48.0,32.0,Complete,Ground Pass
7563,Ousmane Dembélé,France,75,85.0,10.0,Incomplete,Ground Pass
7563,Henrik Dalsgaard,Denmark,76,4.0,77.0,Complete,High Pass
7563,Kasper Dolberg,Denmark,76,80.0,77.0,Complete,Ground Pass
7563,Martin Braithwaite Christensen,Denmark,76,72.0,72.0,Complete,Ground Pass
7563,Viktor Fischer,Denmark,76,67.0,55.0,Complete,Ground Pass
7563,Andreas Christensen,Denmark,76,64.0,57.0,Complete,Ground Pass
7563,Thomas Delaney,Denmark,76,57.0,50.0,Complete,Ground Pass
7563,Andreas Christensen,Denmark,76,65.0,54.0,Complete,Ground Pass
7563,Thomas Delaney,Denmark,76,66.0,44.0,Complete,Ground Pass
7563,Viktor Fischer,Denmark,76,75.0,39.0,Complete,Ground Pass
7563,Thomas Delaney,Denmark,76,65.0,32.0,Complete,Ground Pass
7563,Mathias Jørgensen Jatta,Denmark,76,54.0,27.0,Complete,Ground Pass
7563,Simon Thorup Kjær,Denmark,76,51.0,46.0,Complete,Ground Pass
7563,Mathias Jørgensen Jatta,Denmark,76,49.0,26.0,Complete,Ground Pass
7563,Viktor Fischer,Denmark,76,73.0,27.0,Complete,Ground Pass
7563,Jens Stryger Larsen,Denmark,76,85.0,5.0,Complete,Ground Pass
7563,Martin Braithwaite Christensen,Denmark,76,96.0,17.0,Complete,Ground Pass
7563,Jens Stryger Larsen,Denmark,76,102.0,5.0,Incomplete,Low Pass
7563,Martin Braithwaite Christensen,Denmark,76,90.0,3.0,Complete,Ground Pass
7563,Thomas Delaney,Denmark,76,78.0,19.0,Complete,Ground Pass
7563,Andreas Christensen,Denmark,76,64.0,46.0,Complete,Ground Pass
7563,Henrik Dalsgaard,Denmark,77,65.0,69.0,Complete,Ground Pass
7563,Simon Thorup Kjær,Denmark,77,58.0,47.0,Complete,Ground Pass
7563,Thomas Delaney,Denmark,77,79.0,41.0,Complete,Ground Pass
7563,Henrik Dalsgaard,Denmark,77,67.0,75.0,Complete,Ground Pass
7563,Simon Thorup Kjær,Denmark,77,52.0,46.0,Complete,Ground Pass
7563,Mathias Jørgensen Jatta,Denmark,77,66.0,18.0,Complete,Ground Pass
7563,Jens Stryger Larsen,Denmark,77,73.0,4.0,Complete,High Pass
7563,Kasper Dolberg,Denmark,77,89.0,24.0,Out,Low Pass
7563,Djibril Sidibé,France,77,27.0,80.0,Complete,Low Pass
7563,Raphaël Varane,France,77,8.0,75.0,Complete,Ground Pass
7563,Steve Mandanda,France,77,7.0,42.0,Complete,Ground Pass
7563,Presnel Kimpembe,France,78,29.0,18.0,Complete,Ground Pass
7563,Benjamin Mendy,France,78,58.0,3.0,Complete,Ground Pass
7563,Thomas Lemar,France,78,69.0,29.0,Complete,Ground Pass
7563,N'Golo Kanté,France,78,73.0,51.0,Complete,Ground Pass
7563,Kylian Mbappé Lottin,France,78,89.0,65.0,Complete,Ground Pass
7563,Djibril Sidibé,France,78,95.0,78.0,Complete,Ground Pass
7563,N'Golo Kanté,France,78,94.0,52.0,Complete,Low Pass
7563,Olivier Giroud,France,78,101.0,52.0,Complete,Low Pass
7563,Djibril Sidibé,France,78,101.0,63.0,Complete,High Pass
7563,Kasper Schmeichel,Denmark,79,7.0,45.0,Incomplete,High Pass
7563,Steven N'Kemboanza Mike Christopher Nzonzi,France,79,46.0,6.0,Incomplete,High Pass
7563,Henrik Dalsgaard,Denmark,79,64.0,79.0,Incomplete,High Pass
7563,Martin Braithwaite Christensen,Denmark,79,97.0,77.0,Complete,Ground Pass
7563,Christian Dannemann Eriksen,Denmark,79,87.0,78.0,Complete,Ground Pass
7563,Martin Braithwaite Christensen,Denmark,79,93.0,79.0,Incomplete,Ground Pass
7563,Henrik Dalsgaard,Denmark,79,94.0,80.0,Complete,High Pass
7563,N'Golo Kanté,France,79,18.0,23.0,Incomplete,High Pass
7563,Christian Dannemann Eriksen,Denmark,79,81.0,52.0,Complete,Ground Pass
7563,Andreas Christensen,Denmark,79,78.0,62.0,Complete,Ground Pass
7563,Martin Braithwaite Christensen,Denmark,79,89.0,75.0,Complete,Ground Pass
7563,Henrik Dalsgaard,Denmark,79,65.0,78.0,Complete,Ground Pass
7563,Simon Thorup Kjær,Denmark,79,48.0,63.0,Complete,Ground Pass
7563,Andreas Christensen,Denmark,79,58.0,60.0,Complete,Ground Pass
7563,Simon Thorup Kjær,Denmark,79,40.0,64.0,Complete,Ground Pass
7563,Kasper Schmeichel,Denmark,80,18.0,42.0,Incomplete,High Pass
7563,Presnel Kimpembe,France,80,48.0,28.0,Complete,High Pass
7563,Raphaël Varane,France,80,32.0,26.0,Complete,High Pass
7563,Benjamin Mendy,France,80,31.0,9.0,Incomplete,High Pass
7563,Kasper Schmeichel,Denmark,80,23.0,53.0,Complete,Ground Pass
7563,Simon Thorup Kjær,Denmark,80,38.0,67.0,Complete,Ground Pass
7563,Mathias Jørgensen Jatta,Denmark,80,37.0,28.0,Complete,Ground Pass
7563,Kasper Schmeichel,Denmark,80,16.0,49.0,Incomplete,High Pass
7563,Raphaël Varane,France,80,46.0,37.0,Complete,High Pass
7563,Nabil Fekir,France,80,74.0,35.0,Incomplete,Ground Pass
7563,Henrik Dalsgaard,Denmark,80,35.0,73.0,Complete,Ground Pass
7563,Benjamin Mendy,France,80,55.0,18.0,Incomplete,Ground Pass
7563,Steven N'Kemboanza Mike Christopher Nzonzi,France,81,64.0,33.0,Complete,Ground Pass
7563,Presnel Kimpembe,France,81,65.0,21.0,Complete,Ground Pass
7563,Steven N'Kemboanza Mike Christopher Nzonzi,France,81,60.0,28.0,Complete,Ground Pass
7563,Djibril Sidibé,France,81,66.0,62.0,Complete,Ground Pass
7563,Kylian Mbappé Lottin,France,81,95.0,75.0,Complete,Ground Pass
7563,Nabil Fekir,France,81,90.0,72.0,Complete,Ground Pass
7563,Djibril Sidibé,France,81,89.0,61.0,Complete,Ground Pass
7563,Kylian Mbappé Lottin,France,81,105.0,64.0,Complete,Ground Pass
7563,Djibril Sidibé,France,81,112.0,70.0,Complete,Ground Pass
7563,Kylian Mbappé Lottin,France,81,99.0,64.0,Complete,Ground Pass
7563,Simon Thorup Kjær,Denmark,81,2.0,62.0,Out,Low Pass
7563,Benjamin Mendy,France,82,78.0,2.0,Complete,Low Pass
7563,Presnel Kimpembe,France,82,56.0,9.0,Complete,Ground Pass
7563,Raphaël Varane,France,82,64.0,49.0,Complete,Ground Pass
7563,Djibril Sidibé,France,82,73.0,69.0,Complete,Ground Pass
7563,Nabil Fekir,France,82,80.0,71.0,Complete,Ground Pass
7563,Djibril Sidibé,France,82,71.0,77.0,Complete,Ground Pass
7563,Raphaël Varane,France,82,57.0,56.0,Complete,Ground Pass
7563,Presnel Kimpembe,France,82,76.0,18.0,Complete,Ground Pass
7563,Benjamin Mendy,France,82,104.0,2.0,Incomplete,High Pass
7563,Djibril Sidibé,France,82,101.0,75.0,Complete,Ground Pass
7563,Nabil Fekir,France,82,98.0,64.0,Complete,Ground Pass
7563,Kylian Mbappé Lottin,France,82,100.0,52.0,Incomplete,Ground Pass
7563,Djibril Sidibé,France,82,105.0,57.0,Complete,Ground Pass
7563,Kylian Mbappé Lottin,France,82,98.0,49.0,Complete,Ground Pass
7563,Steven N'Kemboanza Mike Christopher Nzonzi,France,82,91.0,38.0,Complete,Ground Pass
7563,Thomas Lemar,France,82,91.0,29.0,Complete,Ground Pass
7563,Steven N'Kemboanza Mike Christopher Nzonzi,France,82,85.0,32.0,Complete,Low Pass
7563,N'Golo Kanté,France,83,88.0,57.0,Complete,Ground Pass
7563,Djibril Sidibé,France,83,105.0,68.0,Incomplete,High Pass
7563,Thomas Delaney,Denmark,83,13.0,10.0,Incomplete,High Pass
7563,Nabil Fekir,France,83,96.0,51.0,Complete,Low Pass
7563,Kylian Mbappé Lottin,France,83,102.0,44.0,Incomplete,Ground Pass
7563,Simon Thorup Kjær,Denmark,83,20.0,39.0,Out,High Pass
7563,Raphaël Varane,France,83,56.0,69.0,Complete,Ground Pass
7563,Presnel Kimpembe,France,83,57.0,31.0,Complete,Ground Pass
7563,Benjamin Mendy,France,83,91.0,2.0,Complete,Ground Pass
7563,Thomas Lemar,France,83,92.0,7.0,Complete,Ground Pass
7563,Benjamin Mendy,France,83,105.0,2.0,Complete,Ground Pass
7563,Andreas Christensen,Denmark,83,11.0,52.0,Complete,Ground Pass
7563,Martin Braithwaite Christensen,Denmark,83,18.0,60.0,Unknown,Ground Pass
7563,Presnel Kimpembe,France,84,64.0,9.0,Complete,Ground Pass
7563,Steven N'Kemboanza Mike Christopher Nzonzi,France,84,63.0,26.0,Complete,Ground Pass
7563,N'Golo Kanté,France,84,69.0,54.0,Complete,Ground Pass
7563,Djibril Sidibé,France,84,81.0,76.0,Complete,Ground Pass
7563,N'Golo Kanté,France,84,75.0,62.0,Incomplete,Ground Pass
7563,Andreas Christensen,Denmark,84,37.0,33.0,Complete,Ground Pass
7563,Kasper Dolberg,Denmark,84,47.0,24.0,Complete,Ground Pass
7563,Viktor Fischer,Denmark,84,42.0,15.0,Complete,Ground Pass
7563,Kasper Dolberg,Denmark,84,66.0,4.0,Complete,Ground Pass
7563,Steven N'Kemboanza Mike Christopher Nzonzi,France,84,17.0,77.0,Complete,Ground Pass
7563,Nabil Fekir,France,84,46.0,51.0,Complete,Ground Pass
7563,Benjamin Mendy,France,85,80.0,2.0,Complete,Ground Pass
7563,Thomas Lemar,France,85,84.0,13.0,Complete,Ground Pass
7563,Kylian Mbappé Lottin,France,85,91.0,21.0,Complete,Ground Pass
7563,Andreas Christensen,Denmark,85,30.0,63.0,Complete,Ground Pass
7563,Christian Dannemann Eriksen,Denmark,85,54.0,79.0,Complete,Ground Pass
7563,Henrik Dalsgaard,Denmark,85,41.0,75.0,Complete,High Pass
7563,Jens Stryger Larsen,Denmark,85,56.0,8.0,Complete,Ground Pass
7563,Mathias Jørgensen Jatta,Denmark,85,49.0,21.0,Complete,Low Pass
7563,Simon Thorup Kjær,Denmark,85,40.0,55.0,Complete,Ground Pass
7563,Mathias Jørgensen Jatta,Denmark,85,40.0,23.0,Complete,Low Pass
7563,Steve Mandanda,France,85,6.0,26.0,Complete,Ground Pass
7563,Raphaël Varane,France,85,26.0,55.0,Complete,Ground Pass
7563,Djibril Sidibé,France,86,65.0,66.0,Complete,High Pass
7563,Benjamin Mendy,France,86,77.0,2.0,Complete,Ground Pass
7563,Thomas Lemar,France,86,85.0,11.0,Complete,Ground Pass
7563,Nabil Fekir,France,86,74.0,9.0,Complete,Ground Pass
7563,Steven N'Kemboanza Mike Christopher Nzonzi,France,86,85.0,26.0,Complete,Ground Pass
7563,Djibril Sidibé,France,86,103.0,69.0,Incomplete,High Pass
7563,N'Golo Kanté,France,86,76.0,55.0,Complete,Ground Pass
7563,Raphaël Varane,France,86,66.0,47.0,Complete,Ground Pass
7563,N'Golo Kanté,France,86,73.0,60.0,Complete,Ground Pass
7563,Nabil Fekir,France,86,83.0,65.0,Complete,Ground Pass
7563,Kylian Mbappé Lottin,France,86,94.0,49.0,Complete,Ground Pass
7563,Olivier Giroud,France,86,100.0,49.0,Complete,Ground Pass
7563,Djibril Sidibé,France,86,101.0,69.0,Complete,Ground Pass
7563,Nabil Fekir,France,86,104.0,79.0,Complete,Ground Pass
7563,Djibril Sidibé,France,86,95.0,71.0,Complete,Ground Pass
7563,N'Golo Kanté,France,86,86.0,74.0,Complete,Ground Pass
7563,Raphaël Varane,France,86,81.0,42.0,Complete,Ground Pass
7563,Benjamin Mendy,France,87,99.0,4.0,Incomplete,High Pass
7563,Presnel Kimpembe,France,87,66.0,14.0,Complete,Ground Pass
7563,Thomas Lemar,France,87,75.0,5.0,Complete,Ground Pass
7563,Benjamin Mendy,France,87,89.0,2.0,Complete,Ground Pass
7563,Thomas Lemar,France,87,84.0,3.0,Complete,Ground Pass
7563,Steven N'Kemboanza Mike Christopher Nzonzi,France,87,80.0,14.0,Complete,Ground Pass
7563,Thomas Lemar,France,87,88.0,13.0,Complete,Ground Pass
7563,Benjamin Mendy,France,87,105.0,2.0,Incomplete,High Pass
7563,Kasper Dolberg,Denmark,87,39.0,40.0,Complete,Low Pass
7563,Viktor Fischer,Denmark,87,32.0,31.0,Complete,Ground Pass
7563,Thomas Delaney,Denmark,87,40.0,44.0,Complete,Ground Pass
7563,Martin Braithwaite Christensen,Denmark,87,34.0,62.0,Complete,Ground Pass
7563,Henrik Dalsgaard,Denmark,87,35.0,62.0,Complete,Ground Pass
7563,Martin Braithwaite Christensen,Denmark,87,39.0,75.0,Complete,Ground Pass
7563,Henrik Dalsgaard,Denmark,87,42.0,65.0,Complete,Ground Pass
7563,Simon Thorup Kjær,Denmark,87,29.0,50.0,Complete,Ground Pass
7563,Mathias Jørgensen Jatta,Denmark,87,27.0,26.0,Complete,Ground Pass
7563,Kasper Schmeichel,Denmark,87,7.0,39.0,Out,High Pass
7563,Djibril Sidibé,France,87,65.0,77.0,Complete,Ground Pass
7563,Raphaël Varane,France,88,50.0,54.0,Complete,Ground Pass
7563,Presnel Kimpembe,France,88,79.0,14.0,Complete,Ground Pass
7563,Benjamin Mendy,France,88,103.0,8.0,Complete,Ground Pass
7563,Presnel Kimpembe,France,88,83.0,7.0,Complete,Ground Pass
7563,Thomas Lemar,France,88,89.0,7.0,Complete,Ground Pass
7563,Presnel Kimpembe,France,88,81.0,15.0,Complete,Ground Pass
7563,N'Golo Kanté,France,88,77.0,44.0,Complete,Ground Pass
7563,Presnel Kimpembe,France,88,79.0,29.0,Complete,Ground Pass
7563,Nabil Fekir,France,88,86.0,19.0,Complete,Ground Pass
7563,Benjamin Mendy,France,88,103.0,3.0,Complete,Ground Pass
7563,Thomas Lemar,France,88,88.0,13.0,Complete,Ground Pass
7563,N'Golo Kanté,France,88,89.0,21.0,Complete,Ground Pass
7563,Presnel Kimpembe,France,88,79.0,17.0,Complete,Ground Pass
7563,Raphaël Varane,France,88,73.0,42.0,Complete,Ground Pass
7563,Djibril Sidibé,France,88,73.0,56.0,Complete,Ground Pass
7563,Kylian Mbappé Lottin,France,88,99.0,65.0,Complete,Ground Pass
7563,Steven N'Kemboanza Mike Christopher Nzonzi,France,88,94.0,58.0,Complete,Ground Pass
7563,Djibril Sidibé,France,88,101.0,72.0,Complete,Low Pass
7563,Kasper Schmeichel,Denmark,89,6.0,36.0,Incomplete,High Pass
7563,Steven N'Kemboanza Mike Christopher Nzonzi,France,89,50.0,28.0,Incomplete,High Pass
7563,Andreas Christensen,Denmark,89,60.0,49.0,Complete,High Pass
7563,Mathias Jørgensen Jatta,Denmark,89,48.0,31.0,Complete,Ground Pass
7563,Kasper Schmeichel,Denmark,89,12.0,54.0,Incomplete,High Pass
7563,Presnel Kimpembe,France,89,26.0,15.0,Complete,Ground Pass
7563,Steve Mandanda,France,89,5.0,29.0,Complete,Ground Pass
7563,Presnel Kimpembe,France,89,29.0,17.0,Complete,Ground Pass
7563,Raphaël Varane,France,90,34.0,47.0,Complete,Ground Pass
7563,Djibril Sidibé,France,90,54.0,71.0,Complete,Ground Pass
7563,Kylian Mbappé Lottin,France,90,111.0,54.0,Incomplete,Ground Pass
7563,Djibril Sidibé,France,90,115.0,80.0,Complete,Low Pass
7563,Nabil Fekir,France,90,102.0,73.0,Incomplete,High Pass
7563,Djibril Sidibé,France,91,105.0,80.0,Complete,Low Pass
7563,Raphaël Varane,France,91,78.0,65.0,Complete,Ground Pass
7563,Presnel Kimpembe,France,92,85.0,22.0,Complete,Ground Pass
7563,Benjamin Mendy,France,92,104.0,4.0,Incomplete,Low Pass
7563,Presnel Kimpembe,France,92,59.0,26.0,Complete,Ground Pass
7563,Raphaël Varane,France,92,66.0,47.0,Complete,Ground Pass
7563,Djibril Sidibé,France,92,78.0,77.0,Complete,Ground Pass
7563,Kylian Mbappé Lottin,France,92,91.0,49.0,Complete,Ground Pass
7563,Steven N'Kemboanza Mike Christopher Nzonzi,France,92,79.0,27.0,Complete,High Pass
7563,Benjamin Mendy,France,92,99.0,4.0,Complete,Ground Pass
7563,Steven N'Kemboanza Mike Christopher Nzonzi,France,92,96.0,8.0,Complete,Ground Pass
7563,Benjamin Mendy,France,92,110.0,2.0,Incomplete,Ground Pass
7563,Thomas Lemar,France,92,80.0,4.0,Complete,Ground Pass
7563,Presnel Kimpembe,France,92,71.0,24.0,Complete,Ground Pass
7563,Raphaël Varane,France,92,79.0,60.0,Complete,Ground Pass
7563,Christian Dannemann Eriksen,Denmark,92,32.0,19.0,Out,High Pass
7580,Antoine Griezmann,France,0,60.0,42.0,Complete,Ground Pass
7580,Raphaël Varane,France,0,40.0,53.0,Unknown,High Pass
7580,Franco Armani,Argentina,0,31.0,21.0,Incomplete,High Pass
7580,Paul Pogba,France,0,37.0,55.0,Complete,Low Pass
7580,Kylian Mbappé Lottin,France,0,47.0,75.0,Complete,High Pass
7580,Benjamin Pavard,France,0,26.0,67.0,Complete,Ground Pass
7580,Hugo Lloris,France,0,8.0,42.0,Complete,Ground Pass
7580,Samuel Yves Umtiti,France,1,21.0,25.0,Complete,Ground Pass
7580,Raphaël Varane,France,1,34.0,63.0,Complete,Ground Pass
7580,Benjamin Pavard,France,1,48.0,78.0,Complete,Ground Pass
7580,Kylian Mbappé Lottin,France,1,57.0,66.0,Complete,Ground Pass
7580,Paul Pogba,France,1,53.0,77.0,Out,Ground Pass
7580,Faustino Marcos Alberto Rojo,Argentina,1,31.0,16.0,Complete,Ground Pass
7580,Nicolás Alejandro Tagliafico,Argentina,1,42.0,3.0,Complete,Ground Pass
7580,Faustino Marcos Alberto Rojo,Argentina,1,21.0,21.0,Complete,Ground Pass
7580,Nicolás Hernán Otamendi,Argentina,1,24.0,52.0,Complete,Ground Pass
7580,Gabriel Iván Mercado,Argentina,1,54.0,73.0,Complete,Ground Pass
7580,Cristian David Pavón,Argentina,1,68.0,79.0,Complete,Ground Pass
7580,Gabriel Iván Mercado,Argentina,1,54.0,78.0,Complete,Ground Pass
7580,Nicolás Hernán Otamendi,Argentina,1,38.0,70.0,Complete,Low Pass
7580,N'Golo Kanté,France,1,56.0,41.0,Complete,Low Pass
7580,Javier Alejandro Mascherano,Argentina,1,50.0,28.0,Complete,Low Pass
7580,Franco Armani,Argentina,2,9.0,39.0,Complete,Ground Pass
7580,Nicolás Hernán Otamendi,Argentina,2,30.0,59.0,Complete,Ground Pass
7580,Enzo Nicolás Pérez,Argentina,2,55.0,67.0,Complete,Ground Pass
7580,Gabriel Iván Mercado,Argentina,2,38.0,72.0,Complete,Ground Pass
7580,Nicolás Hernán Otamendi,Argentina,2,35.0,61.0,Complete,Ground Pass
7580,Gabriel Iván Mercado,Argentina,2,56.0,68.0,Complete,Ground Pass
7580,Cristian David Pavón,Argentina,2,66.0,78.0,Incomplete,Low Pass
7580,Paul Pogba,France,2,56.0,37.0,Incomplete,Ground Pass
7580,Gabriel Iván Mercado,Argentina,2,53.0,69.0,Complete,Ground Pass
7580,Nicolás Hernán Otamendi,Argentina,2,52.0,56.0,Complete,Ground Pass
7580,Enzo Nicolás Pérez,Argentina,2,66.0,63.0,Complete,Ground Pass
7580,Cristian David Pavón,Argentina,2,80.0,78.0,Complete,Ground Pass
7580,Éver Maximiliano David Banega,Argentina,4,79.0,71.0,Incomplete,High Pass
7580,Kylian Mbappé Lottin,France,4,21.0,27.0,Complete,High Pass
7580,Antoine Griezmann,France,4,32.0,41.0,Incomplete,High Pass
7580,Nicolás Alejandro Tagliafico,Argentina,4,76.0,45.0,Incomplete,High Pass
7580,Benjamin Pavard,France,4,30.0,54.0,Complete,Ground Pass
7580,Raphaël Varane,France,4,22.0,54.0,Complete,Ground Pass
7580,N'Golo Kanté,France,4,33.0,41.0,Complete,Ground Pass
7580,Samuel Yves Umtiti,France,4,29.0,19.0,Complete,Ground Pass
7580,Blaise Matuidi,France,4,41.0,22.0,Complete,Ground Pass
7580,N'Golo Kanté,France,4,35.0,28.0,Complete,Ground Pass
7580,Paul Pogba,France,4,47.0,36.0,Complete,Ground Pass
7580,N'Golo Kanté,France,4,38.0,29.0,Complete,Ground Pass
7580,Raphaël Varane,France,4,56.0,68.0,Complete,Ground Pass
7580,Olivier Giroud,France,4,80.0,60.0,Complete,Ground Pass
7580,Kylian Mbappé Lottin,France,4,86.0,41.0,Incomplete,Ground Pass
7580,Enzo Nicolás Pérez,Argentina,4,56.0,35.0,Complete,Low Pass
7580,Ángel Fabián Di María Hernández,Argentina,4,113.0,17.0,Out,High Pass
7580,Raphaël Varane,France,5,33.0,63.0,Complete,Ground Pass
7580,Nicolás Alejandro Tagliafico,Argentina,5,31.0,23.0,Complete,Ground Pass
7580,Franco Armani,Argentina,5,11.0,29.0,Complete,Ground Pass
7580,Nicolás Alejandro Tagliafico,Argentina,5,19.0,17.0,Complete,Ground Pass
7580,Éver Maximiliano David Banega,Argentina,5,36.0,8.0,Incomplete,Ground Pass
7580,Nicolás Alejandro Tagliafico,Argentina,5,11.0,2.0,Complete,Low Pass
7580,Javier Alejandro Mascherano,Argentina,5,17.0,9.0,Complete,Low Pass
7580,Nicolás Alejandro Tagliafico,Argentina,5,9.0,2.0,Incomplete,High Pass
7580,Raphaël Varane,France,5,60.0,58.0,Complete,High Pass
7580,Ángel Fabián Di María Hernández,Argentina,6,63.0,1.0,Complete,Low Pass
7580,Faustino Marcos Alberto Rojo,Argentina,6,27.0,26.0,Complete,Ground Pass
7580,Nicolás Hernán Otamendi,Argentina,6,48.0,60.0,Complete,Ground Pass
7580,Gabriel Iván Mercado,Argentina,6,62.0,77.0,Complete,Ground Pass
7580,Cristian David Pavón,Argentina,6,68.0,79.0,Complete,High Pass
7580,Nicolás Hernán Otamendi,Argentina,6,41.0,70.0,Complete,Low Pass
7580,Faustino Marcos Alberto Rojo,Argentina,6,48.0,29.0,Complete,Ground Pass
7580,Éver Maximiliano David Banega,Argentina,6,52.0,31.0,Incomplete,High Pass
7580,Hugo Lloris,France,6,17.0,30.0,Complete,High Pass
7580,Olivier Giroud,France,6,81.0,26.0,Incomplete,High Pass
7580,Nicolás Hernán Otamendi,Argentina,6,35.0,53.0,Incomplete,Ground Pass
7580,N'Golo Kanté,France,8,100.0,40.0,Incomplete,High Pass
7580,Lionel Andrés Messi Cuccittini,Argentina,8,21.0,42.0,Incomplete,High Pass
7580,Samuel Yves Umtiti,France,8,49.0,58.0,Unknown,High Pass
7580,Samuel Yves Umtiti,France,8,44.0,67.0,Unknown,Low Pass
7580,Samuel Yves Umtiti,France,8,70.0,54.0,Complete,Ground Pass
7580,Antoine Griezmann,France,8,67.0,53.0,Complete,Ground Pass
7580,Lucas Hernández Pi,France,8,95.0,28.0,Incomplete,Ground Pass
7580,Faustino Marcos Alberto Rojo,Argentina,8,19.0,42.0,Complete,Ground Pass
7580,Gabriel Iván Mercado,Argentina,8,32.0,44.0,Complete,Low Pass
7580,Éver Maximiliano David Banega,Argentina,8,27.0,28.0,Complete,Ground Pass
7580,Ángel Fabián Di María Hernández,Argentina,9,32.0,20.0,Complete,Ground Pass
7580,Éver Maximiliano David Banega,Argentina,9,33.0,31.0,Complete,Ground Pass
7580,Enzo Nicolás Pérez,Argentina,9,36.0,46.0,Complete,Ground Pass
7580,Javier Alejandro Mascherano,Argentina,9,30.0,50.0,Complete,Ground Pass
7580,Gabriel Iván Mercado,Argentina,9,37.0,69.0,Complete,Ground Pass
7580,Nicolás Hernán Otamendi,Argentina,9,38.0,46.0,Complete,Ground Pass
7580,Gabriel Iván Mercado,Argentina,9,44.0,71.0,Complete,Ground Pass
7580,Enzo Nicolás Pérez,Argentina,9,56.0,77.0,Complete,Ground Pass
7580,Gabriel Iván Mercado,Argentina,9,42.0,68.0,Complete,Ground Pass
7580,Nicolás Hernán Otamendi,Argentina,9,37.0,52.0,Complete,Ground Pass
7580,Gabriel Iván Mercado,Argentina,9,48.0,72.0,Complete,Ground Pass
7580,Enzo Nicolás Pérez,Argentina,9,61.0,78.0,Complete,Ground Pass
7580,Gabriel Iván Mercado,Argentina,9,56.0,74.0,Complete,Ground Pass
7580,Cristian David Pavón,Argentina,9,69.0,79.0,Complete,Ground Pass
7580,Enzo Nicolás Pérez,Argentina,9,65.0,78.0,Incomplete,Ground Pass
7580,Gabriel Iván Mercado,Argentina,10,91.0,80.0,Complete,Low Pass
7580,Lionel Andrés Messi Cuccittini,Argentina,10,96.0,79.0,Complete,Low Pass
7580,Gabriel Iván Mercado,Argentina,10,91.0,79.0,Complete,High Pass
7580,Enzo Nicolás Pérez,Argentina,10,100.0,78.0,Complete,High Pass
7580,Cristian David Pavón,Argentina,10,95.0,69.0,Complete,Low Pass
7580,Gabriel Iván Mercado,Argentina,10,87.0,76.0,Complete,Ground Pass
7580,Lucas Hernández Pi,France,10,27.0,10.0,Incomplete,High Pass
7580,Javier Alejandro Mascherano,Argentina,10,79.0,69.0,Complete,Low Pass
7580,Gabriel Iván Mercado,Argentina,10,90.0,76.0,Complete,Ground Pass
7580,Lionel Andrés Messi Cuccittini,Argentina,10,99.0,78.0,Incomplete,Low Pass
7580,Enzo Nicolás Pérez,Argentina,10,104.0,80.0,Complete,Low Pass
7580,Lionel Andrés Messi Cuccittini,Argentina,10,97.0,78.0,Complete,Ground Pass
7580,Cristian David Pavón,Argentina,10,101.0,68.0,Complete,Ground Pass
7580,Paul Pogba,France,10,22.0,25.0,Incomplete,High Pass
7580,Lionel Andrés Messi Cuccittini,Argentina,13,60.0,40.0,Complete,Ground Pass
7580,Javier Alejandro Mascherano,Argentina,13,47.0,41.0,Complete,Ground Pass
7580,Enzo Nicolás Pérez,Argentina,13,55.0,61.0,Complete,Ground Pass
7580,Gabriel Iván Mercado,Argentina,13,57.0,76.0,Complete,Ground Pass
7580,Nicolás Hernán Otamendi,Argentina,13,49.0,56.0,Complete,Ground Pass
7580,Faustino Marcos Alberto Rojo,Argentina,14,38.0,31.0,Complete,Ground Pass
7580,Nicolás Alejandro Tagliafico,Argentina,14,41.0,16.0,Complete,Ground Pass
7580,Faustino Marcos Alberto Rojo,Argentina,14,28.0,37.0,Complete,Ground Pass
7580,Nicolás Hernán Otamendi,Argentina,14,33.0,61.0,Complete,Ground Pass
7580,Gabriel Iván Mercado,Argentina,14,75.0,72.0,Complete,Ground Pass
7580,Cristian David Pavón,Argentina,14,89.0,78.0,Incomplete,Ground Pass
7580,Gabriel Iván Mercado,Argentina,14,110.0,80.0,Complete,Low Pass
7580,Enzo Nicolás Pérez,Argentina,14,106.0,78.0,Complete,Ground Pass
7580,Gabriel Iván Mercado,Argentina,14,110.0,79.0,Complete,Ground Pass
7580,Enzo Nicolás Pérez,Argentina,14,99.0,79.0,Complete,Ground Pass
7580,Javier Alejandro Mascherano,Argentina,14,80.0,68.0,Complete,Ground Pass
7580,Faustino Marcos Alberto Rojo,Argentina,14,67.0,29.0,Complete,Ground Pass
7580,Nicolás Alejandro Tagliafico,Argentina,14,84.0,3.0,Incomplete,High Pass
7580,Raphaël Varane,France,14,18.0,59.0,Complete,Low Pass
7580,Kylian Mbappé Lottin,France,14,23.0,76.0,Incomplete,Low Pass
7580,Éver Maximiliano David Banega,Argentina,14,90.0,6.0,Unknown,Ground Pass
7580,Paul Pogba,France,14,28.0,62.0,Complete,High Pass
7580,Javier Alejandro Mascherano,Argentina,14,56.0,17.0,Complete,Ground Pass
7580,Franco Armani,Argentina,14,23.0,39.0,Complete,Ground Pass
7580,Gabriel Iván Mercado,Argentina,14,35.0,62.0,Complete,Ground Pass
7580,Enzo Nicolás Pérez,Argentina,15,53.0,60.0,Complete,Ground Pass
7580,Nicolás Hernán Otamendi,Argentina,15,44.0,48.0,Complete,Ground Pass
7580,Javier Alejandro Mascherano,Argentina,15,64.0,52.0,Complete,Ground Pass
7580,Cristian David Pavón,Argentina,15,84.0,73.0,Complete,Ground Pass
7580,Enzo Nicolás Pérez,Argentina,15,76.0,68.0,Complete,Ground Pass
7580,Lionel Andrés Messi Cuccittini,Argentina,15,81.0,76.0,Complete,Ground Pass
7580,Enzo Nicolás Pérez,Argentina,15,93.0,78.0,Complete,Ground Pass
7580,Lionel Andrés Messi Cuccittini,Argentina,15,83.0,79.0,Complete,Ground Pass
7580,Lucas Hernández Pi,France,15,35.0,5.0,Complete,Ground Pass
7580,Samuel Yves Umtiti,France,15,27.0,22.0,Complete,Low Pass
7580,Hugo Lloris,France,15,9.0,40.0,Incomplete,High Pass
7580,Nicolás Hernán Otamendi,Argentina,15,51.0,46.0,Complete,High Pass
7580,Faustino Marcos Alberto Rojo,Argentina,15,34.0,38.0,Complete,Ground Pass
7580,Éver Maximiliano David Banega,Argentina,15,44.0,35.0,Complete,High Pass
7580,Gabriel Iván Mercado,Argentina,15,51.0,71.0,Complete,Ground Pass
7580,Enzo Nicolás Pérez,Argentina,15,65.0,73.0,Complete,Ground Pass
7580,Nicolás Hernán Otamendi,Argentina,15,53.0,51.0,Complete,Ground Pass
7580,Faustino Marcos Alberto Rojo,Argentina,16,64.0,27.0,Complete,Ground Pass
7580,Nicolás Alejandro Tagliafico,Argentina,16,68.0,4.0,Complete,Ground Pass
7580,Éver Maximiliano David Banega,Argentina,16,65.0,8.0,Complete,Ground Pass
7580,Faustino Marcos Alberto Rojo,Argentina,16,46.0,16.0,Complete,Ground Pass
7580,Éver Maximiliano David Banega,Argentina,16,54.0,12.0,Complete,Ground Pass
7580,Nicolás Hernán Otamendi,Argentina,16,48.0,48.0,Complete,Low Pass
7580,Cristian David Pavón,Argentina,16,82.0,72.0,Complete,Ground Pass
7580,Enzo Nicolás Pérez,Argentina,16,87.0,69.0,Complete,Ground Pass
7580,Lionel Andrés Messi Cuccittini,Argentina,16,91.0,72.0,Complete,Ground Pass
7580,Gabriel Iván Mercado,Argentina,16,96.0,78.0,Complete,Ground Pass
7580,Enzo Nicolás Pérez,Argentina,16,83.0,77.0,Complete,Ground Pass
7580,Javier Alejandro Mascherano,Argentina,16,78.0,65.0,Complete,High Pass
7580,Ángel Fabián Di María Hernández,Argentina,16,105.0,13.0,Incomplete,High Pass
7580,Ángel Fabián Di María Hernández,Argentina,17,120.0,2.0,Incomplete,High Pass
7580,Kylian Mbappé Lottin,France,17,38.0,41.0,Incomplete,High Pass
7580,Blaise Matuidi,France,17,34.0,51.0,Incomplete,Ground Pass
7580,Ángel Fabián Di María Hernández,Argentina,17,85.0,24.0,Complete,Ground Pass
7580,Éver Maximiliano David Banega,Argentina,17,71.0,26.0,Complete,Ground Pass
7580,Enzo Nicolás Pérez,Argentina,17,75.0,41.0,Complete,Ground Pass
7580,Nicolás Hernán Otamendi,Argentina,17,64.0,45.0,Complete,Ground Pass
7580,Éver Maximiliano David Banega,Argentina,17,84.0,14.0,Complete,Ground Pass
7580,Nicolás Alejandro Tagliafico,Argentina,17,91.0,4.0,Complete,Ground Pass
7580,Ángel Fabián Di María Hernández,Argentina,17,91.0,1.0,Complete,High Pass
7580,Faustino Marcos Alberto Rojo,Argentina,17,63.0,18.0,Complete,Ground Pass
7580,Javier Alejandro Mascherano,Argentina,17,64.0,30.0,Complete,Low Pass
7580,Gabriel Iván Mercado,Argentina,17,72.0,63.0,Complete,Ground Pass
7580,Nicolás Hernán Otamendi,Argentina,17,83.0,62.0,Complete,Ground Pass
7580,Enzo Nicolás Pérez,Argentina,18,89.0,71.0,Complete,Low Pass
7580,Cristian David Pavón,Argentina,18,119.0,71.0,Incomplete,Ground Pass
7580,Samuel Yves Umtiti,France,18,6.0,26.0,Complete,Ground Pass
7580,Paul Pogba,France,18,34.0,25.0,Complete,High Pass
7580,Nicolás Hernán Otamendi,Argentina,20,17.0,62.0,Complete,Ground Pass
7580,Franco Armani,Argentina,20,13.0,47.0,Complete,High Pass
7580,Gabriel Iván Mercado,Argentina,21,44.0,77.0,Complete,Ground Pass
7580,Nicolás Hernán Otamendi,Argentina,21,44.0,53.0,Complete,Ground Pass
7580,Faustino Marcos Alberto Rojo,Argentina,21,52.0,28.0,Complete,Ground Pass
7580,Javier Alejandro Mascherano,Argentina,21,69.0,28.0,Complete,Ground Pass
7580,Éver Maximiliano David Banega,Argentina,21,92.0,12.0,Incomplete,Low Pass
7580,Éver Maximiliano David Banega,Argentina,22,120.0,2.0,Incomplete,High Pass
7580,Blaise Matuidi,France,22,19.0,28.0,Incomplete,High Pass
7580,Lionel Andrés Messi Cuccittini,Argentina,22,70.0,72.0,Complete,Ground Pass
7580,Javier Alejandro Mascherano,Argentina,22,41.0,40.0,Complete,Ground Pass
7580,Franco Armani,Argentina,22,13.0,47.0,Incomplete,High Pass
7580,Javier Alejandro Mascherano,Argentina,22,32.0,69.0,Complete,Low Pass
7580,Faustino Marcos Alberto Rojo,Argentina,22,25.0,33.0,Complete,Ground Pass
7580,Nicolás Hernán Otamendi,Argentina,22,37.0,55.0,Complete,Ground Pass
7580,Gabriel Iván Mercado,Argentina,23,44.0,70.0,Complete,Ground Pass
7580,Nicolás Hernán Otamendi,Argentina,23,41.0,58.0,Complete,Ground Pass
7580,Gabriel Iván Mercado,Argentina,23,42.0,67.0,Complete,Ground Pass
7580,Nicolás Hernán Otamendi,Argentina,23,39.0,46.0,Complete,Ground Pass
7580,Éver Maximiliano David Banega,Argentina,23,55.0,20.0,Complete,Ground Pass
7580,Ángel Fabián Di María Hernández,Argentina,23,62.0,21.0,Complete,Ground Pass
7580,Faustino Marcos Alberto Rojo,Argentina,23,43.0,26.0,Complete,Ground Pass
7580,Nicolás Hernán Otamendi,Argentina,23,66.0,58.0,Complete,Ground Pass
7580,Lionel Andrés Messi Cuccittini,Argentina,23,78.0,76.0,Complete,Low Pass
7580,Blaise Matuidi,France,23,28.0,10.0,Complete,Ground Pass
7580,Cristian David Pavón,Argentina,23,47.0,78.0,Complete,Ground Pass
7580,Javier Alejandro Mascherano,Argentina,23,47.0,51.0,Complete,Ground Pass
7580,Nicolás Alejandro Tagliafico,Argentina,23,57.0,7.0,Complete,Ground Pass
7580,Éver Maximiliano David Banega,Argentina,23,55.0,27.0,Complete,Ground Pass
7580,Faustino Marcos Alberto Rojo,Argentina,23,44.0,25.0,Complete,Ground Pass
7580,Javier Alejandro Mascherano,Argentina,23,51.0,47.0,Complete,Ground Pass
7580,Gabriel Iván Mercado,Argentina,23,69.0,74.0,Complete,Ground Pass
7580,Lionel Andrés Messi Cuccittini,Argentina,24,68.0,58.0,Complete,Ground Pass
7580,Javier Alejandro Mascherano,Argentina,24,86.0,60.0,Incomplete,Ground Pass
7580,Lionel Andrés Messi Cuccittini,Argentina,24,104.0,79.0,Incomplete,Low Pass
7580,Hugo Lloris,France,25,16.0,42.0,Complete,Ground Pass
7580,N'Golo Kanté,France,25,41.0,48.0,Complete,Ground Pass
7580,Javier Alejandro Mascherano,Argentina,25,42.0,19.0,Complete,Ground Pass
7580,Nicolás Hernán Otamendi,Argentina,25,55.0,52.0,Complete,Ground Pass
7580,Gabriel Iván Mercado,Argentina,25,70.0,77.0,Complete,Ground Pass
7580,Cristian David Pavón,Argentina,25,83.0,78.0,Complete,Ground Pass
7580,Gabriel Iván Mercado,Argentina,25,67.0,77.0,Complete,Ground Pass
7580,Nicolás Hernán Otamendi,Argentina,25,61.0,66.0,Complete,Ground Pass
7580,Éver Maximiliano David Banega,Argentina,25,54.0,50.0,Complete,Ground Pass
7580,Faustino Marcos Alberto Rojo,Argentina,25,67.0,24.0,Complete,Ground Pass
7580,Nicolás Alejandro Tagliafico,Argentina,25,65.0,3.0,Incomplete,High Pass
7580,Benjamin Pavard,France,25,20.0,63.0,Complete,High Pass
7580,Paul Pogba,France,25,45.0,56.0,Complete,Ground Pass
7580,Antoine Griezmann,France,25,118.0,53.0,Incomplete,Ground Pass
7580,Éver Maximiliano David Banega,Argentina,26,38.0,54.0,Complete,Ground Pass
7580,Olivier Giroud,France,26,77.0,41.0,Incomplete,Low Pass
7580,Nicolás Hernán Otamendi,Argentina,26,44.0,37.0,Complete,Ground Pass
7580,Nicolás Alejandro Tagliafico,Argentina,26,88.0,23.0,Complete,Ground Pass
7580,Ángel Fabián Di María Hernández,Argentina,26,92.0,16.0,Complete,Ground Pass
7580,Javier Alejandro Mascherano,Argentina,26,67.0,35.0,Complete,Ground Pass
7580,Enzo Nicolás Pérez,Argentina,26,89.0,60.0,Complete,Ground Pass
7580,Cristian David Pavón,Argentina,26,109.0,73.0,Complete,Ground Pass
7580,Gabriel Iván Mercado,Argentina,26,96.0,71.0,Complete,Ground Pass
7580,Javier Alejandro Mascherano,Argentina,26,85.0,65.0,Complete,Ground Pass
7580,Cristian David Pavón,Argentina,26,107.0,74.0,Incomplete,High Pass
7580,Cristian David Pavón,Argentina,26,92.0,80.0,Complete,Low Pass
7580,Javier Alejandro Mascherano,Argentina,26,78.0,61.0,Complete,Ground Pass
7580,Faustino Marcos Alberto Rojo,Argentina,26,83.0,40.0,Complete,Ground Pass
7580,Javier Alejandro Mascherano,Argentina,26,80.0,60.0,Complete,Ground Pass
7580,Cristian David Pavón,Argentina,26,100.0,78.0,Complete,Low Pass
7580,Gabriel Iván Mercado,Argentina,27,113.0,56.0,Out,Low Pass
7580,Samuel Yves Umtiti,France,27,24.0,18.0,Complete,Ground Pass
7580,N'Golo Kanté,France,27,28.0,30.0,Complete,Ground Pass
7580,Raphaël Varane,France,27,39.0,55.0,Complete,Ground Pass
7580,Kylian Mbappé Lottin,France,27,58.0,56.0,Incomplete,Low Pass
7580,Paul Pogba,France,27,54.0,61.0,Complete,Ground Pass
7580,Benjamin Pavard,France,27,70.0,76.0,Complete,Ground Pass
7580,Kylian Mbappé Lottin,France,27,71.0,50.0,Complete,Ground Pass
7580,Blaise Matuidi,France,27,65.0,33.0,Complete,Ground Pass
7580,N'Golo Kanté,France,27,64.0,48.0,Complete,Ground Pass
7580,Paul Pogba,France,27,67.0,56.0,Complete,Ground Pass
7580,N'Golo Kanté,France,27,67.0,52.0,Complete,Ground Pass
7580,Kylian Mbappé Lottin,France,28,89.0,53.0,Complete,Ground Pass
7580,Benjamin Pavard,France,28,104.0,76.0,Complete,High Pass
7580,Samuel Yves Umtiti,France,28,65.0,7.0,Complete,Ground Pass
7580,Raphaël Varane,France,28,51.0,37.0,Complete,Ground Pass
7580,N'Golo Kanté,France,28,61.0,36.0,Complete,Ground Pass
7580,Paul Pogba,France,28,56.0,57.0,Complete,Ground Pass
7580,N'Golo Kanté,France,28,64.0,42.0,Incomplete,High Pass
7580,Gabriel Iván Mercado,Argentina,28,40.0,68.0,Complete,Ground Pass
7580,Nicolás Hernán Otamendi,Argentina,28,58.0,61.0,Complete,Ground Pass
7580,Enzo Nicolás Pérez,Argentina,28,68.0,62.0,Complete,Ground Pass
7580,Nicolás Hernán Otamendi,Argentina,28,56.0,52.0,Complete,Ground Pass
7580,Faustino Marcos Alberto Rojo,Argentina,28,54.0,23.0,Complete,Ground Pass
7580,Nicolás Alejandro Tagliafico,Argentina,28,62.0,9.0,Complete,Ground Pass
7580,Nicolás Hernán Otamendi,Argentina,28,57.0,40.0,Complete,Ground Pass
7580,Gabriel Iván Mercado,Argentina,29,69.0,73.0,Complete,Ground Pass
7580,Enzo Nicolás Pérez,Argentina,29,78.0,64.0,Complete,Ground Pass
7580,Nicolás Hernán Otamendi,Argentina,29,62.0,56.0,Complete,Ground Pass
7580,Gabriel Iván Mercado,Argentina,29,70.0,78.0,Incomplete,High Pass
7580,Hugo Lloris,France,29,14.0,31.0,Complete,Ground Pass
7580,N'Golo Kanté,France,29,34.0,24.0,Complete,Ground Pass
7580,Samuel Yves Umtiti,France,29,31.0,15.0,Complete,Ground Pass
7580,N'Golo Kanté,France,29,35.0,22.0,Complete,Ground Pass
7580,Samuel Yves Umtiti,France,29,34.0,12.0,Complete,Ground Pass
7580,Blaise Matuidi,France,29,46.0,15.0,Incomplete,Ground Pass
7580,Lucas Hernández Pi,France,29,49.0,2.0,Complete,Low Pass
7580,Nicolás Hernán Otamendi,Argentina,29,48.0,67.0,Complete,High Pass
7580,Javier Alejandro Mascherano,Argentina,29,64.0,59.0,Incomplete,High Pass
7580,Kylian Mbappé Lottin,France,29,66.0,47.0,Incomplete,High Pass
7580,Nicolás Hernán Otamendi,Argentina,29,49.0,41.0,Incomplete,High Pass
7580,Enzo Nicolás Pérez,Argentina,30,56.0,52.0,Complete,Ground Pass
7580,Lionel Andrés Messi Cuccittini,Argentina,30,95.0,66.0,Complete,Ground Pass
7580,Samuel Yves Umtiti,France,30,17.0,32.0,Complete,Ground Pass
7580,Paul Pogba,France,30,21.0,41.0,Complete,Ground Pass
7580,N'Golo Kanté,France,30,30.0,23.0,Complete,Ground Pass
7580,Blaise Matuidi,France,30,25.0,19.0,Complete,Ground Pass
7580,Antoine Griezmann,France,30,40.0,21.0,Complete,Ground Pass
7580,Paul Pogba,France,30,89.0,44.0,Complete,Ground Pass
7580,Blaise Matuidi,France,30,67.0,29.0,Complete,Low Pass
7580,Samuel Yves Umtiti,France,30,47.0,13.0,Complete,Ground Pass
7580,Lucas Hernández Pi,France,30,46.0,10.0,Complete,Ground Pass
7580,Samuel Yves Umtiti,France,30,36.0,17.0,Complete,Ground Pass
7580,N'Golo Kanté,France,30,41.0,23.0,Complete,Ground Pass
7580,Hugo Lloris,France,30,10.0,38.0,Complete,High Pass
7580,Olivier Giroud,France,30,70.0,39.0,Complete,Low Pass
7580,Antoine Griezmann,France,31,88.0,35.0,Incomplete,Ground Pass
7580,Nicolás Alejandro Tagliafico,Argentina,31,35.0,27.0,Complete,Ground Pass
7580,Nicolás Hernán Otamendi,Argentina,31,36.0,47.0,Complete,Ground Pass
7580,Gabriel Iván Mercado,Argentina,31,46.0,69.0,Complete,Ground Pass
7580,Enzo Nicolás Pérez,Argentina,31,55.0,58.0,Complete,Ground Pass
7580,Gabriel Iván Mercado,Argentina,31,65.0,78.0,Complete,Ground Pass
7580,Enzo Nicolás Pérez,Argentina,31,59.0,70.0,Complete,Ground Pass
7580,Nicolás Hernán Otamendi,Argentina,31,53.0,47.0,Complete,Ground Pass
7580,Faustino Marcos Alberto Rojo,Argentina,31,70.0,22.0,Complete,Ground Pass
7580,N'Golo Kanté,France,31,37.0,47.0,Complete,Ground Pass
7580,Blaise Matuidi,France,32,53.0,28.0,Complete,Ground Pass
7580,N'Golo Kanté,France,32,49.0,40.0,Complete,Ground Pass
7580,Samuel Yves Umtiti,France,32,37.0,28.0,Complete,Ground Pass
7580,N'Golo Kanté,France,32,47.0,35.0,Complete,Ground Pass
7580,Samuel Yves Umtiti,France,32,57.0,19.0,Complete,Ground Pass
7580,Olivier Giroud,France,32,71.0,17.0,Complete,Low Pass
7580,Lucas Hernández Pi,France,32,68.0,6.0,Complete,Ground Pass
7580,Samuel Yves Umtiti,France,32,54.0,6.0,Complete,High Pass
7580,Gabriel Iván Mercado,Argentina,33,30.0,77.0,Complete,Ground Pass
7580,Nicolás Hernán Otamendi,Argentina,33,26.0,60.0,Complete,Ground Pass
7580,Éver Maximiliano David Banega,Argentina,33,51.0,22.0,Complete,Ground Pass
7580,Ángel Fabián Di María Hernández,Argentina,33,65.0,25.0,Incomplete,Low Pass
7580,Éver Maximiliano David Banega,Argentina,33,64.0,24.0,Out,High Pass
7580,Raphaël Varane,France,33,12.0,69.0,Complete,Ground Pass
7580,Hugo Lloris,France,33,5.0,47.0,Complete,Ground Pass
7580,N'Golo Kanté,France,33,22.0,44.0,Complete,High Pass
7580,Blaise Matuidi,France,33,65.0,2.0,Complete,Low Pass
7580,N'Golo Kanté,France,34,65.0,17.0,Complete,Ground Pass
7580,Paul Pogba,France,34,59.0,38.0,Complete,High Pass
7580,Olivier Giroud,France,34,108.0,21.0,Complete,Low Pass
7580,Faustino Marcos Alberto Rojo,Argentina,34,11.0,51.0,Complete,Ground Pass
7580,Franco Armani,Argentina,34,3.0,50.0,Incomplete,High Pass
7580,N'Golo Kanté,France,34,91.0,4.0,Unknown,High Pass
7580,Faustino Marcos Alberto Rojo,Argentina,35,29.0,38.0,Complete,Ground Pass
7580,Javier Alejandro Mascherano,Argentina,35,42.0,46.0,Complete,Ground Pass
7580,Nicolás Hernán Otamendi,Argentina,35,66.0,56.0,Complete,Ground Pass
7580,Nicolás Hernán Otamendi,Argentina,36,55.0,52.0,Complete,Ground Pass
7580,Javier Alejandro Mascherano,Argentina,36,59.0,44.0,Complete,Ground Pass
7580,Gabriel Iván Mercado,Argentina,36,87.0,76.0,Complete,Ground Pass
7580,Cristian David Pavón,Argentina,36,96.0,74.0,Complete,Ground Pass
7580,Javier Alejandro Mascherano,Argentina,36,83.0,63.0,Complete,Ground Pass
7580,Lionel Andrés Messi Cuccittini,Argentina,36,75.0,34.0,Complete,Ground Pass
7580,Éver Maximiliano David Banega,Argentina,36,96.0,30.0,Complete,Ground Pass
7580,Ángel Fabián Di María Hernández,Argentina,36,103.0,14.0,Complete,Ground Pass
7580,Antoine Griezmann,France,36,15.0,58.0,Complete,Ground Pass
7580,Paul Pogba,France,36,26.0,64.0,Unknown,Ground Pass
7580,Nicolás Hernán Otamendi,Argentina,36,45.0,4.0,Complete,Low Pass
7580,Franco Armani,Argentina,36,21.0,36.0,Complete,Ground Pass
7580,Javier Alejandro Mascherano,Argentina,36,46.0,42.0,Complete,Ground Pass
7580,Gabriel Iván Mercado,Argentina,36,62.0,73.0,Complete,Ground Pass
7580,Enzo Nicolás Pérez,Argentina,36,65.0,59.0,Complete,Ground Pass
7580,Javier Alejandro Mascherano,Argentina,36,65.0,39.0,Complete,Ground Pass
7580,Éver Maximiliano David Banega,Argentina,36,68.0,35.0,Complete,Low Pass
7580,Gabriel Iván Mercado,Argentina,36,69.0,73.0,Complete,Ground Pass
7580,Blaise Matuidi,France,36,41.0,10.0,Complete,Ground Pass
7580,N'Golo Kanté,France,37,42.0,17.0,Incomplete,Ground Pass
7580,Nicolás Hernán Otamendi,Argentina,37,91.0,57.0,Incomplete,Ground Pass
7580,Nicolás Hernán Otamendi,Argentina,37,96.0,53.0,Complete,Low Pass
7580,Cristian David Pavón,Argentina,37,114.0,79.0,Incomplete,High Pass
7580,Hugo Lloris,France,37,15.0,50.0,Complete,Ground Pass
7580,Benjamin Pavard,France,37,56.0,64.0,Complete,Ground Pass
7580,Kylian Mbappé Lottin,France,37,65.0,68.0,Incomplete,Ground Pass
7580,Javier Alejandro Mascherano,Argentina,37,46.0,21.0,Complete,Ground Pass
7580,Franco Armani,Argentina,37,16.0,36.0,Complete,Ground Pass
7580,Faustino Marcos Alberto Rojo,Argentina,37,25.0,33.0,Complete,Ground Pass
7580,Javier Alejandro Mascherano,Argentina,37,33.0,37.0,Complete,Ground Pass
7580,Éver Maximiliano David Banega,Argentina,37,47.0,34.0,Complete,Ground Pass
7580,Gabriel Iván Mercado,Argentina,37,59.0,67.0,Complete,Ground Pass
7580,Enzo Nicolás Pérez,Argentina,37,67.0,52.0,Complete,Ground Pass
7580,Lionel Andrés Messi Cuccittini,Argentina,37,80.0,68.0,Complete,Ground Pass
7580,Cristian David Pavón,Argentina,37,120.0,62.0,Incomplete,Ground Pass
7580,Antoine Griezmann,France,37,64.0,9.0,Complete,Ground Pass
7580,Blaise Matuidi,France,37,67.0,5.0,Complete,Ground Pass
7580,Paul Pogba,France,38,65.0,17.0,Complete,Ground Pass
7580,Blaise Matuidi,France,38,75.0,8.0,Complete,Ground Pass
7580,Lucas Hernández Pi,France,38,82.0,5.0,Complete,Ground Pass
7580,Blaise Matuidi,France,38,82.0,12.0,Complete,Ground Pass
7580,Paul Pogba,France,38,72.0,20.0,Complete,Ground Pass
7580,Raphaël Varane,France,38,63.0,56.0,Complete,Ground Pass
7580,Kylian Mbappé Lottin,France,38,81.0,49.0,Complete,Ground Pass
7580,Benjamin Pavard,France,38,82.0,68.0,Complete,Ground Pass
7580,Paul Pogba,France,38,75.0,53.0,Complete,Ground Pass
7580,N'Golo Kanté,France,38,69.0,39.0,Complete,Ground Pass
7580,Blaise Matuidi,France,38,76.0,35.0,Complete,Ground Pass
7580,N'Golo Kanté,France,38,66.0,42.0,Complete,Ground Pass
7580,Paul Pogba,France,38,72.0,57.0,Complete,Ground Pass
7580,Benjamin Pavard,France,38,81.0,75.0,Complete,Ground Pass
7580,Raphaël Varane,France,38,62.0,54.0,Complete,Ground Pass
7580,Samuel Yves Umtiti,France,38,66.0,25.0,Complete,Ground Pass
7580,Raphaël Varane,France,38,58.0,55.0,Complete,Ground Pass
7580,Paul Pogba,France,38,72.0,76.0,Complete,Ground Pass
7580,Benjamin Pavard,France,38,91.0,77.0,Complete,Ground Pass
7580,Antoine Griezmann,France,38,105.0,75.0,Complete,Ground Pass
7580,Benjamin Pavard,France,38,114.0,64.0,Out,High Pass
7580,Éver Maximiliano David Banega,Argentina,39,56.0,66.0,Complete,Ground Pass
7580,Gabriel Iván Mercado,Argentina,39,54.0,66.0,Complete,Ground Pass
7580,Éver Maximiliano David Banega,Argentina,39,58.0,63.0,Complete,Ground Pass
7580,Nicolás Hernán Otamendi,Argentina,39,53.0,48.0,Complete,Ground Pass
7580,Éver Maximiliano David Banega,Argentina,39,59.0,62.0,Complete,Ground Pass
7580,Cristian David Pavón,Argentina,39,78.0,77.0,Complete,Ground Pass
7580,Éver Maximiliano David Banega,Argentina,39,68.0,58.0,Complete,Ground Pass
7580,Lionel Andrés Messi Cuccittini,Argentina,39,77.0,53.0,Complete,Ground Pass
7580,Gabriel Iván Mercado,Argentina,39,88.0,78.0,Complete,Ground Pass
7580,Lionel Andrés Messi Cuccittini,Argentina,39,87.0,70.0,Complete,Ground Pass
7580,Gabriel Iván Mercado,Argentina,39,102.0,78.0,Complete,Ground Pass
7580,Lionel Andrés Messi Cuccittini,Argentina,40,120.0,79.0,Incomplete,High Pass
7580,Nicolás Alejandro Tagliafico,Argentina,40,107.0,2.0,Complete,Low Pass
7580,Cristian David Pavón,Argentina,40,103.0,5.0,Complete,Ground Pass
7580,Nicolás Alejandro Tagliafico,Argentina,40,107.0,2.0,Complete,Ground Pass
7580,Cristian David Pavón,Argentina,40,99.0,4.0,Complete,Ground Pass
7580,Éver Maximiliano David Banega,Argentina,40,95.0,15.0,Complete,Ground Pass
7580,N'Golo Kanté,France,41,47.0,39.0,Complete,Ground Pass
7580,Blaise Matuidi,France,41,53.0,33.0,Complete,Ground Pass
7580,Paul Pogba,France,42,64.0,53.0,Complete,Ground Pass
7580,Benjamin Pavard,France,42,74.0,63.0,Complete,Ground Pass
7580,Paul Pogba,France,42,68.0,53.0,Complete,Ground Pass
7580,Samuel Yves Umtiti,France,42,58.0,25.0,Complete,Ground Pass
7580,N'Golo Kanté,France,42,62.0,46.0,Complete,Ground Pass
7580,Benjamin Pavard,France,42,71.0,66.0,Complete,Ground Pass
7580,Raphaël Varane,France,42,57.0,52.0,Complete,Ground Pass
7580,Raphaël Varane,France,42,64.0,47.0,Complete,Ground Pass
7580,Paul Pogba,France,42,74.0,56.0,Complete,Ground Pass
7580,Kylian Mbappé Lottin,France,42,100.0,58.0,Complete,Ground Pass
7580,Faustino Marcos Alberto Rojo,Argentina,42,26.0,36.0,Complete,Ground Pass
7580,Gabriel Iván Mercado,Argentina,42,22.0,67.0,Incomplete,High Pass
7580,Samuel Yves Umtiti,France,43,38.0,22.0,Complete,Ground Pass
7580,N'Golo Kanté,France,43,54.0,27.0,Complete,Ground Pass
7580,Lucas Hernández Pi,France,43,45.0,8.0,Complete,Ground Pass
7580,Samuel Yves Umtiti,France,43,29.0,18.0,Complete,Ground Pass
7580,Raphaël Varane,France,43,50.0,56.0,Complete,Ground Pass
7580,Paul Pogba,France,43,53.0,50.0,Complete,Ground Pass
7580,Raphaël Varane,France,43,47.0,64.0,Incomplete,Low Pass
7580,Javier Alejandro Mascherano,Argentina,43,49.0,27.0,Complete,Ground Pass
7580,Éver Maximiliano David Banega,Argentina,43,60.0,22.0,Incomplete,Low Pass
7580,Benjamin Pavard,France,43,68.0,68.0,Complete,Low Pass
7580,Javier Alejandro Mascherano,Argentina,43,38.0,18.0,Complete,Low Pass
7580,Ángel Fabián Di María Hernández,Argentina,43,53.0,10.0,Complete,Ground Pass
7580,Éver Maximiliano David Banega,Argentina,43,53.0,17.0,Complete,Ground Pass
7580,Javier Alejandro Mascherano,Argentina,43,39.0,16.0,Complete,Ground Pass
7580,Nicolás Hernán Otamendi,Argentina,43,36.0,48.0,Complete,Low Pass
7580,Gabriel Iván Mercado,Argentina,43,67.0,67.0,Complete,Ground Pass
7580,Cristian David Pavón,Argentina,43,70.0,78.0,Complete,Ground Pass
7580,Nicolás Hernán Otamendi,Argentina,43,53.0,51.0,Complete,Ground Pass
7580,Nicolás Alejandro Tagliafico,Argentina,43,68.0,22.0,Complete,Ground Pass
7580,Ángel Fabián Di María Hernández,Argentina,43,76.0,20.0,Complete,Low Pass
7580,Faustino Marcos Alberto Rojo,Argentina,44,55.0,24.0,Complete,Ground Pass
7580,Éver Maximiliano David Banega,Argentina,44,68.0,8.0,Complete,Ground Pass
7580,Javier Alejandro Mascherano,Argentina,44,64.0,22.0,Complete,Ground Pass
7580,Éver Maximiliano David Banega,Argentina,44,60.0,11.0,Complete,Low Pass
7580,Nicolás Hernán Otamendi,Argentina,44,82.0,61.0,Complete,Ground Pass
7580,Gabriel Iván Mercado,Argentina,44,95.0,76.0,Complete,Ground Pass
7580,Lionel Andrés Messi Cuccittini,Argentina,44,88.0,64.0,Complete,Ground Pass
7580,Javier Alejandro Mascherano,Argentina,44,78.0,53.0,Complete,Ground Pass
7580,Enzo Nicolás Pérez,Argentina,44,95.0,69.0,Incomplete,High Pass
7580,Samuel Yves Umtiti,France,44,18.0,26.0,Complete,Low Pass
7580,Antoine Griezmann,France,44,30.0,23.0,Complete,Low Pass
7580,Franco Armani,Argentina,45,33.0,5.0,Complete,High Pass
7580,Cristian David Pavón,Argentina,45,95.0,54.0,Incomplete,High Pass
7580,Hugo Lloris,France,45,15.0,40.0,Complete,Ground Pass
7580,Raphaël Varane,France,45,25.0,53.0,Complete,Ground Pass
7580,Samuel Yves Umtiti,France,45,38.0,27.0,Complete,Ground Pass
7580,Raphaël Varane,France,45,48.0,50.0,Complete,Ground Pass
7580,Benjamin Pavard,France,45,48.0,63.0,Complete,Ground Pass
7580,Raphaël Varane,France,45,37.0,51.0,Complete,Ground Pass
7580,Samuel Yves Umtiti,France,46,58.0,18.0,Complete,Ground Pass
7580,N'Golo Kanté,France,46,67.0,29.0,Incomplete,Ground Pass
7580,Nicolás Hernán Otamendi,Argentina,46,39.0,51.0,Out,High Pass
7580,Raphaël Varane,France,46,47.0,61.0,Complete,Ground Pass
7580,Kylian Mbappé Lottin,France,46,89.0,60.0,Incomplete,Ground Pass
7580,Antoine Griezmann,France,46,116.0,80.0,Incomplete,Low Pass
7580,Benjamin Pavard,France,46,108.0,80.0,Complete,Low Pass
7580,Lionel Andrés Messi Cuccittini,Argentina,45,61.0,41.0,Complete,Ground Pass
7580,Javier Alejandro Mascherano,Argentina,45,45.0,41.0,Complete,Ground Pass
7580,Gabriel Iván Mercado,Argentina,45,45.0,73.0,Complete,Ground Pass
7580,Federico Julián Fazio,Argentina,45,33.0,56.0,Complete,Ground Pass
7580,Nicolás Hernán Otamendi,Argentina,45,46.0,36.0,Complete,Ground Pass
7580,Gabriel Iván Mercado,Argentina,45,63.0,69.0,Complete,Ground Pass
7580,Federico Julián Fazio,Argentina,45,48.0,65.0,Complete,Ground Pass
7580,Nicolás Hernán Otamendi,Argentina,45,54.0,51.0,Complete,Ground Pass
7580,Gabriel Iván Mercado,Argentina,45,70.0,77.0,Complete,Ground Pass
7580,Cristian David Pavón,Argentina,45,69.0,78.0,Complete,Ground Pass
7580,Federico Julián Fazio,Argentina,45,42.0,65.0,Complete,Ground Pass
7580,Nicolás Hernán Otamendi,Argentina,45,50.0,33.0,Complete,Ground Pass
7580,Éver Maximiliano David Banega,Argentina,45,56.0,28.0,Complete,Ground Pass
7580,Federico Julián Fazio,Argentina,45,50.0,51.0,Complete,Ground Pass
7580,Enzo Nicolás Pérez,Argentina,45,64.0,64.0,Complete,Ground Pass
7580,Gabriel Iván Mercado,Argentina,45,83.0,78.0,Complete,Ground Pass
7580,Enzo Nicolás Pérez,Argentina,45,71.0,71.0,Complete,Ground Pass
7580,Gabriel Iván Mercado,Argentina,45,83.0,78.0,Complete,Ground Pass
7580,Lionel Andrés Messi Cuccittini,Argentina,46,74.0,46.0,Complete,Ground Pass
7580,Nicolás Hernán Otamendi,Argentina,46,73.0,22.0,Complete,Ground Pass
7580,Nicolás Alejandro Tagliafico,Argentina,46,68.0,3.0,Complete,Ground Pass
7580,Éver Maximiliano David Banega,Argentina,47,115.0,14.0,Incomplete,High Pass
7580,N'Golo Kanté,France,48,47.0,39.0,Complete,Ground Pass
7580,Paul Pogba,France,48,56.0,57.0,Complete,Ground Pass
7580,Antoine Griezmann,France,49,86.0,75.0,Complete,Ground Pass
7580,Kylian Mbappé Lottin,France,49,112.0,60.0,Incomplete,Ground Pass
7580,Benjamin Pavard,France,50,102.0,80.0,Complete,Low Pass
7580,N'Golo Kanté,France,50,83.0,67.0,Complete,Ground Pass
7580,Raphaël Varane,France,50,76.0,56.0,Complete,Ground Pass
7580,Samuel Yves Umtiti,France,50,75.0,31.0,Complete,High Pass
7580,Gabriel Iván Mercado,Argentina,50,21.0,62.0,Complete,Ground Pass
7580,Javier Alejandro Mascherano,Argentina,50,41.0,70.0,Out,High Pass
7580,N'Golo Kanté,France,50,42.0,27.0,Complete,Ground Pass
7580,Raphaël Varane,France,50,48.0,57.0,Complete,Ground Pass
7580,Benjamin Pavard,France,50,59.0,74.0,Complete,Ground Pass
7580,Raphaël Varane,France,50,53.0,62.0,Complete,Ground Pass
7580,Blaise Matuidi,France,50,57.0,33.0,Complete,Ground Pass
7580,Samuel Yves Umtiti,France,50,54.0,22.0,Complete,Ground Pass
7580,Blaise Matuidi,France,50,55.0,28.0,Complete,Ground Pass
7580,N'Golo Kanté,France,50,79.0,35.0,Complete,Ground Pass
7580,Antoine Griezmann,France,50,87.0,34.0,Complete,Ground Pass
7580,Lucas Hernández Pi,France,51,100.0,2.0,Complete,Low Pass
7580,N'Golo Kanté,France,51,80.0,13.0,Complete,Ground Pass
7580,Raphaël Varane,France,51,83.0,59.0,Complete,Ground Pass
7580,Kylian Mbappé Lottin,France,51,94.0,71.0,Complete,Ground Pass
7580,Paul Pogba,France,51,86.0,53.0,Out,High Pass
7580,Franco Armani,Argentina,51,7.0,36.0,Complete,High Pass
7580,Cristian David Pavón,Argentina,51,66.0,76.0,Complete,Low Pass
7580,Gabriel Iván Mercado,Argentina,51,58.0,75.0,Incomplete,High Pass
7580,Blaise Matuidi,France,52,64.0,5.0,Incomplete,High Pass
7580,Federico Julián Fazio,Argentina,52,38.0,73.0,Incomplete,Low Pass
7580,Kylian Mbappé Lottin,France,53,100.0,6.0,Incomplete,High Pass
7580,Franco Armani,Argentina,53,25.0,26.0,Incomplete,High Pass
7580,Lucas Hernández Pi,France,53,35.0,25.0,Incomplete,High Pass
7580,Enzo Nicolás Pérez,Argentina,54,86.0,58.0,Complete,Ground Pass
7580,Lionel Andrés Messi Cuccittini,Argentina,54,93.0,61.0,Complete,Ground Pass
7580,Cristian David Pavón,Argentina,54,117.0,63.0,Out,High Pass
7580,Hugo Lloris,France,54,6.0,41.0,Complete,Ground Pass
7580,Samuel Yves Umtiti,France,54,21.0,18.0,Complete,Ground Pass
7580,N'Golo Kanté,France,54,27.0,54.0,Complete,Ground Pass
7580,Raphaël Varane,France,54,59.0,70.0,Complete,Ground Pass
7580,Kylian Mbappé Lottin,France,54,75.0,73.0,Complete,Ground Pass
7580,Benjamin Pavard,France,54,64.0,79.0,Complete,Ground Pass
7580,Raphaël Varane,France,55,47.0,72.0,Complete,Ground Pass
7580,Samuel Yves Umtiti,France,55,76.0,32.0,Complete,Ground Pass
7580,Olivier Giroud,France,55,89.0,39.0,Incomplete,Ground Pass
7580,Federico Julián Fazio,Argentina,55,16.0,42.0,Incomplete,Ground Pass
7580,Cristian David Pavón,Argentina,55,92.0,55.0,Incomplete,High Pass
7580,Hugo Lloris,France,55,14.0,33.0,Complete,Ground Pass
7580,Raphaël Varane,France,56,38.0,54.0,Complete,Ground Pass
7580,Kylian Mbappé Lottin,France,56,63.0,76.0,Complete,Ground Pass
7580,N'Golo Kanté,France,56,54.0,65.0,Complete,Ground Pass
7580,Benjamin Pavard,France,56,42.0,74.0,Complete,Low Pass
7580,Hugo Lloris,France,56,15.0,31.0,Incomplete,High Pass
7580,Federico Julián Fazio,Argentina,56,43.0,54.0,Incomplete,High Pass
7580,N'Golo Kanté,France,56,53.0,19.0,Complete,Ground Pass
7580,Samuel Yves Umtiti,France,56,42.0,18.0,Complete,Ground Pass
7580,N'Golo Kanté,France,56,55.0,25.0,Complete,Ground Pass
7580,Samuel Yves Umtiti,France,56,39.0,15.0,Complete,Ground Pass
7580,Hugo Lloris,France,56,12.0,29.0,Complete,Ground Pass
7580,Raphaël Varane,France,56,33.0,61.0,Complete,Ground Pass
7580,N'Golo Kanté,France,56,63.0,37.0,Complete,Ground Pass
7580,Blaise Matuidi,France,56,68.0,17.0,Complete,Ground Pass
7580,Lucas Hernández Pi,France,56,116.0,15.0,Complete,High Pass
7580,Javier Alejandro Mascherano,Argentina,58,50.0,40.0,Complete,Ground Pass
7580,Nicolás Hernán Otamendi,Argentina,58,39.0,31.0,Complete,Ground Pass
7580,Éver Maximiliano David Banega,Argentina,58,50.0,28.0,Complete,Ground Pass
7580,Nicolás Hernán Otamendi,Argentina,58,40.0,33.0,Complete,Ground Pass
7580,Enzo Nicolás Pérez,Argentina,58,56.0,57.0,Complete,Ground Pass
7580,Gabriel Iván Mercado,Argentina,58,41.0,62.0,Complete,Ground Pass
7580,Federico Julián Fazio,Argentina,58,36.0,54.0,Complete,Ground Pass
7580,Enzo Nicolás Pérez,Argentina,58,56.0,75.0,Complete,Ground Pass
7580,Gabriel Iván Mercado,Argentina,58,50.0,68.0,Complete,Ground Pass
7580,Enzo Nicolás Pérez,Argentina,58,56.0,73.0,Complete,Ground Pass
7580,Federico Julián Fazio,Argentina,58,35.0,55.0,Complete,Ground Pass
7580,Nicolás Hernán Otamendi,Argentina,58,51.0,23.0,Complete,Ground Pass
7580,Éver Maximiliano David Banega,Argentina,58,66.0,12.0,Complete,Ground Pass
7580,Nicolás Hernán Otamendi,Argentina,58,50.0,23.0,Complete,Ground Pass
7580,Éver Maximiliano David Banega,Argentina,58,68.0,33.0,Complete,Ground Pass
7580,Enzo Nicolás Pérez,Argentina,58,66.0,25.0,Complete,Ground Pass
7580,Nicolás Alejandro Tagliafico,Argentina,58,86.0,15.0,Complete,Ground Pass
7580,Ángel Fabián Di María Hernández,Argentina,59,115.0,15.0,Incomplete,Ground Pass
7580,Raphaël Varane,France,59,4.0,60.0,Complete,High Pass
7580,Éver Maximiliano David Banega,Argentina,59,72.0,3.0,Complete,Ground Pass
7580,Nicolás Hernán Otamendi,Argentina,59,57.0,21.0,Complete,Ground Pass
7580,Javier Alejandro Mascherano,Argentina,59,66.0,27.0,Complete,Ground Pass
7580,Nicolás Alejandro Tagliafico,Argentina,59,91.0,3.0,Complete,Ground Pass
7580,Samuel Yves Umtiti,France,60,58.0,18.0,Complete,Ground Pass
7580,Raphaël Varane,France,60,58.0,51.0,Complete,Ground Pass
7580,Benjamin Pavard,France,60,68.0,78.0,Complete,Ground Pass
7580,Paul Pogba,France,60,64.0,74.0,Complete,High Pass
7580,Benjamin Pavard,France,60,90.0,77.0,Complete,Ground Pass
7580,Kylian Mbappé Lottin,France,60,88.0,78.0,Complete,Ground Pass
7580,Paul Pogba,France,60,75.0,68.0,Out,High Pass
7580,Franco Armani,Argentina,60,6.0,35.0,Complete,Ground Pass
7580,Nicolás Hernán Otamendi,Argentina,60,10.0,18.0,Complete,Ground Pass
7580,Franco Armani,Argentina,60,4.0,35.0,Unknown,High Pass
7580,Gabriel Iván Mercado,Argentina,61,52.0,79.0,Complete,Ground Pass
7580,Federico Julián Fazio,Argentina,61,31.0,64.0,Complete,Ground Pass
7580,Nicolás Hernán Otamendi,Argentina,61,50.0,33.0,Complete,High Pass
7580,Nicolás Alejandro Tagliafico,Argentina,61,66.0,2.0,Complete,Ground Pass
7580,Éver Maximiliano David Banega,Argentina,61,59.0,7.0,Complete,Ground Pass
7580,Nicolás Hernán Otamendi,Argentina,61,55.0,32.0,Complete,Ground Pass
7580,Éver Maximiliano David Banega,Argentina,61,53.0,40.0,Complete,Ground Pass
7580,Gabriel Iván Mercado,Argentina,61,69.0,75.0,Complete,Ground Pass
7580,Lionel Andrés Messi Cuccittini,Argentina,62,71.0,67.0,Complete,Ground Pass
7580,Cristian David Pavón,Argentina,62,95.0,78.0,Incomplete,Ground Pass
7580,N'Golo Kanté,France,62,23.0,27.0,Complete,Ground Pass
7580,Raphaël Varane,France,62,54.0,67.0,Complete,Ground Pass
7580,Paul Pogba,France,62,53.0,56.0,Complete,Ground Pass
7580,Raphaël Varane,France,62,56.0,69.0,Complete,Ground Pass
7580,Benjamin Pavard,France,62,65.0,78.0,Complete,Ground Pass
7580,Raphaël Varane,France,62,53.0,71.0,Complete,Ground Pass
7580,Samuel Yves Umtiti,France,62,67.0,16.0,Complete,Ground Pass
7580,Paul Pogba,France,63,76.0,38.0,Complete,Low Pass
7580,Lucas Hernández Pi,France,63,110.0,5.0,Complete,High Pass
7580,Federico Julián Fazio,Argentina,64,34.0,53.0,Complete,Ground Pass
7580,Nicolás Hernán Otamendi,Argentina,64,50.0,31.0,Complete,Ground Pass
7580,Enzo Nicolás Pérez,Argentina,64,64.0,54.0,Complete,Ground Pass
7580,Lionel Andrés Messi Cuccittini,Argentina,64,76.0,44.0,Complete,Ground Pass
7580,Javier Alejandro Mascherano,Argentina,64,64.0,45.0,Complete,Ground Pass
7580,Gabriel Iván Mercado,Argentina,64,74.0,78.0,Complete,Ground Pass
7580,Enzo Nicolás Pérez,Argentina,64,71.0,67.0,Complete,Ground Pass
7580,Lionel Andrés Messi Cuccittini,Argentina,64,78.0,42.0,Incomplete,Ground Pass
7580,Éver Maximiliano David Banega,Argentina,66,78.0,51.0,Complete,Ground Pass
7580,Franco Armani,Argentina,66,42.0,40.0,Complete,Ground Pass
7580,Javier Alejandro Mascherano,Argentina,66,48.0,52.0,Complete,Ground Pass
7580,Éver Maximiliano David Banega,Argentina,66,51.0,73.0,Complete,Ground Pass
7580,Javier Alejandro Mascherano,Argentina,66,77.0,73.0,Incomplete,Ground Pass
7580,Samuel Yves Umtiti,France,66,2.0,21.0,Out,Low Pass
7580,Cristian David Pavón,Argentina,66,110.0,79.0,Complete,Low Pass
7580,Éver Maximiliano David Banega,Argentina,66,76.0,77.0,Complete,Ground Pass
7580,Javier Alejandro Mascherano,Argentina,66,68.0,51.0,Complete,Ground Pass
7580,Nicolás Hernán Otamendi,Argentina,66,67.0,32.0,Complete,Low Pass
7580,Éver Maximiliano David Banega,Argentina,66,74.0,64.0,Complete,Ground Pass
7580,Gabriel Iván Mercado,Argentina,66,91.0,75.0,Complete,Ground Pass
7580,Lionel Andrés Messi Cuccittini,Argentina,66,87.0,64.0,Complete,Ground Pass
7580,Éver Maximiliano David Banega,Argentina,66,93.0,75.0,Complete,Ground Pass
7580,Federico Julián Fazio,Argentina,67,78.0,64.0,Complete,Ground Pass
7580,Javier Alejandro Mascherano,Argentina,67,74.0,49.0,Complete,Ground Pass
7580,Nicolás Hernán Otamendi,Argentina,67,89.0,35.0,Out,Low Pass
7580,Samuel Yves Umtiti,France,67,14.0,17.0,Complete,Ground Pass
7580,Hugo Lloris,France,67,6.0,39.0,Complete,Ground Pass
7580,N'Golo Kanté,France,67,34.0,26.0,Complete,Ground Pass
7580,Olivier Giroud,France,67,59.0,32.0,Complete,Ground Pass
7580,Blaise Matuidi,France,67,65.0,25.0,Complete,Ground Pass
7580,Olivier Giroud,France,67,90.0,47.0,Complete,Ground Pass
7580,Kylian Mbappé Lottin,France,69,29.0,70.0,Incomplete,Ground Pass
7580,Sergio Leonel Agüero del Castillo,Argentina,69,113.0,1.0,Complete,High Pass
7580,Éver Maximiliano David Banega,Argentina,69,89.0,10.0,Complete,Ground Pass
7580,Javier Alejandro Mascherano,Argentina,69,77.0,31.0,Complete,Low Pass
7580,Gabriel Iván Mercado,Argentina,69,78.0,64.0,Complete,Ground Pass
7580,Cristian David Pavón,Argentina,69,104.0,72.0,Incomplete,High Pass
7580,Lucas Hernández Pi,France,69,12.0,24.0,Complete,Ground Pass
7580,Samuel Yves Umtiti,France,69,6.0,26.0,Complete,High Pass
7580,Olivier Giroud,France,69,37.0,31.0,Complete,High Pass
7580,Kylian Mbappé Lottin,France,69,34.0,51.0,Complete,High Pass
7580,Paul Pogba,France,69,89.0,57.0,Complete,Low Pass
7580,Éver Maximiliano David Banega,Argentina,70,63.0,22.0,Complete,Ground Pass
7580,Lionel Andrés Messi Cuccittini,Argentina,70,66.0,35.0,Incomplete,Ground Pass
7580,Paul Pogba,France,70,53.0,65.0,Complete,Low Pass
7580,Blaise Matuidi,France,70,59.0,70.0,Complete,Ground Pass
7580,Kylian Mbappé Lottin,France,70,62.0,78.0,Complete,Ground Pass
7580,Blaise Matuidi,France,70,69.0,78.0,Complete,Ground Pass
7580,Kylian Mbappé Lottin,France,70,62.0,78.0,Complete,Ground Pass
7580,Antoine Griezmann,France,70,72.0,34.0,Unknown,Ground Pass
7580,Samuel Yves Umtiti,France,70,59.0,27.0,Complete,Ground Pass
7580,Blaise Matuidi,France,70,75.0,38.0,Complete,Ground Pass
7580,Paul Pogba,France,70,77.0,54.0,Complete,Ground Pass
7580,Antoine Griezmann,France,70,80.0,40.0,Complete,Ground Pass
7580,Paul Pogba,France,70,75.0,46.0,Complete,Ground Pass
7580,N'Golo Kanté,France,70,65.0,33.0,Complete,Ground Pass
7580,Lucas Hernández Pi,France,70,64.0,18.0,Complete,Ground Pass
7580,Samuel Yves Umtiti,France,70,53.0,22.0,Complete,Ground Pass
7580,Hugo Lloris,France,70,16.0,34.0,Complete,High Pass
7580,Olivier Giroud,France,71,72.0,47.0,Complete,High Pass
7580,Paul Pogba,France,71,74.0,40.0,Complete,Ground Pass
7580,Samuel Yves Umtiti,France,71,60.0,28.0,Complete,Ground Pass
7580,Lucas Hernández Pi,France,71,62.0,20.0,Incomplete,High Pass
7580,Éver Maximiliano David Banega,Argentina,71,51.0,50.0,Complete,Ground Pass
7580,Lionel Andrés Messi Cuccittini,Argentina,71,80.0,48.0,Complete,Ground Pass
7580,Éver Maximiliano David Banega,Argentina,71,93.0,34.0,Complete,Ground Pass
7580,Éver Maximiliano David Banega,Argentina,72,119.0,12.0,Complete,High Pass
7580,N'Golo Kanté,France,72,80.0,62.0,Complete,High Pass
7580,Kylian Mbappé Lottin,France,72,99.0,29.0,Incomplete,Low Pass
7580,Gabriel Iván Mercado,Argentina,73,39.0,69.0,Complete,Ground Pass
7580,Lionel Andrés Messi Cuccittini,Argentina,73,45.0,53.0,Complete,Ground Pass
7580,Sergio Leonel Agüero del Castillo,Argentina,73,57.0,26.0,Complete,Ground Pass
7580,Éver Maximiliano David Banega,Argentina,73,71.0,16.0,Complete,Ground Pass
7580,Ángel Fabián Di María Hernández,Argentina,73,80.0,6.0,Complete,Ground Pass
7580,Kylian Mbappé Lottin,France,73,58.0,49.0,Complete,Ground Pass
7580,Blaise Matuidi,France,73,62.0,28.0,Complete,Ground Pass
7580,Antoine Griezmann,France,73,70.0,22.0,Complete,Ground Pass
7580,Blaise Matuidi,France,73,62.0,26.0,Complete,Ground Pass
7580,Gabriel Iván Mercado,Argentina,73,39.0,56.0,Complete,Ground Pass
7580,Javier Alejandro Mascherano,Argentina,73,49.0,61.0,Incomplete,High Pass
7580,Samuel Yves Umtiti,France,73,31.0,27.0,Complete,Low Pass
7580,Blaise Matuidi,France,73,54.0,3.0,Complete,Ground Pass
7580,N'Golo Kanté,France,73,39.0,21.0,Complete,Ground Pass
7580,Raphaël Varane,France,73,31.0,54.0,Complete,Ground Pass
7580,N'Golo Kanté,France,73,34.0,40.0,Complete,Ground Pass
7580,Samuel Yves Umtiti,France,73,28.0,25.0,Complete,Ground Pass
7580,Blaise Matuidi,France,73,54.0,30.0,Complete,Ground Pass
7580,Paul Pogba,France,73,49.0,40.0,Incomplete,High Pass
7580,Nicolás Alejandro Tagliafico,Argentina,73,48.0,12.0,Complete,Low Pass
7580,Ángel Fabián Di María Hernández,Argentina,74,83.0,32.0,Incomplete,Ground Pass
7580,Hugo Lloris,France,74,9.0,40.0,Complete,Ground Pass
7580,Samuel Yves Umtiti,France,74,17.0,21.0,Incomplete,High Pass
7580,Gabriel Iván Mercado,Argentina,74,78.0,68.0,Incomplete,High Pass
7580,Lucas Hernández Pi,France,74,32.0,11.0,Complete,Low Pass
7580,Gabriel Iván Mercado,Argentina,75,32.0,54.0,Incomplete,High Pass
7580,N'Golo Kanté,France,75,65.0,28.0,Complete,High Pass
7580,Nicolás Hernán Otamendi,Argentina,75,13.0,17.0,Complete,Ground Pass
7580,Éver Maximiliano David Banega,Argentina,75,36.0,14.0,Complete,Ground Pass
7580,Javier Alejandro Mascherano,Argentina,75,40.0,27.0,Complete,Low Pass
7580,Federico Julián Fazio,Argentina,75,39.0,47.0,Complete,Ground Pass
7580,Gabriel Iván Mercado,Argentina,75,55.0,63.0,Complete,Ground Pass
7580,Maximiliano Eduardo Meza,Argentina,75,65.0,75.0,Complete,Ground Pass
7580,Federico Julián Fazio,Argentina,75,48.0,50.0,Complete,Ground Pass
7580,Nicolás Hernán Otamendi,Argentina,76,78.0,20.0,Complete,Ground Pass
7580,Ángel Fabián Di María Hernández,Argentina,76,98.0,9.0,Incomplete,High Pass
7580,Kylian Mbappé Lottin,France,76,46.0,63.0,Complete,Ground Pass
7580,Antoine Griezmann,France,76,81.0,74.0,Complete,Ground Pass
7580,Benjamin Pavard,France,76,49.0,76.0,Complete,Ground Pass
7580,Hugo Lloris,France,76,16.0,60.0,Complete,High Pass
7580,Paul Pogba,France,76,56.0,74.0,Complete,Ground Pass
7580,Antoine Griezmann,France,77,89.0,61.0,Incomplete,High Pass
7580,Corentin Tolisso,France,77,95.0,13.0,Complete,Ground Pass
7580,N'Golo Kanté,France,77,87.0,20.0,Complete,Ground Pass
7580,Corentin Tolisso,France,77,90.0,5.0,Complete,Ground Pass
7580,N'Golo Kanté,France,77,83.0,12.0,Complete,Ground Pass
7580,Lucas Hernández Pi,France,77,74.0,19.0,Complete,Ground Pass
7580,N'Golo Kanté,France,77,73.0,3.0,Complete,Ground Pass
7580,Samuel Yves Umtiti,France,77,56.0,26.0,Incomplete,High Pass
7580,Franco Armani,Argentina,77,17.0,51.0,Complete,Ground Pass
7580,Nicolás Hernán Otamendi,Argentina,77,25.0,41.0,Complete,Ground Pass
7580,Javier Alejandro Mascherano,Argentina,77,38.0,39.0,Complete,Ground Pass
7580,Nicolás Hernán Otamendi,Argentina,77,30.0,36.0,Complete,Ground Pass
7580,Éver Maximiliano David Banega,Argentina,77,41.0,48.0,Complete,Ground Pass
7580,Federico Julián Fazio,Argentina,77,32.0,52.0,Complete,Ground Pass
7580,Gabriel Iván Mercado,Argentina,77,52.0,68.0,Complete,Ground Pass
7580,Lionel Andrés Messi Cuccittini,Argentina,77,59.0,59.0,Complete,Ground Pass
7580,Gabriel Iván Mercado,Argentina,77,53.0,71.0,Complete,Ground Pass
7580,Éver Maximiliano David Banega,Argentina,78,49.0,47.0,Complete,Ground Pass
7580,Nicolás Hernán Otamendi,Argentina,78,64.0,25.0,Out,High Pass
7580,Hugo Lloris,France,78,6.0,44.0,Complete,High Pass
7580,Olivier Giroud,France,78,68.0,70.0,Out,High Pass
7580,Nicolás Alejandro Tagliafico,Argentina,78,33.0,1.0,Complete,Low Pass
7580,Federico Julián Fazio,Argentina,78,27.0,23.0,Complete,Ground Pass
7580,Nicolás Hernán Otamendi,Argentina,78,43.0,28.0,Complete,Low Pass
7580,Gabriel Iván Mercado,Argentina,78,60.0,72.0,Complete,Low Pass
7580,Javier Alejandro Mascherano,Argentina,79,65.0,56.0,Complete,Low Pass
7580,Corentin Tolisso,France,79,16.0,13.0,Complete,Ground Pass
7580,N'Golo Kanté,France,79,24.0,17.0,Complete,Ground Pass
7580,Maximiliano Eduardo Meza,Argentina,79,98.0,79.0,Complete,Low Pass
7580,Gabriel Iván Mercado,Argentina,79,90.0,77.0,Complete,High Pass
7580,Maximiliano Eduardo Meza,Argentina,79,97.0,80.0,Complete,Low Pass
7580,Gabriel Iván Mercado,Argentina,79,89.0,69.0,Complete,High Pass
7580,Éver Maximiliano David Banega,Argentina,79,76.0,45.0,Complete,Ground Pass
7580,Nicolás Hernán Otamendi,Argentina,79,80.0,31.0,Incomplete,Ground Pass
7580,Lionel Andrés Messi Cuccittini,Argentina,79,95.0,36.0,Complete,Ground Pass
7580,Maximiliano Eduardo Meza,Argentina,79,108.0,58.0,Incomplete,Low Pass
7580,Hugo Lloris,France,80,18.0,29.0,Incomplete,High Pass
7580,Federico Julián Fazio,Argentina,80,33.0,62.0,Complete,Low Pass
7580,Javier Alejandro Mascherano,Argentina,80,54.0,56.0,Complete,Low Pass
7580,Gabriel Iván Mercado,Argentina,80,40.0,74.0,Complete,Ground Pass
7580,Javier Alejandro Mascherano,Argentina,80,60.0,49.0,Complete,Ground Pass
7580,Éver Maximiliano David Banega,Argentina,80,66.0,27.0,Complete,Ground Pass
7580,Sergio Leonel Agüero del Castillo,Argentina,80,82.0,20.0,Complete,Ground Pass
7580,Éver Maximiliano David Banega,Argentina,80,67.0,26.0,Complete,High Pass
7580,Lionel Andrés Messi Cuccittini,Argentina,80,97.0,54.0,Complete,Ground Pass
7580,Gabriel Iván Mercado,Argentina,80,101.0,67.0,Complete,Ground Pass
7580,Lionel Andrés Messi Cuccittini,Argentina,80,92.0,58.0,Complete,Ground Pass
7580,Paul Pogba,France,80,43.0,39.0,Incomplete,Ground Pass
7580,Éver Maximiliano David Banega,Argentina,81,55.0,33.0,Complete,High Pass
7580,Lionel Andrés Messi Cuccittini,Argentina,81,76.0,44.0,Complete,Ground Pass
7580,Éver Maximiliano David Banega,Argentina,81,76.0,32.0,Complete,Ground Pass
7580,Sergio Leonel Agüero del Castillo,Argentina,81,82.0,27.0,Complete,Ground Pass
7580,Éver Maximiliano David Banega,Argentina,81,73.0,31.0,Complete,Ground Pass
7580,Lionel Andrés Messi Cuccittini,Argentina,81,83.0,39.0,Incomplete,Ground Pass
7580,Paul Pogba,France,81,37.0,52.0,Complete,Ground Pass
7580,Kylian Mbappé Lottin,France,81,40.0,61.0,Complete,Ground Pass
7580,Antoine Griezmann,France,81,41.0,51.0,Complete,Ground Pass
7580,Corentin Tolisso,France,81,38.0,38.0,Complete,Ground Pass
7580,N'Golo Kanté,France,81,35.0,47.0,Complete,Ground Pass
7580,Samuel Yves Umtiti,France,81,35.0,24.0,Complete,Ground Pass
7580,N'Golo Kanté,France,81,33.0,40.0,Complete,Ground Pass
7580,Corentin Tolisso,France,81,40.0,33.0,Complete,Ground Pass
7580,Samuel Yves Umtiti,France,81,34.0,21.0,Complete,Ground Pass
7580,N'Golo Kanté,France,81,32.0,32.0,Complete,Ground Pass
7580,Lucas Hernández Pi,France,81,53.0,5.0,Complete,Ground Pass
7580,Corentin Tolisso,France,81,64.0,11.0,Incomplete,Ground Pass
7580,Javier Alejandro Mascherano,Argentina,81,56.0,56.0,Complete,Ground Pass
7580,Éver Maximiliano David Banega,Argentina,81,70.0,40.0,Complete,High Pass
7580,Ángel Fabián Di María Hernández,Argentina,81,107.0,16.0,Incomplete,Low Pass
7580,Nicolás Alejandro Tagliafico,Argentina,82,90.0,1.0,Complete,Low Pass
7580,Ángel Fabián Di María Hernández,Argentina,82,115.0,16.0,Out,High Pass
7580,Sergio Leonel Agüero del Castillo,Argentina,83,116.0,29.0,Incomplete,Ground Pass
7580,Sergio Leonel Agüero del Castillo,Argentina,83,118.0,24.0,Incomplete,Low Pass
7580,Benjamin Pavard,France,83,10.0,77.0,Complete,High Pass
7580,Olivier Giroud,France,83,54.0,69.0,Incomplete,High Pass
7580,Javier Alejandro Mascherano,Argentina,83,69.0,38.0,Complete,Ground Pass
7580,Éver Maximiliano David Banega,Argentina,83,81.0,35.0,Complete,Ground Pass
7580,Gabriel Iván Mercado,Argentina,83,79.0,57.0,Complete,Ground Pass
7580,Maximiliano Eduardo Meza,Argentina,83,91.0,71.0,Complete,Ground Pass
7580,Federico Julián Fazio,Argentina,83,80.0,60.0,Complete,Ground Pass
7580,Federico Julián Fazio,Argentina,83,63.0,77.0,Complete,Ground Pass
7580,Franco Armani,Argentina,83,33.0,63.0,Complete,Ground Pass
7580,Javier Alejandro Mascherano,Argentina,84,49.0,49.0,Complete,Ground Pass
7580,Federico Julián Fazio,Argentina,84,71.0,53.0,Incomplete,Ground Pass
7580,Javier Alejandro Mascherano,Argentina,84,74.0,36.0,Complete,Ground Pass
7580,Paul Pogba,France,84,48.0,77.0,Complete,Low Pass
7580,Kylian Mbappé Lottin,France,84,56.0,73.0,Complete,Low Pass
7580,Paul Pogba,France,84,48.0,75.0,Complete,Ground Pass
7580,Nicolás Hernán Otamendi,Argentina,84,29.0,4.0,Complete,Ground Pass
7580,Franco Armani,Argentina,84,13.0,34.0,Complete,Ground Pass
7580,Federico Julián Fazio,Argentina,84,26.0,37.0,Complete,Ground Pass
7580,Javier Alejandro Mascherano,Argentina,84,34.0,39.0,Complete,Ground Pass
7580,Gabriel Iván Mercado,Argentina,84,54.0,65.0,Complete,Ground Pass
7580,Maximiliano Eduardo Meza,Argentina,84,62.0,68.0,Complete,Ground Pass
7580,Gabriel Iván Mercado,Argentina,85,52.0,66.0,Complete,Ground Pass
7580,Federico Julián Fazio,Argentina,85,44.0,57.0,Complete,Ground Pass
7580,Éver Maximiliano David Banega,Argentina,85,64.0,34.0,Complete,Ground Pass
7580,Sergio Leonel Agüero del Castillo,Argentina,85,80.0,34.0,Incomplete,Low Pass
7580,N'Golo Kanté,France,85,46.0,41.0,Complete,Low Pass
7580,Olivier Giroud,France,85,53.0,36.0,Complete,Low Pass
7580,Corentin Tolisso,France,85,39.0,32.0,Incomplete,High Pass
7580,Franco Armani,Argentina,85,28.0,44.0,Complete,Ground Pass
7580,Gabriel Iván Mercado,Argentina,85,66.0,65.0,Complete,Ground Pass
7580,Maximiliano Eduardo Meza,Argentina,85,77.0,69.0,Complete,Ground Pass
7580,Lionel Andrés Messi Cuccittini,Argentina,85,79.0,44.0,Complete,Low Pass
7580,Nicolás Alejandro Tagliafico,Argentina,85,109.0,80.0,Complete,Low Pass
7580,Sergio Leonel Agüero del Castillo,Argentina,85,108.0,73.0,Complete,Low Pass
7580,Ángel Fabián Di María Hernández,Argentina,86,110.0,76.0,Incomplete,High Pass
7580,Ángel Fabián Di María Hernández,Argentina,86,113.0,80.0,Complete,Low Pass
7580,Éver Maximiliano David Banega,Argentina,86,98.0,77.0,Complete,Ground Pass
7580,Ángel Fabián Di María Hernández,Argentina,86,103.0,76.0,Out,High Pass
7580,Hugo Lloris,France,87,7.0,43.0,Incomplete,High Pass
7580,Maximiliano Eduardo Meza,Argentina,87,50.0,19.0,Complete,High Pass
7580,Federico Julián Fazio,Argentina,87,35.0,26.0,Incomplete,High Pass
7580,Corentin Tolisso,France,87,67.0,58.0,Incomplete,High Pass
7580,Maximiliano Eduardo Meza,Argentina,87,53.0,18.0,Complete,High Pass
7580,Javier Alejandro Mascherano,Argentina,87,53.0,31.0,Incomplete,Low Pass
7580,Paul Pogba,France,87,59.0,61.0,Complete,High Pass
7580,Benjamin Pavard,France,87,32.0,71.0,Complete,Ground Pass
7580,Hugo Lloris,France,87,8.0,46.0,Incomplete,High Pass
7580,Nicolás Alejandro Tagliafico,Argentina,88,96.0,20.0,Complete,Ground Pass
7580,Maximiliano Eduardo Meza,Argentina,88,114.0,20.0,Incomplete,Ground Pass
7580,Lionel Andrés Messi Cuccittini,Argentina,88,110.0,22.0,Incomplete,Ground Pass
7580,Nabil Fekir,France,88,14.0,71.0,Complete,Ground Pass
7580,Florian Thauvin,France,88,21.0,78.0,Complete,Ground Pass
7580,Benjamin Pavard,France,88,8.0,77.0,Incomplete,High Pass
7580,Javier Alejandro Mascherano,Argentina,88,72.0,8.0,Incomplete,High Pass
7580,Paul Pogba,France,88,36.0,67.0,Incomplete,High Pass
7580,Federico Julián Fazio,Argentina,88,67.0,25.0,Complete,High Pass
7580,Maximiliano Eduardo Meza,Argentina,88,72.0,18.0,Complete,High Pass
7580,Federico Julián Fazio,Argentina,88,61.0,46.0,Incomplete,Ground Pass
7580,Nicolás Hernán Otamendi,Argentina,88,58.0,38.0,Complete,Ground Pass
7580,Federico Julián Fazio,Argentina,88,70.0,54.0,Complete,Ground Pass
7580,Ángel Fabián Di María Hernández,Argentina,89,119.0,79.0,Complete,High Pass
7580,Nicolás Alejandro Tagliafico,Argentina,89,114.0,49.0,Pass Offside,Low Pass
7580,Hugo Lloris,France,89,5.0,12.0,Unknown,High Pass
7580,Javier Alejandro Mascherano,Argentina,90,59.0,63.0,Incomplete,High Pass
7580,Nicolás Alejandro Tagliafico,Argentina,90,67.0,1.0,Complete,Low Pass
7580,Nicolás Hernán Otamendi,Argentina,90,58.0,39.0,Complete,Ground Pass
7580,Gabriel Iván Mercado,Argentina,90,68.0,65.0,Complete,Ground Pass
7580,Ángel Fabián Di María Hernández,Argentina,90,95.0,75.0,Incomplete,Ground Pass
7580,Hugo Lloris,France,91,15.0,15.0,Complete,High Pass
7580,Nabil Fekir,France,91,73.0,26.0,Incomplete,High Pass
7580,Corentin Tolisso,France,91,68.0,25.0,Incomplete,High Pass
7580,Javier Alejandro Mascherano,Argentina,91,39.0,54.0,Incomplete,Low Pass
7580,Nabil Fekir,France,91,79.0,26.0,Incomplete,Low Pass
7580,Federico Julián Fazio,Argentina,91,33.0,56.0,Complete,Ground Pass
7580,Nicolás Hernán Otamendi,Argentina,91,39.0,39.0,Complete,Ground Pass
7580,Maximiliano Eduardo Meza,Argentina,91,59.0,17.0,Incomplete,Ground Pass
7580,Nicolás Alejandro Tagliafico,Argentina,91,36.0,2.0,Complete,Low Pass
7580,Gabriel Iván Mercado,Argentina,91,53.0,62.0,Complete,Ground Pass
7580,Lionel Andrés Messi Cuccittini,Argentina,91,66.0,71.0,Complete,Ground Pass
7580,Ángel Fabián Di María Hernández,Argentina,91,96.0,75.0,Complete,Ground Pass
7580,Lionel Andrés Messi Cuccittini,Argentina,92,85.0,56.0,Complete,High Pass
7580,Hugo Lloris,France,92,8.0,42.0,Incomplete,High Pass
7580,Nicolás Hernán Otamendi,Argentina,92,58.0,37.0,Incomplete,High Pass
7580,Corentin Tolisso,France,92,47.0,41.0,Complete,High Pass
7580,Paul Pogba,France,92,59.0,43.0,Incomplete,High Pass
7580,Samuel Yves Umtiti,France,94,67.0,27.0,Complete,High Pass
7580,Franco Armani,Argentina,94,3.0,38.0,Complete,Ground Pass
7580,Javier Alejandro Mascherano,Argentina,94,44.0,36.0,Complete,High Pass
7580,Ángel Fabián Di María Hernández,Argentina,94,81.0,60.0,Complete,High Pass
7580,Sergio Leonel Agüero del Castillo,Argentina,94,100.0,26.0,Complete,Low Pass
7580,Maximiliano Eduardo Meza,Argentina,94,109.0,20.0,Complete,Low Pass
8649,Luis Alberto Suárez Díaz,Uruguay,0,60.0,40.0,Complete,Ground Pass
8649,Lucas Torreira Di Pascua,Uruguay,0,49.0,36.0,Complete,Ground Pass
8649,Diego Roberto Godín Leal,Uruguay,0,33.0,18.0,Complete,High Pass
8649,Benjamin Pavard,France,0,55.0,80.0,Complete,Low Pass
8649,Raphaël Varane,France,0,33.0,72.0,Complete,Ground Pass
8649,Benjamin Pavard,France,0,43.0,79.0,Complete,Ground Pass
8649,Kylian Mbappé Lottin,France,0,66.0,63.0,Complete,Ground Pass
8649,Antoine Griezmann,France,0,67.0,51.0,Incomplete,Ground Pass
8649,N'Golo Kanté,France,0,58.0,56.0,Complete,Low Pass
8649,Olivier Giroud,France,0,79.0,70.0,Complete,Ground Pass
8649,Benjamin Pavard,France,0,65.0,75.0,Complete,Ground Pass
8649,N'Golo Kanté,France,0,56.0,78.0,Complete,Ground Pass
8649,Samuel Yves Umtiti,France,0,53.0,31.0,Complete,Ground Pass
8649,Lucas Hernández Pi,France,0,67.0,3.0,Complete,Ground Pass
8649,Corentin Tolisso,France,0,61.0,6.0,Complete,Ground Pass
8649,Samuel Yves Umtiti,France,0,56.0,9.0,Complete,Ground Pass
8649,Lucas Hernández Pi,France,1,81.0,11.0,Complete,Ground Pass
8649,N'Golo Kanté,France,1,68.0,26.0,Complete,Ground Pass
8649,Raphaël Varane,France,1,59.0,51.0,Complete,Low Pass
8649,Benjamin Pavard,France,1,70.0,79.0,Complete,Ground Pass
8649,Paul Pogba,France,1,79.0,62.0,Complete,Ground Pass
8649,Olivier Giroud,France,1,94.0,45.0,Incomplete,Ground Pass
8649,Diego Roberto Godín Leal,Uruguay,1,19.0,30.0,Incomplete,Low Pass
8649,N'Golo Kanté,France,1,75.0,50.0,Incomplete,High Pass
8649,Nahitan Michel Nández Acosta,Uruguay,1,32.0,48.0,Incomplete,High Pass
8649,N'Golo Kanté,France,1,71.0,33.0,Complete,Low Pass
8649,Lucas Hernández Pi,France,1,69.0,18.0,Complete,Ground Pass
8649,Antoine Griezmann,France,1,94.0,3.0,Complete,Ground Pass
8649,Corentin Tolisso,France,1,92.0,8.0,Complete,Ground Pass
8649,Lucas Hernández Pi,France,1,97.0,3.0,Complete,Ground Pass
8649,Corentin Tolisso,France,1,85.0,4.0,Complete,Ground Pass
8649,N'Golo Kanté,France,1,75.0,10.0,Incomplete,Ground Pass
8649,Nahitan Michel Nández Acosta,Uruguay,1,32.0,76.0,Complete,Ground Pass
8649,Lucas Torreira Di Pascua,Uruguay,1,40.0,70.0,Complete,Ground Pass
8649,Nahitan Michel Nández Acosta,Uruguay,1,36.0,54.0,Complete,Ground Pass
8649,Antoine Griezmann,France,2,80.0,33.0,Injury Clearance,Low Pass
8649,Néstor Fernando Muslera Micol,Uruguay,2,17.0,52.0,Complete,Ground Pass
8649,José María Giménez de Vargas,Uruguay,2,24.0,56.0,Complete,Ground Pass
8649,José Martín Cáceres Silva,Uruguay,2,46.0,72.0,Complete,Ground Pass
8649,José María Giménez de Vargas,Uruguay,2,45.0,60.0,Complete,High Pass
8649,N'Golo Kanté,France,2,42.0,16.0,Complete,Low Pass
8649,Corentin Tolisso,France,2,49.0,12.0,Complete,Ground Pass
8649,Lucas Hernández Pi,France,3,74.0,2.0,Complete,High Pass
8649,Olivier Giroud,France,3,89.0,7.0,Incomplete,Low Pass
8649,José Martín Cáceres Silva,Uruguay,3,25.0,78.0,Incomplete,High Pass
8649,Samuel Yves Umtiti,France,3,53.0,15.0,Incomplete,High Pass
8649,Rodrigo Bentancur Colmán,Uruguay,3,55.0,63.0,Complete,Low Pass
8649,Cristhian Ricardo Stuani Curbelo,Uruguay,3,65.0,63.0,Incomplete,High Pass
8649,Raphaël Varane,France,3,55.0,29.0,Incomplete,Ground Pass
8649,Luis Alberto Suárez Díaz,Uruguay,3,62.0,25.0,Complete,High Pass
8649,Diego Sebastián Laxalt Suárez,Uruguay,3,113.0,14.0,Complete,Ground Pass
8649,Rodrigo Bentancur Colmán,Uruguay,3,107.0,21.0,Complete,Ground Pass
8649,Nahitan Michel Nández Acosta,Uruguay,3,110.0,58.0,Complete,Low Pass
8649,José Martín Cáceres Silva,Uruguay,3,57.0,67.0,Complete,Ground Pass
8649,Néstor Fernando Muslera Micol,Uruguay,3,20.0,45.0,Complete,Ground Pass
8649,Diego Roberto Godín Leal,Uruguay,3,29.0,40.0,Complete,Ground Pass
8649,Lucas Torreira Di Pascua,Uruguay,3,38.0,44.0,Complete,Ground Pass
8649,Matías Vecino Falero,Uruguay,3,47.0,25.0,Complete,Ground Pass
8649,Diego Sebastián Laxalt Suárez,Uruguay,3,48.0,3.0,Complete,Low Pass
8649,Diego Roberto Godín Leal,Uruguay,4,28.0,24.0,Complete,Ground Pass
8649,Lucas Torreira Di Pascua,Uruguay,4,43.0,42.0,Complete,Ground Pass
8649,José María Giménez de Vargas,Uruguay,4,55.0,65.0,Complete,Ground Pass
8649,José Martín Cáceres Silva,Uruguay,4,77.0,77.0,Complete,Ground Pass
8649,José María Giménez de Vargas,Uruguay,4,65.0,65.0,Complete,Ground Pass
8649,Diego Roberto Godín Leal,Uruguay,4,57.0,43.0,Complete,Ground Pass
8649,José Martín Cáceres Silva,Uruguay,4,68.0,78.0,Complete,Ground Pass
8649,José María Giménez de Vargas,Uruguay,4,48.0,58.0,Complete,Ground Pass
8649,Diego Roberto Godín Leal,Uruguay,4,52.0,33.0,Incomplete,High Pass
8649,Samuel Yves Umtiti,France,4,27.0,31.0,Incomplete,High Pass
8649,José Martín Cáceres Silva,Uruguay,4,66.0,67.0,Complete,Low Pass
8649,Nahitan Michel Nández Acosta,Uruguay,4,80.0,77.0,Complete,High Pass
8649,Luis Alberto Suárez Díaz,Uruguay,4,95.0,52.0,Complete,Ground Pass
8649,Diego Sebastián Laxalt Suárez,Uruguay,5,107.0,1.0,Complete,High Pass
8649,Rodrigo Bentancur Colmán,Uruguay,5,102.0,3.0,Complete,Ground Pass
8649,Lucas Torreira Di Pascua,Uruguay,5,88.0,8.0,Incomplete,Low Pass
8649,Paul Pogba,France,5,25.0,64.0,Complete,Low Pass
8649,Cristhian Ricardo Stuani Curbelo,Uruguay,5,92.0,21.0,Complete,Ground Pass
8649,Rodrigo Bentancur Colmán,Uruguay,5,80.0,11.0,Complete,Ground Pass
8649,Diego Sebastián Laxalt Suárez,Uruguay,5,97.0,3.0,Incomplete,Low Pass
8649,Benjamin Pavard,France,5,19.0,61.0,Complete,Ground Pass
8649,Antoine Griezmann,France,5,35.0,51.0,Incomplete,Ground Pass
8649,Rodrigo Bentancur Colmán,Uruguay,5,81.0,23.0,Incomplete,Ground Pass
8649,N'Golo Kanté,France,5,33.0,57.0,Complete,Ground Pass
8649,Corentin Tolisso,France,5,33.0,48.0,Incomplete,Ground Pass
8649,Corentin Tolisso,France,5,33.0,42.0,Complete,Ground Pass
8649,Paul Pogba,France,5,36.0,57.0,Complete,Ground Pass
8649,Antoine Griezmann,France,5,73.0,52.0,Complete,Ground Pass
8649,Luis Alberto Suárez Díaz,Uruguay,6,50.0,55.0,Incomplete,Low Pass
8649,Olivier Giroud,France,6,73.0,43.0,Complete,Ground Pass
8649,Benjamin Pavard,France,6,84.0,62.0,Complete,Ground Pass
8649,Kylian Mbappé Lottin,France,6,100.0,68.0,Complete,Ground Pass
8649,Benjamin Pavard,France,6,88.0,62.0,Complete,Ground Pass
8649,Antoine Griezmann,France,6,88.0,56.0,Complete,Ground Pass
8649,Olivier Giroud,France,6,100.0,60.0,Complete,Ground Pass
8649,Kylian Mbappé Lottin,France,6,105.0,66.0,Incomplete,High Pass
8649,Luis Alberto Suárez Díaz,Uruguay,6,29.0,56.0,Incomplete,High Pass
8649,José Martín Cáceres Silva,Uruguay,6,24.0,63.0,Incomplete,Low Pass
8649,Corentin Tolisso,France,6,90.0,19.0,Complete,Low Pass
8649,Antoine Griezmann,France,6,112.0,17.0,Complete,Ground Pass
8649,Corentin Tolisso,France,6,96.0,15.0,Complete,Ground Pass
8649,N'Golo Kanté,France,6,81.0,22.0,Complete,Low Pass
8649,Benjamin Pavard,France,6,79.0,68.0,Complete,Ground Pass
8649,Kylian Mbappé Lottin,France,6,89.0,67.0,Complete,Ground Pass
8649,Raphaël Varane,France,6,72.0,53.0,Complete,Ground Pass
8649,Corentin Tolisso,France,6,76.0,41.0,Complete,Ground Pass
8649,Paul Pogba,France,7,69.0,65.0,Complete,Ground Pass
8649,Benjamin Pavard,France,7,86.0,78.0,Incomplete,Ground Pass
8649,Benjamin Pavard,France,7,91.0,80.0,Complete,Low Pass
8649,Paul Pogba,France,7,89.0,76.0,Complete,Ground Pass
8649,Benjamin Pavard,France,7,102.0,70.0,Incomplete,Low Pass
8649,Benjamin Pavard,France,7,87.0,79.0,Complete,Low Pass
8649,Diego Roberto Godín Leal,Uruguay,8,49.0,3.0,Incomplete,High Pass
8649,José María Giménez de Vargas,Uruguay,8,67.0,41.0,Unknown,High Pass
8649,Hugo Lloris,France,8,17.0,37.0,Unknown,High Pass
8649,Lucas Hernández Pi,France,8,65.0,12.0,Complete,Ground Pass
8649,N'Golo Kanté,France,8,67.0,21.0,Complete,Ground Pass
8649,Samuel Yves Umtiti,France,9,54.0,29.0,Complete,Ground Pass
8649,Lucas Hernández Pi,France,9,71.0,9.0,Complete,Ground Pass
8649,Antoine Griezmann,France,9,87.0,3.0,Complete,Ground Pass
8649,Lucas Hernández Pi,France,9,82.0,5.0,Complete,Ground Pass
8649,Antoine Griezmann,France,9,95.0,4.0,Complete,Ground Pass
8649,Lucas Hernández Pi,France,9,85.0,5.0,Unknown,Ground Pass
8649,Antoine Griezmann,France,10,92.0,12.0,Complete,High Pass
8649,Néstor Fernando Muslera Micol,Uruguay,10,6.0,37.0,Unknown,High Pass
8649,Raphaël Varane,France,10,44.0,58.0,Complete,Ground Pass
8649,Benjamin Pavard,France,10,49.0,71.0,Complete,Ground Pass
8649,Benjamin Pavard,France,11,71.0,78.0,Complete,Ground Pass
8649,Kylian Mbappé Lottin,France,11,87.0,78.0,Complete,Ground Pass
8649,Raphaël Varane,France,11,64.0,56.0,Complete,Ground Pass
8649,Benjamin Pavard,France,11,81.0,66.0,Complete,Ground Pass
8649,Kylian Mbappé Lottin,France,11,89.0,67.0,Complete,Ground Pass
8649,Paul Pogba,France,11,91.0,77.0,Incomplete,High Pass
8649,Antoine Griezmann,France,11,87.0,40.0,Incomplete,Ground Pass
8649,Nahitan Michel Nández Acosta,Uruguay,11,42.0,47.0,Unknown,Ground Pass
8649,José María Giménez de Vargas,Uruguay,12,63.0,49.0,Complete,High Pass
8649,Nahitan Michel Nández Acosta,Uruguay,12,113.0,69.0,Incomplete,Low Pass
8649,José Martín Cáceres Silva,Uruguay,12,95.0,80.0,Complete,Low Pass
8649,Lucas Torreira Di Pascua,Uruguay,13,119.0,79.0,Complete,High Pass
8649,Rodrigo Bentancur Colmán,Uruguay,13,82.0,41.0,Incomplete,Low Pass
8649,N'Golo Kanté,France,13,25.0,21.0,Incomplete,Ground Pass
8649,Lucas Torreira Di Pascua,Uruguay,14,77.0,53.0,Incomplete,High Pass
8649,Lucas Torreira Di Pascua,Uruguay,14,82.0,55.0,Incomplete,High Pass
8649,Hugo Lloris,France,14,8.0,41.0,Complete,High Pass
8649,Benjamin Pavard,France,14,58.0,78.0,Complete,Ground Pass
8649,Kylian Mbappé Lottin,France,14,74.0,79.0,Complete,Low Pass
8649,Paul Pogba,France,14,63.0,71.0,Complete,High Pass
8649,Lucas Hernández Pi,France,14,77.0,12.0,Complete,Ground Pass
8649,Corentin Tolisso,France,14,85.0,33.0,Complete,High Pass
8649,Benjamin Pavard,France,14,105.0,68.0,Complete,High Pass
8649,Olivier Giroud,France,14,109.0,34.0,Complete,High Pass
8649,Néstor Fernando Muslera Micol,Uruguay,15,6.0,47.0,Complete,High Pass
8649,Cristhian Ricardo Stuani Curbelo,Uruguay,15,80.0,70.0,Incomplete,High Pass
8649,Samuel Yves Umtiti,France,15,37.0,17.0,Incomplete,High Pass
8649,José Martín Cáceres Silva,Uruguay,15,58.0,66.0,Incomplete,High Pass
8649,Samuel Yves Umtiti,France,15,38.0,27.0,Unknown,High Pass
8649,Diego Roberto Godín Leal,Uruguay,15,56.0,41.0,Complete,Ground Pass
8649,José Martín Cáceres Silva,Uruguay,15,69.0,73.0,Complete,Low Pass
8649,Nahitan Michel Nández Acosta,Uruguay,15,83.0,78.0,Complete,High Pass
8649,José Martín Cáceres Silva,Uruguay,15,82.0,70.0,Complete,Low Pass
8649,Nahitan Michel Nández Acosta,Uruguay,16,81.0,78.0,Complete,Ground Pass
8649,Rodrigo Bentancur Colmán,Uruguay,16,89.0,60.0,Complete,Ground Pass
8649,Cristhian Ricardo Stuani Curbelo,Uruguay,16,100.0,52.0,Incomplete,High Pass
8649,José Martín Cáceres Silva,Uruguay,16,119.0,78.0,Complete,Ground Pass
8649,Cristhian Ricardo Stuani Curbelo,Uruguay,16,118.0,60.0,Incomplete,Low Pass
8649,Samuel Yves Umtiti,France,16,2.0,22.0,Complete,Ground Pass
8649,Corentin Tolisso,France,16,10.0,19.0,Complete,Ground Pass
8649,Lucas Hernández Pi,France,16,7.0,10.0,Incomplete,High Pass
8649,Hugo Lloris,France,16,7.0,39.0,Incomplete,High Pass
8649,Nahitan Michel Nández Acosta,Uruguay,16,56.0,67.0,Out,High Pass
8649,Lucas Hernández Pi,France,17,61.0,1.0,Complete,Low Pass
8649,Corentin Tolisso,France,17,66.0,2.0,Complete,Ground Pass
8649,Luis Alberto Suárez Díaz,Uruguay,17,66.0,47.0,Complete,Ground Pass
8649,Matías Vecino Falero,Uruguay,17,59.0,21.0,Complete,Ground Pass
8649,Lucas Torreira Di Pascua,Uruguay,17,54.0,32.0,Complete,Ground Pass
8649,José María Giménez de Vargas,Uruguay,17,45.0,45.0,Out,Ground Pass
8649,Antoine Griezmann,France,17,99.0,80.0,Complete,Low Pass
8649,Kylian Mbappé Lottin,France,17,83.0,76.0,Complete,Ground Pass
8649,Antoine Griezmann,France,17,95.0,77.0,Complete,Ground Pass
8649,Kylian Mbappé Lottin,France,17,70.0,77.0,Complete,Ground Pass
8649,Raphaël Varane,France,17,65.0,67.0,Complete,High Pass
8649,Lucas Hernández Pi,France,17,81.0,11.0,Complete,Ground Pass
8649,Corentin Tolisso,France,17,87.0,4.0,Complete,Ground Pass
8649,Lucas Hernández Pi,France,18,93.0,2.0,Complete,Ground Pass
8649,Olivier Giroud,France,18,99.0,15.0,Complete,Ground Pass
8649,Corentin Tolisso,France,18,90.0,24.0,Complete,Ground Pass
8649,Néstor Fernando Muslera Micol,Uruguay,18,6.0,45.0,Complete,High Pass
8649,Cristhian Ricardo Stuani Curbelo,Uruguay,18,82.0,66.0,Incomplete,High Pass
8649,N'Golo Kanté,France,18,33.0,19.0,Incomplete,High Pass
8649,Lucas Torreira Di Pascua,Uruguay,18,68.0,64.0,Out,High Pass
8649,Lucas Hernández Pi,France,19,42.0,2.0,Complete,High Pass
8649,Olivier Giroud,France,19,61.0,5.0,Complete,Low Pass
8649,Lucas Hernández Pi,France,19,57.0,2.0,Complete,High Pass
8649,Olivier Giroud,France,19,62.0,4.0,Complete,High Pass
8649,Lucas Hernández Pi,France,19,67.0,3.0,Complete,High Pass
8649,Antoine Griezmann,France,19,67.0,24.0,Incomplete,High Pass
8649,Diego Sebastián Laxalt Suárez,Uruguay,19,48.0,28.0,Complete,Low Pass
8649,Matías Vecino Falero,Uruguay,19,47.0,37.0,Incomplete,High Pass
8649,N'Golo Kanté,France,19,54.0,35.0,Complete,High Pass
8649,Raphaël Varane,France,19,38.0,56.0,Complete,Low Pass
8649,Benjamin Pavard,France,19,44.0,78.0,Incomplete,High Pass
8649,Lucas Torreira Di Pascua,Uruguay,19,47.0,22.0,Incomplete,High Pass
8649,Olivier Giroud,France,19,73.0,39.0,Complete,Ground Pass
8649,Corentin Tolisso,France,19,63.0,16.0,Complete,Ground Pass
8649,N'Golo Kanté,France,19,66.0,26.0,Complete,Low Pass
8649,Corentin Tolisso,France,19,65.0,15.0,Complete,Ground Pass
8649,N'Golo Kanté,France,19,61.0,29.0,Complete,High Pass
8649,Benjamin Pavard,France,19,80.0,77.0,Complete,Ground Pass
8649,Paul Pogba,France,19,73.0,59.0,Complete,Low Pass
8649,Kylian Mbappé Lottin,France,19,84.0,59.0,Complete,Low Pass
8649,Paul Pogba,France,19,76.0,55.0,Complete,Ground Pass
8649,Antoine Griezmann,France,19,88.0,50.0,Complete,Ground Pass
8649,Kylian Mbappé Lottin,France,19,95.0,56.0,Complete,Ground Pass
8649,Antoine Griezmann,France,19,99.0,59.0,Incomplete,Ground Pass
8649,Diego Roberto Godín Leal,Uruguay,19,16.0,28.0,Complete,Ground Pass
8649,Matías Vecino Falero,Uruguay,19,28.0,11.0,Complete,Ground Pass
8649,Diego Sebastián Laxalt Suárez,Uruguay,20,57.0,1.0,Complete,High Pass
8649,Cristhian Ricardo Stuani Curbelo,Uruguay,20,76.0,3.0,Incomplete,High Pass
8649,N'Golo Kanté,France,20,39.0,71.0,Complete,High Pass
8649,Kylian Mbappé Lottin,France,20,52.0,75.0,Complete,Low Pass
8649,Paul Pogba,France,20,51.0,71.0,Incomplete,Ground Pass
8649,Kylian Mbappé Lottin,France,20,64.0,70.0,Complete,Ground Pass
8649,Olivier Giroud,France,20,89.0,53.0,Complete,Ground Pass
8649,Lucas Hernández Pi,France,20,83.0,16.0,Complete,Ground Pass
8649,Corentin Tolisso,France,20,81.0,18.0,Complete,Ground Pass
8649,Paul Pogba,France,20,93.0,51.0,Complete,Ground Pass
8649,Kylian Mbappé Lottin,France,20,99.0,47.0,Incomplete,Ground Pass
8649,Raphaël Varane,France,20,65.0,57.0,Complete,Low Pass
8649,Benjamin Pavard,France,20,86.0,77.0,Complete,Ground Pass
8649,Paul Pogba,France,20,91.0,62.0,Complete,Ground Pass
8649,Benjamin Pavard,France,20,119.0,71.0,Incomplete,Low Pass
8649,Antoine Griezmann,France,21,120.0,80.0,Incomplete,High Pass
8649,N'Golo Kanté,France,21,91.0,46.0,Incomplete,Low Pass
8649,Lucas Hernández Pi,France,21,68.0,18.0,Incomplete,High Pass
8649,José María Giménez de Vargas,Uruguay,22,39.0,59.0,Incomplete,High Pass
8649,Hugo Lloris,France,22,14.0,26.0,Complete,Low Pass
8649,Samuel Yves Umtiti,France,22,24.0,18.0,Complete,Ground Pass
8649,Lucas Hernández Pi,France,22,45.0,5.0,Complete,Ground Pass
8649,Corentin Tolisso,France,22,52.0,16.0,Complete,Ground Pass
8649,Lucas Hernández Pi,France,22,46.0,2.0,Complete,Ground Pass
8649,Samuel Yves Umtiti,France,22,30.0,14.0,Incomplete,High Pass
8649,Benjamin Pavard,France,23,43.0,80.0,Complete,Low Pass
8649,Paul Pogba,France,23,52.0,78.0,Unknown,Low Pass
8649,Benjamin Pavard,France,23,55.0,73.0,Complete,Ground Pass
8649,Paul Pogba,France,23,60.0,69.0,Complete,Ground Pass
8649,Benjamin Pavard,France,23,55.0,78.0,Complete,Ground Pass
8649,Raphaël Varane,France,24,51.0,69.0,Complete,High Pass
8649,Olivier Giroud,France,24,84.0,79.0,Complete,Ground Pass
8649,Matías Vecino Falero,Uruguay,24,35.0,20.0,Complete,Low Pass
8649,Rodrigo Bentancur Colmán,Uruguay,24,36.0,26.0,Complete,Ground Pass
8649,Lucas Torreira Di Pascua,Uruguay,24,32.0,26.0,Complete,Ground Pass
8649,Nahitan Michel Nández Acosta,Uruguay,24,36.0,31.0,Complete,Ground Pass
8649,José María Giménez de Vargas,Uruguay,24,20.0,37.0,Complete,Ground Pass
8649,Lucas Hernández Pi,France,24,82.0,1.0,Complete,Low Pass
8649,Samuel Yves Umtiti,France,24,55.0,10.0,Complete,Ground Pass
8649,Raphaël Varane,France,24,52.0,52.0,Complete,Ground Pass
8649,Benjamin Pavard,France,24,64.0,67.0,Incomplete,Ground Pass
8649,Kylian Mbappé Lottin,France,24,97.0,79.0,Complete,Low Pass
8649,Benjamin Pavard,France,24,85.0,77.0,Complete,Ground Pass
8649,Raphaël Varane,France,25,67.0,61.0,Complete,Ground Pass
8649,Kylian Mbappé Lottin,France,25,85.0,70.0,Complete,Ground Pass
8649,Benjamin Pavard,France,25,92.0,76.0,Complete,Ground Pass
8649,N'Golo Kanté,France,25,81.0,60.0,Complete,Ground Pass
8649,Paul Pogba,France,25,70.0,77.0,Complete,High Pass
8649,Lucas Hernández Pi,France,25,66.0,3.0,Complete,Ground Pass
8649,Samuel Yves Umtiti,France,25,53.0,9.0,Complete,Ground Pass
8649,N'Golo Kanté,France,25,85.0,19.0,Complete,Ground Pass
8649,Corentin Tolisso,France,25,85.0,34.0,Complete,Ground Pass
8649,Antoine Griezmann,France,25,98.0,58.0,Complete,Ground Pass
8649,Antoine Griezmann,France,26,120.0,79.0,Complete,Ground Pass
8649,Kylian Mbappé Lottin,France,26,116.0,64.0,Complete,Ground Pass
8649,Antoine Griezmann,France,26,105.0,74.0,Incomplete,Low Pass
8649,N'Golo Kanté,France,26,69.0,41.0,Complete,Ground Pass
8649,Lucas Hernández Pi,France,26,93.0,8.0,Complete,Ground Pass
8649,Corentin Tolisso,France,26,103.0,8.0,Incomplete,High Pass
8649,Cristhian Ricardo Stuani Curbelo,Uruguay,26,28.0,62.0,Incomplete,High Pass
8649,Paul Pogba,France,26,88.0,21.0,Incomplete,High Pass
8649,Cristhian Ricardo Stuani Curbelo,Uruguay,26,30.0,64.0,Incomplete,High Pass
8649,N'Golo Kanté,France,26,65.0,12.0,Out,Ground Pass
8649,José Martín Cáceres Silva,Uruguay,27,54.0,80.0,Complete,Low Pass
8649,José María Giménez de Vargas,Uruguay,27,41.0,70.0,Complete,Ground Pass
8649,José Martín Cáceres Silva,Uruguay,27,55.0,77.0,Incomplete,High Pass
8649,Antoine Griezmann,France,27,70.0,31.0,Incomplete,Low Pass
8649,Paul Pogba,France,27,66.0,41.0,Incomplete,High Pass
8649,Néstor Fernando Muslera Micol,Uruguay,27,12.0,48.0,Complete,High Pass
8649,José Martín Cáceres Silva,Uruguay,27,26.0,56.0,Complete,Ground Pass
8649,Diego Roberto Godín Leal,Uruguay,27,25.0,33.0,Complete,Ground Pass
8649,José María Giménez de Vargas,Uruguay,27,29.0,53.0,Complete,Ground Pass
8649,Rodrigo Bentancur Colmán,Uruguay,27,46.0,63.0,Complete,Ground Pass
8649,Nahitan Michel Nández Acosta,Uruguay,27,59.0,77.0,Complete,Ground Pass
8649,Luis Alberto Suárez Díaz,Uruguay,27,73.0,57.0,Incomplete,Low Pass
8649,Olivier Giroud,France,27,59.0,27.0,Complete,Low Pass
8649,Antoine Griezmann,France,27,66.0,27.0,Complete,Ground Pass
8649,Benjamin Pavard,France,27,68.0,56.0,Complete,Ground Pass
8649,Paul Pogba,France,28,91.0,70.0,Incomplete,High Pass
8649,Néstor Fernando Muslera Micol,Uruguay,28,11.0,43.0,Incomplete,High Pass
8649,Raphaël Varane,France,28,43.0,64.0,Out,High Pass
8649,Diego Roberto Godín Leal,Uruguay,28,22.0,13.0,Complete,High Pass
8649,José María Giménez de Vargas,Uruguay,28,20.0,58.0,Complete,Ground Pass
8649,José Martín Cáceres Silva,Uruguay,28,57.0,65.0,Complete,High Pass
8649,Luis Alberto Suárez Díaz,Uruguay,28,72.0,52.0,Complete,High Pass
8649,Nahitan Michel Nández Acosta,Uruguay,28,88.0,77.0,Complete,High Pass
8649,Cristhian Ricardo Stuani Curbelo,Uruguay,28,91.0,66.0,Complete,Ground Pass
8649,José Martín Cáceres Silva,Uruguay,28,76.0,66.0,Complete,Ground Pass
8649,Luis Alberto Suárez Díaz,Uruguay,28,91.0,56.0,Complete,Ground Pass
8649,Kylian Mbappé Lottin,France,28,23.0,66.0,Complete,Ground Pass
8649,Raphaël Varane,France,28,20.0,56.0,Complete,High Pass
8649,Corentin Tolisso,France,29,52.0,24.0,Complete,Ground Pass
8649,N'Golo Kanté,France,29,51.0,41.0,Complete,Ground Pass
8649,Paul Pogba,France,29,63.0,54.0,Complete,Ground Pass
8649,Antoine Griezmann,France,29,64.0,61.0,Complete,Ground Pass
8649,Benjamin Pavard,France,29,70.0,70.0,Complete,Ground Pass
8649,Antoine Griezmann,France,29,71.0,73.0,Complete,Ground Pass
8649,Kylian Mbappé Lottin,France,29,88.0,70.0,Complete,Ground Pass
8649,Paul Pogba,France,29,78.0,65.0,Complete,Ground Pass
8649,Antoine Griezmann,France,29,88.0,75.0,Complete,Ground Pass
8649,Paul Pogba,France,29,75.0,60.0,Complete,Ground Pass
8649,N'Golo Kanté,France,29,68.0,52.0,Complete,Ground Pass
8649,Paul Pogba,France,29,71.0,65.0,Complete,Ground Pass
8649,Antoine Griezmann,France,29,84.0,55.0,Complete,Ground Pass
8649,N'Golo Kanté,France,29,79.0,53.0,Complete,Ground Pass
8649,Benjamin Pavard,France,29,98.0,75.0,Complete,Low Pass
8649,José Martín Cáceres Silva,Uruguay,29,29.0,77.0,Incomplete,High Pass
8649,Diego Roberto Godín Leal,Uruguay,30,40.0,38.0,Complete,Ground Pass
8649,José Martín Cáceres Silva,Uruguay,30,57.0,75.0,Out,High Pass
8649,Hugo Lloris,France,30,7.0,37.0,Incomplete,High Pass
8649,Nahitan Michel Nández Acosta,Uruguay,30,60.0,60.0,Incomplete,High Pass
8649,Corentin Tolisso,France,30,56.0,25.0,Complete,High Pass
8649,Antoine Griezmann,France,30,70.0,46.0,Complete,Ground Pass
8649,Lucas Torreira Di Pascua,Uruguay,30,49.0,28.0,Complete,Ground Pass
8649,Matías Vecino Falero,Uruguay,30,47.0,38.0,Complete,Ground Pass
8649,José María Giménez de Vargas,Uruguay,30,31.0,39.0,Complete,Ground Pass
8649,Matías Vecino Falero,Uruguay,31,37.0,47.0,Incomplete,Ground Pass
8649,N'Golo Kanté,France,31,63.0,32.0,Unknown,Low Pass
8649,Nahitan Michel Nández Acosta,Uruguay,31,54.0,69.0,Complete,Ground Pass
8649,José Martín Cáceres Silva,Uruguay,31,69.0,76.0,Complete,Ground Pass
8649,José María Giménez de Vargas,Uruguay,31,46.0,68.0,Complete,Ground Pass
8649,Diego Roberto Godín Leal,Uruguay,31,43.0,46.0,Complete,Ground Pass
8649,José María Giménez de Vargas,Uruguay,31,51.0,67.0,Incomplete,High Pass
8649,Hugo Lloris,France,31,15.0,29.0,Complete,High Pass
8649,Olivier Giroud,France,31,66.0,28.0,Complete,Low Pass
8649,Antoine Griezmann,France,32,82.0,28.0,Complete,Low Pass
8649,Corentin Tolisso,France,32,66.0,2.0,Complete,Ground Pass
8649,Lucas Torreira Di Pascua,Uruguay,33,68.0,74.0,Complete,High Pass
8649,Hugo Lloris,France,33,7.0,43.0,Incomplete,High Pass
8649,Matías Vecino Falero,Uruguay,33,51.0,14.0,Incomplete,High Pass
8649,Raphaël Varane,France,33,39.0,63.0,Complete,High Pass
8649,Olivier Giroud,France,33,61.0,77.0,Complete,Ground Pass
8649,Benjamin Pavard,France,33,53.0,75.0,Complete,Ground Pass
8649,Paul Pogba,France,33,64.0,65.0,Complete,Low Pass
8649,Kylian Mbappé Lottin,France,34,120.0,63.0,Incomplete,Ground Pass
8649,José Martín Cáceres Silva,Uruguay,34,24.0,69.0,Incomplete,High Pass
8649,Raphaël Varane,France,34,10.0,6.0,Incomplete,Ground Pass
8649,Lucas Hernández Pi,France,34,12.0,1.0,Incomplete,High Pass
8649,José Martín Cáceres Silva,Uruguay,34,90.0,78.0,Complete,High Pass
8649,Lucas Hernández Pi,France,34,14.0,7.0,Incomplete,High Pass
8649,Matías Vecino Falero,Uruguay,34,82.0,56.0,Complete,Low Pass
8649,Lucas Torreira Di Pascua,Uruguay,34,83.0,53.0,Complete,Low Pass
8649,Matías Vecino Falero,Uruguay,34,80.0,53.0,Incomplete,Low Pass
8649,Matías Vecino Falero,Uruguay,34,81.0,55.0,Complete,Ground Pass
8649,Nahitan Michel Nández Acosta,Uruguay,34,83.0,77.0,Complete,Ground Pass
8649,Luis Alberto Suárez Díaz,Uruguay,34,112.0,69.0,Incomplete,High Pass
8649,José Martín Cáceres Silva,Uruguay,34,94.0,52.0,Complete,High Pass
8649,Hugo Lloris,France,35,19.0,39.0,Incomplete,High Pass
8649,Diego Roberto Godín Leal,Uruguay,35,44.0,31.0,Complete,High Pass
8649,Corentin Tolisso,France,35,53.0,40.0,Complete,Ground Pass
8649,N'Golo Kanté,France,35,47.0,43.0,Complete,Ground Pass
8649,Raphaël Varane,France,35,36.0,58.0,Complete,Ground Pass
8649,Benjamin Pavard,France,35,64.0,76.0,Incomplete,High Pass
8649,Néstor Fernando Muslera Micol,Uruguay,35,15.0,45.0,Complete,Low Pass
8649,José María Giménez de Vargas,Uruguay,35,21.0,57.0,Complete,Ground Pass
8649,Nahitan Michel Nández Acosta,Uruguay,35,79.0,76.0,Complete,Low Pass
8649,Lucas Hernández Pi,France,35,50.0,21.0,Complete,Ground Pass
8649,Antoine Griezmann,France,35,44.0,36.0,Complete,Ground Pass
8649,Benjamin Pavard,France,35,53.0,57.0,Complete,Ground Pass
8649,Kylian Mbappé Lottin,France,35,60.0,65.0,Complete,Ground Pass
8649,Paul Pogba,France,35,57.0,54.0,Complete,Ground Pass
8649,Benjamin Pavard,France,35,52.0,63.0,Complete,Ground Pass
8649,Raphaël Varane,France,35,45.0,49.0,Complete,Ground Pass
8649,N'Golo Kanté,France,35,55.0,37.0,Complete,Ground Pass
8649,Lucas Hernández Pi,France,36,76.0,5.0,Complete,Ground Pass
8649,Corentin Tolisso,France,36,71.0,10.0,Complete,Ground Pass
8649,N'Golo Kanté,France,36,74.0,27.0,Complete,Ground Pass
8649,Samuel Yves Umtiti,France,36,58.0,25.0,Complete,Ground Pass
8649,Corentin Tolisso,France,36,73.0,25.0,Complete,Ground Pass
8649,Antoine Griezmann,France,36,82.0,29.0,Complete,Ground Pass
8649,Lucas Hernández Pi,France,36,98.0,10.0,Complete,Ground Pass
8649,Antoine Griezmann,France,36,99.0,31.0,Incomplete,Ground Pass
8649,Matías Vecino Falero,Uruguay,36,22.0,47.0,Complete,Ground Pass
8649,Rodrigo Bentancur Colmán,Uruguay,36,29.0,55.0,Complete,Ground Pass
8649,Nahitan Michel Nández Acosta,Uruguay,36,25.0,76.0,Complete,High Pass
8649,Cristhian Ricardo Stuani Curbelo,Uruguay,36,70.0,48.0,Out,High Pass
8649,Lucas Hernández Pi,France,36,23.0,1.0,Complete,Low Pass
8649,Raphaël Varane,France,36,20.0,13.0,Complete,Ground Pass
8649,Hugo Lloris,France,36,11.0,32.0,Complete,Ground Pass
8649,Benjamin Pavard,France,36,56.0,65.0,Complete,Ground Pass
8649,Paul Pogba,France,36,54.0,56.0,Complete,Ground Pass
8649,N'Golo Kanté,France,36,56.0,42.0,Complete,Ground Pass
8649,Samuel Yves Umtiti,France,36,48.0,23.0,Complete,Ground Pass
8649,Raphaël Varane,France,36,48.0,46.0,Complete,Ground Pass
8649,Paul Pogba,France,37,63.0,55.0,Complete,Ground Pass
8649,Benjamin Pavard,France,37,82.0,60.0,Complete,Ground Pass
8649,N'Golo Kanté,France,37,82.0,32.0,Complete,Ground Pass
8649,Lucas Hernández Pi,France,37,107.0,12.0,Complete,Ground Pass
8649,Corentin Tolisso,France,37,98.0,11.0,Complete,Ground Pass
8649,Paul Pogba,France,37,90.0,28.0,Complete,Ground Pass
8649,Antoine Griezmann,France,37,95.0,30.0,Complete,Ground Pass
8649,Paul Pogba,France,37,90.0,34.0,Complete,Ground Pass
8649,Antoine Griezmann,France,37,96.0,32.0,Complete,Ground Pass
8649,Paul Pogba,France,37,93.0,42.0,Complete,Ground Pass
8649,Kylian Mbappé Lottin,France,37,104.0,63.0,Incomplete,High Pass
8649,Raphaël Varane,France,37,70.0,59.0,Complete,Ground Pass
8649,Paul Pogba,France,37,90.0,64.0,Complete,Ground Pass
8649,Benjamin Pavard,France,37,101.0,69.0,Complete,Ground Pass
8649,Lucas Torreira Di Pascua,Uruguay,37,2.0,10.0,Incomplete,High Pass
8649,Raphaël Varane,France,37,73.0,77.0,Incomplete,Low Pass
8649,Luis Alberto Suárez Díaz,Uruguay,37,38.0,8.0,Complete,High Pass
8649,Diego Sebastián Laxalt Suárez,Uruguay,37,37.0,12.0,Complete,High Pass
8649,Antoine Griezmann,France,39,95.0,61.0,Complete,High Pass
8649,Luis Alberto Suárez Díaz,Uruguay,40,60.0,40.0,Complete,Ground Pass
8649,Lucas Torreira Di Pascua,Uruguay,40,48.0,40.0,Complete,Ground Pass
8649,José María Giménez de Vargas,Uruguay,40,37.0,47.0,Complete,Ground Pass
8649,Diego Roberto Godín Leal,Uruguay,41,44.0,29.0,Complete,Low Pass
8649,José Martín Cáceres Silva,Uruguay,41,56.0,70.0,Incomplete,High Pass
8649,Lucas Torreira Di Pascua,Uruguay,41,119.0,80.0,Incomplete,High Pass
8649,Hugo Lloris,France,41,13.0,38.0,Complete,High Pass
8649,Benjamin Pavard,France,41,51.0,69.0,Complete,Ground Pass
8649,Antoine Griezmann,France,41,56.0,78.0,Complete,Ground Pass
8649,Benjamin Pavard,France,42,40.0,67.0,Complete,Ground Pass
8649,N'Golo Kanté,France,42,50.0,30.0,Complete,Ground Pass
8649,Lucas Hernández Pi,France,42,65.0,4.0,Complete,Ground Pass
8649,Corentin Tolisso,France,42,60.0,5.0,Complete,Ground Pass
8649,N'Golo Kanté,France,42,55.0,15.0,Complete,Low Pass
8649,Corentin Tolisso,France,42,67.0,20.0,Incomplete,Ground Pass
8649,Lucas Torreira Di Pascua,Uruguay,42,45.0,64.0,Complete,Low Pass
8649,José María Giménez de Vargas,Uruguay,42,36.0,65.0,Complete,Ground Pass
8649,Nahitan Michel Nández Acosta,Uruguay,42,43.0,76.0,Complete,High Pass
8649,Cristhian Ricardo Stuani Curbelo,Uruguay,42,72.0,57.0,Complete,Low Pass
8649,Lucas Torreira Di Pascua,Uruguay,43,82.0,61.0,Complete,High Pass
8649,Paul Pogba,France,43,77.0,39.0,Incomplete,High Pass
8649,José Martín Cáceres Silva,Uruguay,43,35.0,48.0,Complete,High Pass
8649,Nahitan Michel Nández Acosta,Uruguay,43,37.0,73.0,Out,High Pass
8649,Lucas Hernández Pi,France,44,61.0,1.0,Complete,Low Pass
8649,Antoine Griezmann,France,44,69.0,2.0,Incomplete,Ground Pass
8649,Lucas Hernández Pi,France,44,64.0,2.0,Complete,Low Pass
8649,Néstor Fernando Muslera Micol,Uruguay,45,23.0,50.0,Unknown,High Pass
8649,Lucas Torreira Di Pascua,Uruguay,45,80.0,53.0,Incomplete,High Pass
8649,José Martín Cáceres Silva,Uruguay,45,110.0,8.0,Incomplete,High Pass
8649,Nahitan Michel Nández Acosta,Uruguay,45,78.0,39.0,Complete,High Pass
8649,Rodrigo Bentancur Colmán,Uruguay,45,76.0,35.0,Complete,High Pass
8649,Luis Alberto Suárez Díaz,Uruguay,45,100.0,56.0,Incomplete,High Pass
8649,Olivier Giroud,France,45,20.0,48.0,Incomplete,High Pass
8649,Nahitan Michel Nández Acosta,Uruguay,46,49.0,67.0,Incomplete,High Pass
8649,Benjamin Pavard,France,46,27.0,59.0,Incomplete,High Pass
8649,Lucas Torreira Di Pascua,Uruguay,46,74.0,27.0,Out,Low Pass
8649,Benjamin Pavard,France,46,16.0,79.0,Complete,Low Pass
8649,Benjamin Pavard,France,46,30.0,79.0,Incomplete,High Pass
8649,Diego Roberto Godín Leal,Uruguay,46,65.0,6.0,Complete,High Pass
8649,Rodrigo Bentancur Colmán,Uruguay,46,81.0,22.0,Complete,Low Pass
8649,Luis Alberto Suárez Díaz,Uruguay,46,91.0,27.0,Complete,Low Pass
8649,Nahitan Michel Nández Acosta,Uruguay,46,80.0,48.0,Complete,Ground Pass
8649,Antoine Griezmann,France,45,60.0,40.0,Complete,Ground Pass
8649,Raphaël Varane,France,45,36.0,56.0,Complete,Ground Pass
8649,Luis Alberto Suárez Díaz,Uruguay,45,88.0,22.0,Incomplete,Ground Pass
8649,Antoine Griezmann,France,45,47.0,52.0,Complete,Ground Pass
8649,Paul Pogba,France,45,47.0,65.0,Complete,Ground Pass
8649,Olivier Giroud,France,45,67.0,63.0,Complete,Ground Pass
8649,Matías Vecino Falero,Uruguay,45,31.0,51.0,Complete,Ground Pass
8649,José Martín Cáceres Silva,Uruguay,45,39.0,78.0,Incomplete,High Pass
8649,Benjamin Pavard,France,45,44.0,53.0,Complete,Low Pass
8649,Paul Pogba,France,45,57.0,50.0,Complete,Low Pass
8649,Antoine Griezmann,France,45,83.0,40.0,Incomplete,Low Pass
8649,Lucas Torreira Di Pascua,Uruguay,45,39.0,40.0,Complete,High Pass
8649,Rodrigo Bentancur Colmán,Uruguay,45,47.0,43.0,Complete,Ground Pass
8649,Lucas Hernández Pi,France,45,43.0,4.0,Complete,Ground Pass
8649,N'Golo Kanté,France,45,42.0,12.0,Complete,Ground Pass
8649,Corentin Tolisso,France,45,57.0,13.0,Complete,Ground Pass
8649,Paul Pogba,France,45,55.0,33.0,Complete,Ground Pass
8649,Benjamin Pavard,France,46,71.0,65.0,Complete,Ground Pass
8649,Kylian Mbappé Lottin,France,46,89.0,62.0,Complete,Ground Pass
8649,Antoine Griezmann,France,46,89.0,74.0,Incomplete,High Pass
8649,Néstor Fernando Muslera Micol,Uruguay,46,12.0,44.0,Complete,Low Pass
8649,Diego Roberto Godín Leal,Uruguay,46,20.0,27.0,Complete,Ground Pass
8649,Néstor Fernando Muslera Micol,Uruguay,47,7.0,45.0,Incomplete,High Pass
8649,Corentin Tolisso,France,47,44.0,5.0,Incomplete,High Pass
8649,Lucas Hernández Pi,France,47,33.0,2.0,Incomplete,High Pass
8649,Nahitan Michel Nández Acosta,Uruguay,47,65.0,65.0,Incomplete,Low Pass
8649,Raphaël Varane,France,47,34.0,28.0,Incomplete,High Pass
8649,José María Giménez de Vargas,Uruguay,47,55.0,59.0,Incomplete,High Pass
8649,Nahitan Michel Nández Acosta,Uruguay,47,87.0,51.0,Incomplete,High Pass
8649,Paul Pogba,France,47,35.0,33.0,Incomplete,High Pass
8649,Diego Roberto Godín Leal,Uruguay,47,74.0,46.0,Incomplete,High Pass
8649,Lucas Hernández Pi,France,47,32.0,22.0,Incomplete,High Pass
8649,Diego Roberto Godín Leal,Uruguay,47,75.0,48.0,Incomplete,High Pass
8649,Raphaël Varane,France,47,29.0,39.0,Complete,High Pass
8649,Benjamin Pavard,France,47,31.0,61.0,Incomplete,High Pass
8649,Diego Roberto Godín Leal,Uruguay,48,41.0,26.0,Complete,Low Pass
8649,Lucas Torreira Di Pascua,Uruguay,48,47.0,35.0,Complete,Ground Pass
8649,José María Giménez de Vargas,Uruguay,48,39.0,54.0,Incomplete,High Pass
8649,N'Golo Kanté,France,48,44.0,34.0,Complete,High Pass
8649,Corentin Tolisso,France,48,55.0,31.0,Complete,Ground Pass
8649,Paul Pogba,France,48,58.0,45.0,Complete,Ground Pass
8649,Benjamin Pavard,France,48,56.0,64.0,Complete,Ground Pass
8649,Paul Pogba,France,48,58.0,55.0,Complete,Ground Pass
8649,Benjamin Pavard,France,48,62.0,70.0,Complete,Ground Pass
8649,Paul Pogba,France,48,52.0,66.0,Complete,Ground Pass
8649,Benjamin Pavard,France,48,43.0,78.0,Complete,Ground Pass
8649,Hugo Lloris,France,48,13.0,54.0,Incomplete,High Pass
8649,Diego Roberto Godín Leal,Uruguay,48,61.0,41.0,Incomplete,High Pass
8649,Corentin Tolisso,France,48,53.0,34.0,Complete,Ground Pass
8649,Raphaël Varane,France,49,48.0,41.0,Complete,Ground Pass
8649,N'Golo Kanté,France,49,54.0,41.0,Complete,Ground Pass
8649,Benjamin Pavard,France,49,54.0,70.0,Incomplete,Ground Pass
8649,Kylian Mbappé Lottin,France,49,104.0,80.0,Complete,Low Pass
8649,Benjamin Pavard,France,49,90.0,77.0,Complete,Ground Pass
8649,Kylian Mbappé Lottin,France,49,91.0,67.0,Incomplete,High Pass
8649,Lucas Hernández Pi,France,50,105.0,1.0,Complete,Low Pass
8649,Olivier Giroud,France,50,117.0,3.0,Incomplete,Low Pass
8649,Lucas Torreira Di Pascua,Uruguay,50,2.0,73.0,Complete,Ground Pass
8649,Lucas Hernández Pi,France,50,114.0,1.0,Complete,Low Pass
8649,Corentin Tolisso,France,50,108.0,12.0,Complete,Ground Pass
8649,Olivier Giroud,France,50,115.0,12.0,Incomplete,Ground Pass
8649,Rodrigo Bentancur Colmán,Uruguay,51,20.0,65.0,Incomplete,High Pass
8649,Raphaël Varane,France,51,46.0,10.0,Complete,Ground Pass
8649,Hugo Lloris,France,51,11.0,38.0,Incomplete,High Pass
8649,Diego Sebastián Laxalt Suárez,Uruguay,51,49.0,29.0,Incomplete,High Pass
8649,Corentin Tolisso,France,51,56.0,29.0,Complete,Ground Pass
8649,Samuel Yves Umtiti,France,51,44.0,38.0,Complete,Ground Pass
8649,Benjamin Pavard,France,51,53.0,67.0,Complete,Ground Pass
8649,Paul Pogba,France,51,55.0,61.0,Complete,High Pass
8649,Olivier Giroud,France,51,96.0,50.0,Incomplete,High Pass
8649,Paul Pogba,France,51,75.0,43.0,Complete,High Pass
8649,Antoine Griezmann,France,51,93.0,48.0,Complete,Ground Pass
8649,Lucas Hernández Pi,France,51,98.0,18.0,Complete,Ground Pass
8649,Antoine Griezmann,France,52,119.0,2.0,Incomplete,High Pass
8649,Néstor Fernando Muslera Micol,Uruguay,52,7.0,37.0,Incomplete,High Pass
8649,Corentin Tolisso,France,52,41.0,25.0,Incomplete,Low Pass
8649,Rodrigo Bentancur Colmán,Uruguay,52,77.0,46.0,Complete,Ground Pass
8649,Paul Pogba,France,53,46.0,31.0,Complete,Ground Pass
8649,Corentin Tolisso,France,53,66.0,4.0,Complete,Ground Pass
8649,Lucas Hernández Pi,France,53,56.0,3.0,Complete,Ground Pass
8649,N'Golo Kanté,France,53,52.0,13.0,Complete,Ground Pass
8649,Corentin Tolisso,France,53,61.0,9.0,Complete,High Pass
8649,Raphaël Varane,France,53,53.0,78.0,Complete,Ground Pass
8649,Benjamin Pavard,France,53,68.0,79.0,Complete,Ground Pass
8649,Kylian Mbappé Lottin,France,53,67.0,72.0,Complete,Ground Pass
8649,Antoine Griezmann,France,53,78.0,73.0,Incomplete,Ground Pass
8649,Lucas Torreira Di Pascua,Uruguay,53,47.0,15.0,Unknown,Ground Pass
8649,Nahitan Michel Nández Acosta,Uruguay,53,63.0,47.0,Complete,Ground Pass
8649,José Martín Cáceres Silva,Uruguay,53,86.0,78.0,Incomplete,Low Pass
8649,José Martín Cáceres Silva,Uruguay,53,73.0,79.0,Complete,High Pass
8649,José María Giménez de Vargas,Uruguay,54,58.0,67.0,Complete,High Pass
8649,Nahitan Michel Nández Acosta,Uruguay,54,91.0,75.0,Complete,High Pass
8649,Luis Alberto Suárez Díaz,Uruguay,54,103.0,59.0,Complete,Ground Pass
8649,Cristhian Ricardo Stuani Curbelo,Uruguay,54,118.0,65.0,Incomplete,Ground Pass
8649,N'Golo Kanté,France,54,7.0,20.0,Complete,Ground Pass
8649,Hugo Lloris,France,54,10.0,14.0,Complete,High Pass
8649,Olivier Giroud,France,54,74.0,16.0,Incomplete,High Pass
8649,Matías Vecino Falero,Uruguay,54,54.0,62.0,Complete,Ground Pass
8649,Rodrigo Bentancur Colmán,Uruguay,54,58.0,55.0,Complete,Ground Pass
8649,Lucas Torreira Di Pascua,Uruguay,54,49.0,45.0,Complete,Ground Pass
8649,Rodrigo Bentancur Colmán,Uruguay,54,59.0,49.0,Complete,Ground Pass
8649,Matías Vecino Falero,Uruguay,54,79.0,60.0,Complete,Ground Pass
8649,Nahitan Michel Nández Acosta,Uruguay,55,102.0,77.0,Incomplete,Ground Pass
8649,Samuel Yves Umtiti,France,55,10.0,21.0,Incomplete,Ground Pass
8649,Hugo Lloris,France,55,6.0,41.0,Complete,High Pass
8649,Olivier Giroud,France,55,68.0,77.0,Complete,High Pass
8649,Benjamin Pavard,France,55,61.0,75.0,Complete,High Pass
8649,Benjamin Pavard,France,56,85.0,79.0,Complete,High Pass
8649,Olivier Giroud,France,56,86.0,78.0,Complete,Ground Pass
8649,N'Golo Kanté,France,56,82.0,78.0,Complete,Ground Pass
8649,Paul Pogba,France,56,83.0,71.0,Incomplete,Low Pass
8649,Benjamin Pavard,France,56,72.0,79.0,Complete,Low Pass
8649,Olivier Giroud,France,56,93.0,77.0,Complete,Low Pass
8649,Diego Sebastián Laxalt Suárez,Uruguay,56,32.0,1.0,Incomplete,High Pass
8649,Benjamin Pavard,France,56,66.0,74.0,Complete,High Pass
8649,Antoine Griezmann,France,56,77.0,69.0,Incomplete,High Pass
8649,Diego Sebastián Laxalt Suárez,Uruguay,56,45.0,11.0,Incomplete,High Pass
8649,Paul Pogba,France,56,70.0,66.0,Unknown,High Pass
8649,Lucas Torreira Di Pascua,Uruguay,57,64.0,11.0,Complete,Ground Pass
8649,Diego Roberto Godín Leal,Uruguay,57,55.0,29.0,Complete,High Pass
8649,Diego Sebastián Laxalt Suárez,Uruguay,57,92.0,5.0,Complete,Low Pass
8649,Luis Alberto Suárez Díaz,Uruguay,57,95.0,28.0,Complete,Ground Pass
8649,Rodrigo Bentancur Colmán,Uruguay,57,91.0,56.0,Complete,Low Pass
8649,José Martín Cáceres Silva,Uruguay,57,109.0,63.0,Incomplete,Ground Pass
8649,Nahitan Michel Nández Acosta,Uruguay,57,84.0,78.0,Complete,Ground Pass
8649,José Martín Cáceres Silva,Uruguay,57,96.0,78.0,Incomplete,High Pass
8649,José Martín Cáceres Silva,Uruguay,57,109.0,80.0,Complete,High Pass
8649,José María Giménez de Vargas,Uruguay,57,110.0,43.0,Incomplete,High Pass
8649,Luis Alberto Suárez Díaz,Uruguay,57,108.0,12.0,Incomplete,High Pass
8649,Hugo Lloris,France,58,6.0,36.0,Incomplete,High Pass
8649,Nahitan Michel Nández Acosta,Uruguay,58,49.0,78.0,Incomplete,High Pass
8649,N'Golo Kanté,France,59,59.0,38.0,Complete,Ground Pass
8649,Luis Alberto Suárez Díaz,Uruguay,60,58.0,22.0,Injury Clearance,Ground Pass
8649,Raphaël Varane,France,60,32.0,64.0,Complete,Ground Pass
8649,Hugo Lloris,France,60,7.0,47.0,Complete,High Pass
8649,Olivier Giroud,France,60,66.0,45.0,Complete,Low Pass
8649,Corentin Tolisso,France,60,65.0,43.0,Incomplete,Low Pass
8649,Cristian Gabriel Rodríguez Barrotti,Uruguay,60,57.0,4.0,Complete,Low Pass
8649,Luis Alberto Suárez Díaz,Uruguay,60,76.0,7.0,Complete,Ground Pass
8649,Cristian Gabriel Rodríguez Barrotti,Uruguay,60,72.0,3.0,Complete,Ground Pass
8649,Luis Alberto Suárez Díaz,Uruguay,60,77.0,3.0,Complete,High Pass
8649,Lucas Torreira Di Pascua,Uruguay,60,63.0,26.0,Complete,Low Pass
8649,Paul Pogba,France,60,89.0,49.0,Complete,Ground Pass
8649,Corentin Tolisso,France,60,95.0,30.0,Complete,Ground Pass
8649,Diego Sebastián Laxalt Suárez,Uruguay,62,61.0,41.0,Complete,High Pass
8649,Cristian Gabriel Rodríguez Barrotti,Uruguay,62,113.0,14.0,Complete,Ground Pass
8649,Diego Sebastián Laxalt Suárez,Uruguay,62,114.0,4.0,Incomplete,High Pass
8649,Lucas Torreira Di Pascua,Uruguay,62,120.0,2.0,Incomplete,High Pass
8649,Lucas Torreira Di Pascua,Uruguay,63,119.0,80.0,Incomplete,High Pass
8649,Hugo Lloris,France,63,6.0,46.0,Incomplete,High Pass
8649,Cristian Gabriel Rodríguez Barrotti,Uruguay,63,57.0,15.0,Complete,High Pass
8649,Luis Alberto Suárez Díaz,Uruguay,63,77.0,16.0,Incomplete,High Pass
8649,Paul Pogba,France,63,20.0,68.0,Complete,Ground Pass
8649,Samuel Yves Umtiti,France,64,27.0,75.0,Complete,Ground Pass
8649,Paul Pogba,France,64,40.0,78.0,Complete,Ground Pass
8649,Antoine Griezmann,France,64,41.0,70.0,Complete,Ground Pass
8649,Benjamin Pavard,France,64,30.0,75.0,Complete,Ground Pass
8649,Hugo Lloris,France,64,9.0,44.0,Complete,Ground Pass
8649,N'Golo Kanté,France,64,27.0,77.0,Complete,High Pass
8649,Olivier Giroud,France,64,62.0,62.0,Complete,High Pass
8649,Antoine Griezmann,France,64,65.0,78.0,Complete,Low Pass
8649,Kylian Mbappé Lottin,France,64,72.0,79.0,Complete,Ground Pass
8649,Paul Pogba,France,65,79.0,76.0,Incomplete,High Pass
8649,Maximiliano Gómez González,Uruguay,65,39.0,42.0,Complete,Ground Pass
8649,Nahitan Michel Nández Acosta,Uruguay,65,66.0,74.0,Complete,High Pass
8649,Cristian Gabriel Rodríguez Barrotti,Uruguay,65,94.0,6.0,Complete,Ground Pass
8649,Matías Vecino Falero,Uruguay,65,90.0,15.0,Complete,Ground Pass
8649,Cristian Gabriel Rodríguez Barrotti,Uruguay,65,96.0,6.0,Complete,Ground Pass
8649,Diego Sebastián Laxalt Suárez,Uruguay,65,109.0,5.0,Complete,High Pass
8649,José María Giménez de Vargas,Uruguay,65,62.0,34.0,Complete,Ground Pass
8649,Lucas Torreira Di Pascua,Uruguay,65,73.0,32.0,Complete,Ground Pass
8649,Matías Vecino Falero,Uruguay,65,72.0,51.0,Complete,Ground Pass
8649,Luis Alberto Suárez Díaz,Uruguay,65,88.0,59.0,Incomplete,Ground Pass
8649,Lucas Hernández Pi,France,65,27.0,22.0,Complete,Ground Pass
8649,Corentin Tolisso,France,66,31.0,20.0,Complete,Ground Pass
8649,N'Golo Kanté,France,66,35.0,24.0,Complete,Ground Pass
8649,Corentin Tolisso,France,66,40.0,17.0,Incomplete,Ground Pass
8649,Corentin Tolisso,France,66,55.0,2.0,Complete,Ground Pass
8649,Olivier Giroud,France,66,59.0,27.0,Complete,Ground Pass
8649,Antoine Griezmann,France,66,53.0,29.0,Complete,Ground Pass
8649,Paul Pogba,France,66,67.0,48.0,Complete,Ground Pass
8649,Benjamin Pavard,France,66,88.0,64.0,Complete,Ground Pass
8649,Kylian Mbappé Lottin,France,66,95.0,57.0,Complete,Ground Pass
8649,Paul Pogba,France,66,85.0,56.0,Complete,Low Pass
8649,Antoine Griezmann,France,66,87.0,50.0,Complete,Ground Pass
8649,Benjamin Pavard,France,66,93.0,75.0,Complete,Ground Pass
8649,Paul Pogba,France,66,91.0,73.0,Injury Clearance,Ground Pass
8649,Raphaël Varane,France,69,30.0,34.0,Complete,Ground Pass
8649,Paul Pogba,France,69,43.0,49.0,Incomplete,High Pass
8649,Antoine Griezmann,France,69,76.0,76.0,Complete,High Pass
8649,Benjamin Pavard,France,69,53.0,77.0,Complete,Ground Pass
8649,Paul Pogba,France,69,55.0,71.0,Complete,Ground Pass
8649,Benjamin Pavard,France,69,55.0,78.0,Complete,High Pass
8649,Paul Pogba,France,69,72.0,77.0,Complete,Ground Pass
8649,Benjamin Pavard,France,69,80.0,79.0,Complete,Ground Pass
8649,Paul Pogba,France,69,71.0,77.0,Complete,Ground Pass
8649,Benjamin Pavard,France,69,82.0,78.0,Complete,Ground Pass
8649,Paul Pogba,France,69,65.0,69.0,Complete,High Pass
8649,Lucas Hernández Pi,France,69,58.0,5.0,Out,High Pass
8649,José Martín Cáceres Silva,Uruguay,70,69.0,80.0,Complete,High Pass
8649,José María Giménez de Vargas,Uruguay,70,45.0,66.0,Complete,High Pass
8649,Maximiliano Gómez González,Uruguay,70,88.0,39.0,Complete,High Pass
8649,Luis Alberto Suárez Díaz,Uruguay,70,99.0,35.0,Complete,Low Pass
8649,Cristian Gabriel Rodríguez Barrotti,Uruguay,70,95.0,31.0,Incomplete,Ground Pass
8649,Paul Pogba,France,70,38.0,63.0,Incomplete,Ground Pass
8649,Diego Roberto Godín Leal,Uruguay,70,63.0,29.0,Complete,High Pass
8649,Nahitan Michel Nández Acosta,Uruguay,70,93.0,77.0,Incomplete,Low Pass
8649,José Martín Cáceres Silva,Uruguay,70,102.0,80.0,Complete,Low Pass
8649,Nahitan Michel Nández Acosta,Uruguay,70,82.0,67.0,Complete,Ground Pass
8649,José Martín Cáceres Silva,Uruguay,70,93.0,78.0,Incomplete,Low Pass
8649,José Martín Cáceres Silva,Uruguay,71,103.0,80.0,Incomplete,High Pass
8649,Diego Sebastián Laxalt Suárez,Uruguay,71,73.0,45.0,Complete,High Pass
8649,José Martín Cáceres Silva,Uruguay,71,69.0,77.0,Incomplete,Low Pass
8649,Samuel Yves Umtiti,France,71,33.0,27.0,Complete,Low Pass
8649,Corentin Tolisso,France,71,42.0,13.0,Complete,Ground Pass
8649,Lucas Hernández Pi,France,71,32.0,19.0,Complete,Ground Pass
8649,Samuel Yves Umtiti,France,71,23.0,24.0,Complete,Ground Pass
8649,Hugo Lloris,France,71,13.0,36.0,Complete,High Pass
8649,Benjamin Pavard,France,71,51.0,77.0,Incomplete,Low Pass
8649,Benjamin Pavard,France,71,38.0,76.0,Complete,Ground Pass
8649,Paul Pogba,France,71,40.0,57.0,Complete,Ground Pass
8649,N'Golo Kanté,France,71,35.0,48.0,Complete,Low Pass
8649,Lucas Hernández Pi,France,71,55.0,4.0,Complete,Ground Pass
8649,Corentin Tolisso,France,71,64.0,26.0,Complete,Ground Pass
8649,Olivier Giroud,France,71,75.0,36.0,Complete,Ground Pass
8649,Antoine Griezmann,France,71,66.0,41.0,Complete,Low Pass
8649,Benjamin Pavard,France,72,90.0,77.0,Complete,Ground Pass
8649,Kylian Mbappé Lottin,France,72,103.0,67.0,Complete,Ground Pass
8649,Benjamin Pavard,France,72,98.0,65.0,Complete,Ground Pass
8649,Antoine Griezmann,France,72,89.0,71.0,Complete,Ground Pass
8649,Paul Pogba,France,72,83.0,50.0,Complete,Ground Pass
8649,Benjamin Pavard,France,72,46.0,69.0,Out,High Pass
8649,Diego Sebastián Laxalt Suárez,Uruguay,73,80.0,2.0,Complete,High Pass
8649,Luis Alberto Suárez Díaz,Uruguay,73,87.0,17.0,Incomplete,High Pass
8649,Raphaël Varane,France,73,31.0,61.0,Incomplete,High Pass
8649,Diego Roberto Godín Leal,Uruguay,73,63.0,19.0,Complete,High Pass
8649,José María Giménez de Vargas,Uruguay,73,59.0,37.0,Incomplete,High Pass
8649,Paul Pogba,France,73,45.0,60.0,Incomplete,Low Pass
8649,José Martín Cáceres Silva,Uruguay,73,62.0,67.0,Complete,Ground Pass
8649,Jonathan Matías Urretaviscaya da Luz,Uruguay,73,85.0,78.0,Incomplete,Ground Pass
8649,Jonathan Matías Urretaviscaya da Luz,Uruguay,73,59.0,69.0,Complete,Ground Pass
8649,José Martín Cáceres Silva,Uruguay,73,56.0,79.0,Complete,Ground Pass
8649,Matías Vecino Falero,Uruguay,73,65.0,62.0,Complete,Ground Pass
8649,Lucas Hernández Pi,France,73,30.0,20.0,Complete,Low Pass
8649,Samuel Yves Umtiti,France,73,27.0,21.0,Complete,Low Pass
8649,Hugo Lloris,France,73,3.0,33.0,Out,High Pass
8649,José Martín Cáceres Silva,Uruguay,73,88.0,80.0,Complete,Low Pass
8649,Lucas Torreira Di Pascua,Uruguay,73,87.0,68.0,Incomplete,High Pass
8649,N'Golo Kanté,France,73,21.0,26.0,Complete,Low Pass
8649,Antoine Griezmann,France,73,27.0,30.0,Incomplete,Low Pass
8649,José Martín Cáceres Silva,Uruguay,74,73.0,63.0,Complete,Ground Pass
8649,Diego Roberto Godín Leal,Uruguay,74,30.0,55.0,Complete,Ground Pass
8649,Néstor Fernando Muslera Micol,Uruguay,74,17.0,42.0,Complete,Ground Pass
8649,Diego Roberto Godín Leal,Uruguay,74,23.0,34.0,Complete,Ground Pass
8649,José María Giménez de Vargas,Uruguay,74,51.0,65.0,Incomplete,High Pass
8649,Benjamin Pavard,France,74,20.0,50.0,Complete,High Pass
8649,Paul Pogba,France,74,27.0,53.0,Complete,Ground Pass
8649,Benjamin Pavard,France,74,24.0,75.0,Complete,High Pass
8649,Kylian Mbappé Lottin,France,74,56.0,58.0,Incomplete,Ground Pass
8649,Lucas Torreira Di Pascua,Uruguay,74,74.0,42.0,Incomplete,Low Pass
8649,Corentin Tolisso,France,74,58.0,30.0,Complete,Ground Pass
8649,Antoine Griezmann,France,74,61.0,34.0,Complete,Ground Pass
8649,Lucas Hernández Pi,France,74,71.0,12.0,Complete,Ground Pass
8649,N'Golo Kanté,France,74,64.0,23.0,Complete,Ground Pass
8649,Corentin Tolisso,France,74,70.0,26.0,Complete,Ground Pass
8649,Antoine Griezmann,France,74,68.0,30.0,Complete,Ground Pass
8649,Lucas Hernández Pi,France,74,68.0,5.0,Complete,Ground Pass
8649,Samuel Yves Umtiti,France,74,49.0,31.0,Complete,Ground Pass
8649,Paul Pogba,France,74,57.0,41.0,Complete,Ground Pass
8649,Benjamin Pavard,France,74,69.0,70.0,Complete,Ground Pass
8649,Paul Pogba,France,74,67.0,57.0,Complete,Ground Pass
8649,Antoine Griezmann,France,74,76.0,62.0,Complete,Ground Pass
8649,Benjamin Pavard,France,75,65.0,73.0,Complete,Ground Pass
8649,Paul Pogba,France,75,64.0,62.0,Complete,High Pass
8649,Olivier Giroud,France,75,82.0,62.0,Complete,Low Pass
8649,Antoine Griezmann,France,75,104.0,68.0,Complete,Ground Pass
8649,Benjamin Pavard,France,75,91.0,74.0,Complete,Ground Pass
8649,Paul Pogba,France,75,82.0,72.0,Complete,Ground Pass
8649,Benjamin Pavard,France,75,89.0,78.0,Complete,Ground Pass
8649,Antoine Griezmann,France,75,94.0,77.0,Complete,Ground Pass
8649,Corentin Tolisso,France,75,94.0,45.0,Complete,Ground Pass
8649,Lucas Hernández Pi,France,75,105.0,16.0,Incomplete,Ground Pass
8649,Lucas Hernández Pi,France,75,101.0,29.0,Complete,Low Pass
8649,Cristian Gabriel Rodríguez Barrotti,Uruguay,76,72.0,23.0,Complete,Ground Pass
8649,Diego Sebastián Laxalt Suárez,Uruguay,76,91.0,4.0,Incomplete,High Pass
8649,Jonathan Matías Urretaviscaya da Luz,Uruguay,76,97.0,77.0,Incomplete,Ground Pass
8649,N'Golo Kanté,France,76,26.0,10.0,Complete,Ground Pass
8649,Lucas Hernández Pi,France,76,33.0,4.0,Complete,Ground Pass
8649,Corentin Tolisso,France,76,26.0,5.0,Complete,Ground Pass
8649,Lucas Torreira Di Pascua,Uruguay,76,68.0,72.0,Complete,Low Pass
8649,Jonathan Matías Urretaviscaya da Luz,Uruguay,76,69.0,77.0,Complete,Ground Pass
8649,Diego Roberto Godín Leal,Uruguay,76,59.0,54.0,Incomplete,High Pass
8649,N'Golo Kanté,France,76,28.0,22.0,Complete,High Pass
8649,Corentin Tolisso,France,76,37.0,16.0,Incomplete,Low Pass
8649,Lucas Torreira Di Pascua,Uruguay,77,66.0,43.0,Complete,Low Pass
8649,Cristian Gabriel Rodríguez Barrotti,Uruguay,77,85.0,13.0,Complete,Ground Pass
8649,Diego Sebastián Laxalt Suárez,Uruguay,77,102.0,1.0,Complete,High Pass
8649,Cristian Gabriel Rodríguez Barrotti,Uruguay,77,101.0,13.0,Complete,High Pass
8649,Diego Sebastián Laxalt Suárez,Uruguay,77,108.0,6.0,Incomplete,High Pass
8649,Paul Pogba,France,77,10.0,73.0,Incomplete,High Pass
8649,Diego Roberto Godín Leal,Uruguay,77,71.0,12.0,Incomplete,High Pass
8649,N'Golo Kanté,France,77,30.0,55.0,Complete,Ground Pass
8649,Antoine Griezmann,France,77,34.0,62.0,Incomplete,Low Pass
8649,Lucas Torreira Di Pascua,Uruguay,77,72.0,15.0,Complete,Ground Pass
8649,José Martín Cáceres Silva,Uruguay,77,72.0,57.0,Complete,Ground Pass
8649,Jonathan Matías Urretaviscaya da Luz,Uruguay,77,94.0,77.0,Incomplete,Low Pass
8649,José Martín Cáceres Silva,Uruguay,77,103.0,80.0,Incomplete,High Pass
8649,Jonathan Matías Urretaviscaya da Luz,Uruguay,78,91.0,69.0,Complete,Ground Pass
8649,José Martín Cáceres Silva,Uruguay,78,102.0,78.0,Incomplete,High Pass
8649,Olivier Giroud,France,79,80.0,34.0,Unknown,High Pass
8649,Lucas Torreira Di Pascua,Uruguay,79,39.0,30.0,Complete,Ground Pass
8649,Diego Sebastián Laxalt Suárez,Uruguay,79,24.0,22.0,Incomplete,High Pass
8649,Benjamin Pavard,France,79,56.0,62.0,Complete,Low Pass
8649,Steven N'Kemboanza Mike Christopher Nzonzi,France,79,57.0,56.0,Complete,High Pass
8649,Benjamin Pavard,France,79,57.0,66.0,Complete,Low Pass
8649,Diego Roberto Godín Leal,Uruguay,79,26.0,9.0,Complete,Ground Pass
8649,Néstor Fernando Muslera Micol,Uruguay,80,26.0,53.0,Incomplete,High Pass
8649,Samuel Yves Umtiti,France,80,26.0,38.0,Incomplete,High Pass
8649,Kylian Mbappé Lottin,France,80,55.0,55.0,Complete,High Pass
8649,Antoine Griezmann,France,80,68.0,76.0,Complete,Ground Pass
8649,Paul Pogba,France,80,64.0,52.0,Complete,Ground Pass
8649,Lucas Hernández Pi,France,80,56.0,18.0,Complete,Ground Pass
8649,Steven N'Kemboanza Mike Christopher Nzonzi,France,80,61.0,28.0,Complete,Ground Pass
8649,Samuel Yves Umtiti,France,80,37.0,24.0,Complete,Ground Pass
8649,Hugo Lloris,France,80,13.0,37.0,Complete,High Pass
8649,Diego Sebastián Laxalt Suárez,Uruguay,80,59.0,1.0,Complete,High Pass
8649,Diego Roberto Godín Leal,Uruguay,80,51.0,27.0,Incomplete,High Pass
8649,Steven N'Kemboanza Mike Christopher Nzonzi,France,80,26.0,25.0,Incomplete,High Pass
8649,Jonathan Matías Urretaviscaya da Luz,Uruguay,80,92.0,63.0,Incomplete,Ground Pass
8649,Lucas Hernández Pi,France,81,23.0,20.0,Complete,Ground Pass
8649,Jonathan Matías Urretaviscaya da Luz,Uruguay,81,89.0,63.0,Complete,Ground Pass
8649,Lucas Torreira Di Pascua,Uruguay,81,70.0,60.0,Incomplete,High Pass
8649,Samuel Yves Umtiti,France,81,20.0,31.0,Complete,High Pass
8649,Jonathan Matías Urretaviscaya da Luz,Uruguay,81,29.0,78.0,Complete,Ground Pass
8649,Lucas Torreira Di Pascua,Uruguay,81,53.0,46.0,Complete,High Pass
8649,Jonathan Matías Urretaviscaya da Luz,Uruguay,81,89.0,60.0,Complete,Ground Pass
8649,Lucas Torreira Di Pascua,Uruguay,81,74.0,47.0,Complete,High Pass
8649,José Martín Cáceres Silva,Uruguay,81,103.0,78.0,Out,High Pass
8649,Diego Sebastián Laxalt Suárez,Uruguay,82,37.0,5.0,Complete,High Pass
8649,Maximiliano Gómez González,Uruguay,82,72.0,19.0,Incomplete,High Pass
8649,Benjamin Pavard,France,82,40.0,73.0,Complete,Low Pass
8649,Paul Pogba,France,82,51.0,70.0,Complete,Ground Pass
8649,Steven N'Kemboanza Mike Christopher Nzonzi,France,82,55.0,61.0,Complete,Ground Pass
8649,Benjamin Pavard,France,82,57.0,78.0,Complete,Ground Pass
8649,Olivier Giroud,France,82,66.0,75.0,Complete,Ground Pass
8649,Benjamin Pavard,France,82,60.0,75.0,Complete,Ground Pass
8649,Paul Pogba,France,82,61.0,64.0,Complete,Ground Pass
8649,Olivier Giroud,France,82,68.0,73.0,Incomplete,Ground Pass
8649,Cristian Gabriel Rodríguez Barrotti,Uruguay,82,54.0,8.0,Incomplete,Ground Pass
8649,Benjamin Pavard,France,82,60.0,69.0,Complete,Ground Pass
8649,Hugo Lloris,France,82,20.0,48.0,Incomplete,High Pass
8649,Diego Roberto Godín Leal,Uruguay,82,47.0,30.0,Complete,Ground Pass
8649,Lucas Torreira Di Pascua,Uruguay,82,47.0,35.0,Complete,Ground Pass
8649,José Martín Cáceres Silva,Uruguay,82,54.0,66.0,Complete,Ground Pass
8649,Hugo Lloris,France,83,7.0,37.0,Incomplete,High Pass
8649,Diego Roberto Godín Leal,Uruguay,83,63.0,71.0,Complete,Ground Pass
8649,Matías Vecino Falero,Uruguay,83,70.0,55.0,Complete,High Pass
8649,Cristian Gabriel Rodríguez Barrotti,Uruguay,84,99.0,19.0,Incomplete,Low Pass
8649,Steven N'Kemboanza Mike Christopher Nzonzi,France,84,26.0,49.0,Complete,Ground Pass
8649,Paul Pogba,France,84,53.0,79.0,Complete,Ground Pass
8649,Steven N'Kemboanza Mike Christopher Nzonzi,France,84,48.0,75.0,Complete,Ground Pass
8649,Antoine Griezmann,France,84,46.0,55.0,Complete,Low Pass
8649,Lucas Hernández Pi,France,84,56.0,5.0,Complete,Ground Pass
8649,N'Golo Kanté,France,84,58.0,26.0,Complete,Ground Pass
8649,Samuel Yves Umtiti,France,84,52.0,30.0,Complete,Ground Pass
8649,Steven N'Kemboanza Mike Christopher Nzonzi,France,84,56.0,39.0,Complete,Ground Pass
8649,Antoine Griezmann,France,84,66.0,39.0,Complete,Ground Pass
8649,Raphaël Varane,France,84,52.0,59.0,Complete,Ground Pass
8649,Benjamin Pavard,France,84,56.0,68.0,Complete,Ground Pass
8649,Paul Pogba,France,84,72.0,78.0,Complete,Ground Pass
8649,Benjamin Pavard,France,84,60.0,74.0,Complete,Ground Pass
8649,Steven N'Kemboanza Mike Christopher Nzonzi,France,84,62.0,58.0,Complete,Ground Pass
8649,Raphaël Varane,France,84,48.0,54.0,Complete,Ground Pass
8649,N'Golo Kanté,France,84,65.0,31.0,Complete,Ground Pass
8649,Lucas Hernández Pi,France,84,62.0,9.0,Complete,Ground Pass
8649,Steven N'Kemboanza Mike Christopher Nzonzi,France,84,55.0,33.0,Complete,Ground Pass
8649,Samuel Yves Umtiti,France,84,39.0,25.0,Complete,Ground Pass
8649,Hugo Lloris,France,84,15.0,35.0,Complete,High Pass
8649,Paul Pogba,France,85,52.0,75.0,Complete,Ground Pass
8649,Raphaël Varane,France,85,43.0,63.0,Complete,Ground Pass
8649,N'Golo Kanté,France,85,62.0,40.0,Complete,Ground Pass
8649,Antoine Griezmann,France,85,67.0,33.0,Complete,Ground Pass
8649,Lucas Hernández Pi,France,85,77.0,10.0,Complete,Ground Pass
8649,Olivier Giroud,France,85,94.0,9.0,Complete,Ground Pass
8649,Antoine Griezmann,France,85,79.0,25.0,Complete,Ground Pass
8649,Steven N'Kemboanza Mike Christopher Nzonzi,France,85,67.0,40.0,Complete,Ground Pass
8649,Paul Pogba,France,85,89.0,60.0,Complete,Ground Pass
8649,Benjamin Pavard,France,85,101.0,71.0,Complete,Ground Pass
8649,Steven N'Kemboanza Mike Christopher Nzonzi,France,85,80.0,65.0,Complete,Ground Pass
8649,Antoine Griezmann,France,85,87.0,40.0,Complete,Ground Pass
8649,N'Golo Kanté,France,85,97.0,13.0,Complete,Ground Pass
8649,Lucas Hernández Pi,France,85,90.0,23.0,Complete,Ground Pass
8649,Antoine Griezmann,France,85,91.0,14.0,Complete,Ground Pass
8649,Lucas Hernández Pi,France,86,102.0,2.0,Complete,Low Pass
8649,N'Golo Kanté,France,86,90.0,11.0,Complete,Ground Pass
8649,Steven N'Kemboanza Mike Christopher Nzonzi,France,86,84.0,19.0,Complete,Ground Pass
8649,Benjamin Pavard,France,86,83.0,71.0,Complete,Ground Pass
8649,Cristian Gabriel Rodríguez Barrotti,Uruguay,86,47.0,19.0,Complete,Ground Pass
8649,Luis Alberto Suárez Díaz,Uruguay,86,64.0,12.0,Out,Low Pass
8649,Hugo Lloris,France,87,7.0,42.0,Incomplete,High Pass
8649,Matías Vecino Falero,Uruguay,87,57.0,27.0,Incomplete,High Pass
8649,N'Golo Kanté,France,87,58.0,50.0,Complete,Ground Pass
8649,Paul Pogba,France,87,66.0,54.0,Complete,Ground Pass
8649,Antoine Griezmann,France,87,80.0,47.0,Complete,Ground Pass
8649,Ousmane Dembélé,France,87,82.0,67.0,Complete,Ground Pass
8649,Néstor Fernando Muslera Micol,Uruguay,88,7.0,45.0,Incomplete,High Pass
8649,Paul Pogba,France,88,44.0,28.0,Incomplete,High Pass
8649,José Martín Cáceres Silva,Uruguay,89,60.0,59.0,Unknown,High Pass
8649,Jonathan Matías Urretaviscaya da Luz,Uruguay,89,80.0,61.0,Incomplete,High Pass
8649,Jonathan Matías Urretaviscaya da Luz,Uruguay,89,103.0,80.0,Incomplete,High Pass
8649,Jonathan Matías Urretaviscaya da Luz,Uruguay,89,102.0,80.0,Complete,Low Pass
8649,Diego Sebastián Laxalt Suárez,Uruguay,90,91.0,69.0,Complete,Ground Pass
8649,Jonathan Matías Urretaviscaya da Luz,Uruguay,90,96.0,78.0,Incomplete,High Pass
8649,Lucas Hernández Pi,France,90,22.0,20.0,Complete,High Pass
8649,Olivier Giroud,France,90,21.0,29.0,Incomplete,High Pass
8649,José Martín Cáceres Silva,Uruguay,90,76.0,65.0,Complete,High Pass
8649,Jonathan Matías Urretaviscaya da Luz,Uruguay,90,87.0,78.0,Complete,Ground Pass
8649,Lucas Torreira Di Pascua,Uruguay,90,110.0,79.0,Incomplete,Low Pass
8649,José Martín Cáceres Silva,Uruguay,90,111.0,80.0,Incomplete,High Pass
8649,Ousmane Dembélé,France,90,21.0,21.0,Incomplete,Low Pass
8649,Lucas Torreira Di Pascua,Uruguay,90,80.0,50.0,Complete,Low Pass
8649,José María Giménez de Vargas,Uruguay,90,88.0,72.0,Incomplete,Low Pass
8649,Steven N'Kemboanza Mike Christopher Nzonzi,France,90,20.0,26.0,Complete,High Pass
8649,Ousmane Dembélé,France,90,36.0,27.0,Complete,Ground Pass
8649,Lucas Hernández Pi,France,90,32.0,23.0,Unknown,High Pass
8649,Hugo Lloris,France,91,38.0,24.0,Out,High Pass
8649,Diego Roberto Godín Leal,Uruguay,91,25.0,1.0,Complete,High Pass
8649,Luis Alberto Suárez Díaz,Uruguay,91,50.0,4.0,Complete,Low Pass
8649,Cristian Gabriel Rodríguez Barrotti,Uruguay,91,69.0,16.0,Incomplete,Ground Pass
8649,Raphaël Varane,France,91,19.0,58.0,Complete,Ground Pass
8649,Hugo Lloris,France,91,9.0,41.0,Complete,High Pass
8649,Nabil Fekir,France,92,72.0,75.0,Complete,Ground Pass
8649,Paul Pogba,France,92,74.0,79.0,Complete,Ground Pass
8649,José María Giménez de Vargas,Uruguay,92,92.0,46.0,Incomplete,High Pass
8649,Raphaël Varane,France,92,18.0,46.0,Incomplete,High Pass
8649,José María Giménez de Vargas,Uruguay,93,93.0,32.0,Incomplete,High Pass
8649,Raphaël Varane,France,93,24.0,50.0,Complete,High Pass
8649,Matías Vecino Falero,Uruguay,93,57.0,80.0,Complete,High Pass
8649,Néstor Fernando Muslera Micol,Uruguay,93,35.0,72.0,Incomplete,High Pass
8649,José Martín Cáceres Silva,Uruguay,93,70.0,60.0,Unknown,High Pass
8649,Paul Pogba,France,93,49.0,31.0,Incomplete,High Pass
8649,Diego Roberto Godín Leal,Uruguay,93,61.0,43.0,Incomplete,High Pass
8649,Raphaël Varane,France,93,26.0,42.0,Incomplete,High Pass
8649,José Martín Cáceres Silva,Uruguay,93,72.0,45.0,Complete,Ground Pass
8649,Matías Vecino Falero,Uruguay,93,66.0,44.0,Complete,Ground Pass
8649,Lucas Torreira Di Pascua,Uruguay,93,64.0,35.0,Complete,High Pass
8649,José Martín Cáceres Silva,Uruguay,93,106.0,43.0,Incomplete,High Pass
8649,José María Giménez de Vargas,Uruguay,93,90.0,58.0,Complete,Low Pass
8649,Jonathan Matías Urretaviscaya da Luz,Uruguay,93,93.0,67.0,Out,High Pass
8649,Hugo Lloris,France,94,6.0,43.0,Complete,High Pass
8649,Olivier Giroud,France,94,61.0,60.0,Incomplete,High Pass
8649,Diego Sebastián Laxalt Suárez,Uruguay,94,40.0,21.0,Incomplete,High Pass
8649,Raphaël Varane,France,94,34.0,49.0,Incomplete,Low Pass
8649,Jonathan Matías Urretaviscaya da Luz,Uruguay,94,82.0,45.0,Complete,Ground Pass
8649,Cristian Gabriel Rodríguez Barrotti,Uruguay,94,90.0,19.0,Incomplete,High Pass
8649,Jonathan Matías Urretaviscaya da Luz,Uruguay,94,91.0,78.0,Complete,Ground Pass
8649,Matías Vecino Falero,Uruguay,94,112.0,76.0,Incomplete,High Pass
8649,Hugo Lloris,France,94,12.0,37.0,Complete,High Pass
8649,Paul Pogba,France,94,45.0,35.0,Complete,Ground Pass
8655,Antoine Griezmann,France,0,60.0,41.0,Complete,Ground Pass
8655,Raphaël Varane,France,0,38.0,50.0,Complete,Ground Pass
8655,Benjamin Pavard,France,0,50.0,72.0,Complete,Ground Pass
8655,Kylian Mbappé Lottin,France,0,105.0,74.0,Complete,Ground Pass
8655,Kevin De Bruyne,Belgium,0,20.0,35.0,Incomplete,High Pass
8655,Benjamin Pavard,France,0,78.0,61.0,Complete,High Pass
8655,Blaise Matuidi,France,0,92.0,52.0,Incomplete,High Pass
8655,Paul Pogba,France,0,84.0,58.0,Incomplete,High Pass
8655,Axel Witsel,Belgium,0,36.0,20.0,Complete,Low Pass
8655,Jan Vertonghen,Belgium,0,22.0,8.0,Out,High Pass
8655,Benjamin Pavard,France,0,71.0,80.0,Complete,Low Pass
8655,Raphaël Varane,France,0,49.0,69.0,Complete,Ground Pass
8655,Samuel Yves Umtiti,France,0,56.0,32.0,Complete,Ground Pass
8655,Lucas Hernández Pi,France,0,62.0,2.0,Complete,Ground Pass
8655,Samuel Yves Umtiti,France,0,49.0,12.0,Complete,Ground Pass
8655,Raphaël Varane,France,1,56.0,53.0,Complete,Ground Pass
8655,Benjamin Pavard,France,1,74.0,76.0,Complete,Ground Pass
8655,Paul Pogba,France,1,69.0,64.0,Complete,Ground Pass
8655,Benjamin Pavard,France,1,62.0,70.0,Complete,Ground Pass
8655,Raphaël Varane,France,1,58.0,55.0,Complete,Ground Pass
8655,N'Golo Kanté,France,1,52.0,40.0,Complete,Ground Pass
8655,Raphaël Varane,France,1,59.0,53.0,Complete,Ground Pass
8655,Benjamin Pavard,France,1,69.0,78.0,Complete,Ground Pass
8655,Kylian Mbappé Lottin,France,1,68.0,74.0,Complete,Ground Pass
8655,Raphaël Varane,France,1,51.0,75.0,Complete,Ground Pass
8655,N'Golo Kanté,France,1,48.0,43.0,Complete,Ground Pass
8655,Samuel Yves Umtiti,France,1,50.0,28.0,Complete,Ground Pass
8655,N'Golo Kanté,France,1,32.0,40.0,Complete,Ground Pass
8655,Raphaël Varane,France,1,41.0,55.0,Complete,Ground Pass
8655,N'Golo Kanté,France,1,32.0,55.0,Complete,High Pass
8655,Benjamin Pavard,France,1,55.0,78.0,Complete,Ground Pass
8655,Raphaël Varane,France,1,33.0,75.0,Complete,Ground Pass
8655,Hugo Lloris,France,1,14.0,42.0,Complete,Ground Pass
8655,Raphaël Varane,France,2,22.0,64.0,Complete,Ground Pass
8655,Benjamin Pavard,France,2,47.0,77.0,Complete,Ground Pass
8655,Olivier Giroud,France,2,63.0,56.0,Incomplete,Ground Pass
8655,Kevin De Bruyne,Belgium,2,65.0,37.0,Incomplete,Ground Pass
8655,N'Golo Kanté,France,2,47.0,53.0,Complete,High Pass
8655,Lucas Hernández Pi,France,2,57.0,5.0,Complete,Ground Pass
8655,N'Golo Kanté,France,2,53.0,25.0,Complete,Ground Pass
8655,Samuel Yves Umtiti,France,2,44.0,19.0,Complete,Ground Pass
8655,Raphaël Varane,France,2,56.0,55.0,Complete,Ground Pass
8655,N'Golo Kanté,France,2,44.0,42.0,Complete,High Pass
8655,Benjamin Pavard,France,2,75.0,78.0,Incomplete,Ground Pass
8655,Jan Vertonghen,Belgium,2,60.0,12.0,Complete,Ground Pass
8655,Eden Hazard,Belgium,2,76.0,7.0,Complete,Ground Pass
8655,Jan Vertonghen,Belgium,2,86.0,32.0,Complete,Ground Pass
8655,Kevin De Bruyne,Belgium,2,89.0,47.0,Complete,Ground Pass
8655,Nacer Chadli,Belgium,2,106.0,66.0,Incomplete,Low Pass
8655,Nacer Chadli,Belgium,3,106.0,79.0,Complete,High Pass
8655,Kevin De Bruyne,Belgium,3,97.0,79.0,Complete,Ground Pass
8655,Toby Alderweireld,Belgium,3,67.0,63.0,Complete,Ground Pass
8655,Mousa Sidi Yaya Dembélé,Belgium,3,68.0,42.0,Complete,Ground Pass
8655,Eden Hazard,Belgium,3,76.0,41.0,Complete,Ground Pass
8655,Mousa Sidi Yaya Dembélé,Belgium,3,65.0,35.0,Complete,Ground Pass
8655,Eden Hazard,Belgium,3,78.0,41.0,Complete,Ground Pass
8655,Kevin De Bruyne,Belgium,3,84.0,67.0,Complete,Ground Pass
8655,Nacer Chadli,Belgium,3,114.0,74.0,Incomplete,High Pass
8655,Kevin De Bruyne,Belgium,3,100.0,61.0,Complete,High Pass
8655,Marouane Fellaini-Bakkioui,Belgium,3,113.0,4.0,Complete,Ground Pass
8655,Mousa Sidi Yaya Dembélé,Belgium,3,89.0,25.0,Complete,Low Pass
8655,Axel Witsel,Belgium,3,83.0,55.0,Complete,Ground Pass
8655,Toby Alderweireld,Belgium,3,50.0,72.0,Complete,Ground Pass
8655,Vincent Kompany,Belgium,4,44.0,41.0,Complete,Ground Pass
8655,Jan Vertonghen,Belgium,4,53.0,26.0,Complete,Ground Pass
8655,Toby Alderweireld,Belgium,4,54.0,53.0,Complete,Ground Pass
8655,Nacer Chadli,Belgium,4,69.0,77.0,Complete,Ground Pass
8655,Axel Witsel,Belgium,4,55.0,74.0,Complete,Ground Pass
8655,Vincent Kompany,Belgium,4,45.0,41.0,Complete,Ground Pass
8655,Jan Vertonghen,Belgium,4,53.0,23.0,Complete,Ground Pass
8655,Toby Alderweireld,Belgium,4,60.0,60.0,Complete,Ground Pass
8655,Nacer Chadli,Belgium,4,71.0,78.0,Complete,Ground Pass
8655,Toby Alderweireld,Belgium,4,56.0,52.0,Complete,Ground Pass
8655,Nacer Chadli,Belgium,4,88.0,76.0,Complete,Ground Pass
8655,Axel Witsel,Belgium,4,73.0,76.0,Complete,Ground Pass
8655,Toby Alderweireld,Belgium,4,61.0,58.0,Complete,Ground Pass
8655,Vincent Kompany,Belgium,4,53.0,36.0,Complete,Ground Pass
8655,Jan Vertonghen,Belgium,4,62.0,24.0,Complete,Ground Pass
8655,Toby Alderweireld,Belgium,4,60.0,49.0,Complete,Low Pass
8655,Nacer Chadli,Belgium,4,83.0,79.0,Complete,Ground Pass
8655,Kevin De Bruyne,Belgium,5,81.0,72.0,Complete,Ground Pass
8655,Nacer Chadli,Belgium,5,79.0,79.0,Complete,Ground Pass
8655,Axel Witsel,Belgium,5,63.0,48.0,Complete,Ground Pass
8655,Jan Vertonghen,Belgium,5,67.0,21.0,Complete,Ground Pass
8655,Eden Hazard,Belgium,5,114.0,16.0,Incomplete,Ground Pass
8655,Nacer Chadli,Belgium,6,120.0,2.0,Out,High Pass
8655,Hugo Lloris,France,6,7.0,43.0,Incomplete,High Pass
8655,Axel Witsel,Belgium,6,43.0,39.0,Incomplete,High Pass
8655,Lucas Hernández Pi,France,6,55.0,28.0,Incomplete,Ground Pass
8655,Nacer Chadli,Belgium,6,56.0,79.0,Complete,High Pass
8655,Toby Alderweireld,Belgium,6,33.0,73.0,Complete,Ground Pass
8655,Vincent Kompany,Belgium,7,43.0,44.0,Complete,Ground Pass
8655,Nacer Chadli,Belgium,7,69.0,78.0,Complete,Ground Pass
8655,Toby Alderweireld,Belgium,7,70.0,67.0,Complete,Ground Pass
8655,Nacer Chadli,Belgium,7,82.0,80.0,Complete,Ground Pass
8655,Toby Alderweireld,Belgium,7,65.0,75.0,Complete,Ground Pass
8655,Axel Witsel,Belgium,7,64.0,68.0,Complete,Ground Pass
8655,Vincent Kompany,Belgium,7,46.0,41.0,Complete,Ground Pass
8655,Jan Vertonghen,Belgium,7,58.0,21.0,Complete,Ground Pass
8655,Marouane Fellaini-Bakkioui,Belgium,7,75.0,20.0,Complete,Ground Pass
8655,Kevin De Bruyne,Belgium,7,79.0,27.0,Complete,Ground Pass
8655,Vincent Kompany,Belgium,7,52.0,28.0,Complete,Ground Pass
8655,Toby Alderweireld,Belgium,7,61.0,50.0,Complete,High Pass
8655,Eden Hazard,Belgium,7,81.0,3.0,Complete,Ground Pass
8655,Jan Vertonghen,Belgium,7,68.0,20.0,Complete,Ground Pass
8655,Vincent Kompany,Belgium,7,64.0,42.0,Complete,Low Pass
8655,Nacer Chadli,Belgium,7,80.0,78.0,Complete,Ground Pass
8655,Axel Witsel,Belgium,8,70.0,69.0,Complete,Ground Pass
8655,Vincent Kompany,Belgium,8,55.0,42.0,Complete,Ground Pass
8655,Mousa Sidi Yaya Dembélé,Belgium,8,57.0,46.0,Complete,Ground Pass
8655,Axel Witsel,Belgium,8,69.0,72.0,Complete,Ground Pass
8655,Nacer Chadli,Belgium,8,81.0,77.0,Complete,Ground Pass
8655,Axel Witsel,Belgium,8,67.0,73.0,Complete,Ground Pass
8655,Vincent Kompany,Belgium,8,60.0,44.0,Complete,Ground Pass
8655,Jan Vertonghen,Belgium,8,62.0,22.0,Complete,Ground Pass
8655,Marouane Fellaini-Bakkioui,Belgium,8,70.0,28.0,Complete,Ground Pass
8655,Jan Vertonghen,Belgium,8,62.0,23.0,Complete,Ground Pass
8655,Toby Alderweireld,Belgium,8,58.0,47.0,Complete,High Pass
8655,Nacer Chadli,Belgium,8,94.0,60.0,Complete,Ground Pass
8655,Kevin De Bruyne,Belgium,8,83.0,65.0,Complete,Low Pass
8655,Vincent Kompany,Belgium,8,61.0,38.0,Complete,Ground Pass
8655,Jan Vertonghen,Belgium,8,66.0,26.0,Complete,Ground Pass
8655,Vincent Kompany,Belgium,8,65.0,31.0,Incomplete,Low Pass
8655,Benjamin Pavard,France,8,64.0,75.0,Incomplete,Ground Pass
8655,Axel Witsel,Belgium,8,55.0,37.0,Complete,Ground Pass
8655,Marouane Fellaini-Bakkioui,Belgium,8,57.0,29.0,Complete,Ground Pass
8655,Kevin De Bruyne,Belgium,9,66.0,29.0,Out,Ground Pass
8655,Samuel Yves Umtiti,France,9,17.0,18.0,Complete,Ground Pass
8655,Hugo Lloris,France,9,11.0,36.0,Complete,Ground Pass
8655,Raphaël Varane,France,9,35.0,69.0,Complete,High Pass
8655,Jan Vertonghen,Belgium,9,40.0,16.0,Incomplete,Low Pass
8655,Benjamin Pavard,France,9,58.0,65.0,Complete,Ground Pass
8655,Blaise Matuidi,France,9,65.0,52.0,Complete,Ground Pass
8655,Antoine Griezmann,France,9,89.0,34.0,Complete,Ground Pass
8655,Lucas Hernández Pi,France,9,106.0,4.0,Incomplete,High Pass
8655,Paul Pogba,France,9,88.0,33.0,Incomplete,High Pass
8655,Mousa Sidi Yaya Dembélé,Belgium,10,23.0,55.0,Complete,Ground Pass
8655,Marouane Fellaini-Bakkioui,Belgium,10,31.0,53.0,Complete,Ground Pass
8655,Blaise Matuidi,France,10,82.0,19.0,Complete,Ground Pass
8655,N'Golo Kanté,France,10,77.0,31.0,Complete,Ground Pass
8655,Paul Pogba,France,10,82.0,19.0,Complete,High Pass
8655,Kylian Mbappé Lottin,France,10,111.0,31.0,Incomplete,High Pass
8655,Mousa Sidi Yaya Dembélé,Belgium,10,39.0,32.0,Complete,Ground Pass
8655,Eden Hazard,Belgium,10,47.0,32.0,Complete,Ground Pass
8655,Axel Witsel,Belgium,10,66.0,71.0,Complete,Ground Pass
8655,Eden Hazard,Belgium,10,64.0,52.0,Complete,Low Pass
8655,Marouane Fellaini-Bakkioui,Belgium,10,79.0,21.0,Incomplete,Ground Pass
8655,Jan Vertonghen,Belgium,10,84.0,3.0,Complete,High Pass
8655,Vincent Kompany,Belgium,10,56.0,16.0,Complete,Ground Pass
8655,Toby Alderweireld,Belgium,10,59.0,51.0,Complete,Ground Pass
8655,Nacer Chadli,Belgium,10,76.0,77.0,Complete,Ground Pass
8655,Toby Alderweireld,Belgium,11,65.0,59.0,Complete,Ground Pass
8655,Vincent Kompany,Belgium,11,53.0,38.0,Complete,Ground Pass
8655,Mousa Sidi Yaya Dembélé,Belgium,11,61.0,26.0,Complete,Ground Pass
8655,Vincent Kompany,Belgium,11,54.0,41.0,Complete,Ground Pass
8655,Axel Witsel,Belgium,11,68.0,42.0,Complete,Ground Pass
8655,Mousa Sidi Yaya Dembélé,Belgium,11,76.0,30.0,Incomplete,Ground Pass
8655,Raphaël Varane,France,11,32.0,50.0,Incomplete,High Pass
8655,Thibaut Courtois,Belgium,11,27.0,69.0,Complete,Ground Pass
8655,Toby Alderweireld,Belgium,11,44.0,61.0,Complete,Ground Pass
8655,Vincent Kompany,Belgium,11,46.0,41.0,Complete,Ground Pass
8655,Jan Vertonghen,Belgium,11,56.0,20.0,Complete,Ground Pass
8655,Romelu Lukaku Menama,Belgium,11,70.0,17.0,Complete,Ground Pass
8655,Olivier Giroud,France,11,48.0,53.0,Complete,Ground Pass
8655,Benjamin Pavard,France,11,40.0,52.0,Complete,Ground Pass
8655,Samuel Yves Umtiti,France,11,28.0,41.0,Complete,Ground Pass
8655,Axel Witsel,Belgium,11,73.0,40.0,Complete,Ground Pass
8655,Mousa Sidi Yaya Dembélé,Belgium,11,65.0,31.0,Complete,Ground Pass
8655,Toby Alderweireld,Belgium,11,61.0,52.0,Complete,Ground Pass
8655,Nacer Chadli,Belgium,11,75.0,78.0,Complete,Ground Pass
8655,Kevin De Bruyne,Belgium,11,73.0,72.0,Complete,Ground Pass
8655,Nacer Chadli,Belgium,11,73.0,80.0,Complete,Ground Pass
8655,Axel Witsel,Belgium,11,75.0,63.0,Complete,Ground Pass
8655,Vincent Kompany,Belgium,11,56.0,41.0,Complete,Ground Pass
8655,Toby Alderweireld,Belgium,12,78.0,62.0,Complete,Ground Pass
8655,Nacer Chadli,Belgium,12,96.0,74.0,Incomplete,Ground Pass
8655,N'Golo Kanté,France,12,28.0,19.0,Complete,Ground Pass
8655,Antoine Griezmann,France,12,35.0,17.0,Complete,Ground Pass
8655,Paul Pogba,France,12,57.0,33.0,Incomplete,Low Pass
8655,Vincent Kompany,Belgium,12,36.0,32.0,Complete,Ground Pass
8655,Axel Witsel,Belgium,12,50.0,31.0,Complete,Ground Pass
8655,Marouane Fellaini-Bakkioui,Belgium,12,57.0,23.0,Complete,Ground Pass
8655,Marouane Fellaini-Bakkioui,Belgium,12,56.0,15.0,Complete,Ground Pass
8655,Jan Vertonghen,Belgium,12,40.0,17.0,Complete,Ground Pass
8655,Vincent Kompany,Belgium,12,38.0,38.0,Complete,Ground Pass
8655,Nacer Chadli,Belgium,12,68.0,79.0,Complete,Ground Pass
8655,Toby Alderweireld,Belgium,12,58.0,72.0,Complete,Ground Pass
8655,Kevin De Bruyne,Belgium,12,69.0,68.0,Complete,Ground Pass
8655,Toby Alderweireld,Belgium,12,54.0,71.0,Complete,Ground Pass
8655,Nacer Chadli,Belgium,12,70.0,79.0,Complete,Ground Pass
8655,Toby Alderweireld,Belgium,12,58.0,74.0,Complete,Ground Pass
8655,Vincent Kompany,Belgium,12,52.0,49.0,Complete,Ground Pass
8655,Jan Vertonghen,Belgium,12,68.0,31.0,Out,High Pass
8655,Lucas Hernández Pi,France,13,24.0,1.0,Complete,High Pass
8655,Nacer Chadli,Belgium,13,74.0,79.0,Complete,High Pass
8655,Toby Alderweireld,Belgium,13,60.0,79.0,Pass Offside,High Pass
8655,Samuel Yves Umtiti,France,13,26.0,17.0,Complete,Ground Pass
8655,Raphaël Varane,France,13,34.0,50.0,Complete,Ground Pass
8655,Benjamin Pavard,France,13,42.0,76.0,Complete,Ground Pass
8655,Kylian Mbappé Lottin,France,13,54.0,77.0,Complete,Ground Pass
8655,Paul Pogba,France,13,61.0,72.0,Complete,Ground Pass
8655,Benjamin Pavard,France,13,46.0,71.0,Complete,Ground Pass
8655,Samuel Yves Umtiti,France,14,64.0,27.0,Complete,Ground Pass
8655,Blaise Matuidi,France,14,77.0,25.0,Complete,Low Pass
8655,Lucas Hernández Pi,France,14,83.0,3.0,Complete,Ground Pass
8655,Antoine Griezmann,France,14,80.0,12.0,Complete,Ground Pass
8655,N'Golo Kanté,France,14,69.0,6.0,Complete,Ground Pass
8655,Blaise Matuidi,France,14,91.0,14.0,Complete,Low Pass
8655,Axel Witsel,Belgium,14,32.0,65.0,Complete,High Pass
8655,Kevin De Bruyne,Belgium,14,87.0,59.0,Incomplete,Ground Pass
8655,Raphaël Varane,France,14,22.0,29.0,Complete,High Pass
8655,Lucas Hernández Pi,France,14,32.0,20.0,Complete,High Pass
8655,Samuel Yves Umtiti,France,14,26.0,23.0,Complete,Low Pass
8655,Blaise Matuidi,France,14,40.0,2.0,Complete,Ground Pass
8655,Paul Pogba,France,14,23.0,4.0,Complete,Ground Pass
8655,Raphaël Varane,France,14,12.0,46.0,Complete,Ground Pass
8655,Hugo Lloris,France,14,4.0,40.0,Incomplete,High Pass
8655,Mousa Sidi Yaya Dembélé,Belgium,14,75.0,17.0,Complete,High Pass
8655,Kevin De Bruyne,Belgium,14,98.0,19.0,Complete,Low Pass
8655,Hugo Lloris,France,15,7.0,43.0,Complete,High Pass
8655,Olivier Giroud,France,15,72.0,41.0,Incomplete,Low Pass
8655,Jan Vertonghen,Belgium,15,41.0,33.0,Complete,Ground Pass
8655,Toby Alderweireld,Belgium,15,32.0,58.0,Incomplete,Ground Pass
8655,Olivier Giroud,France,15,114.0,3.0,Complete,Low Pass
8655,Vincent Kompany,Belgium,16,22.0,40.0,Complete,Ground Pass
8655,Jan Vertonghen,Belgium,16,29.0,18.0,Complete,Ground Pass
8655,Vincent Kompany,Belgium,16,30.0,28.0,Complete,Ground Pass
8655,Toby Alderweireld,Belgium,16,39.0,60.0,Complete,Ground Pass
8655,Vincent Kompany,Belgium,16,43.0,39.0,Complete,Ground Pass
8655,Axel Witsel,Belgium,16,51.0,37.0,Complete,Ground Pass
8655,Jan Vertonghen,Belgium,16,52.0,23.0,Complete,Ground Pass
8655,Eden Hazard,Belgium,16,70.0,3.0,Complete,Ground Pass
8655,Raphaël Varane,France,16,43.0,60.0,Complete,Ground Pass
8655,N'Golo Kanté,France,16,55.0,52.0,Complete,Ground Pass
8655,Raphaël Varane,France,16,43.0,54.0,Complete,Ground Pass
8655,Samuel Yves Umtiti,France,17,56.0,27.0,Complete,Ground Pass
8655,Blaise Matuidi,France,17,65.0,27.0,Complete,Ground Pass
8655,Olivier Giroud,France,17,77.0,27.0,Complete,Ground Pass
8655,Lucas Hernández Pi,France,17,68.0,8.0,Complete,Ground Pass
8655,Antoine Griezmann,France,17,77.0,27.0,Complete,Ground Pass
8655,Paul Pogba,France,17,68.0,39.0,Complete,Ground Pass
8655,Benjamin Pavard,France,17,82.0,67.0,Complete,Ground Pass
8655,Benjamin Pavard,France,17,117.0,79.0,Complete,High Pass
8655,Olivier Giroud,France,17,117.0,52.0,Incomplete,High Pass
8655,N'Golo Kanté,France,17,95.0,48.0,Complete,Low Pass
8655,Nacer Chadli,Belgium,17,37.0,77.0,Complete,Ground Pass
8655,Toby Alderweireld,Belgium,17,29.0,62.0,Complete,Ground Pass
8655,Vincent Kompany,Belgium,18,24.0,37.0,Complete,Ground Pass
8655,Jan Vertonghen,Belgium,18,42.0,22.0,Complete,Ground Pass
8655,Mousa Sidi Yaya Dembélé,Belgium,18,67.0,27.0,Complete,Ground Pass
8655,Axel Witsel,Belgium,18,66.0,27.0,Complete,Ground Pass
8655,Jan Vertonghen,Belgium,18,54.0,25.0,Complete,Ground Pass
8655,Vincent Kompany,Belgium,18,52.0,42.0,Complete,Ground Pass
8655,Nacer Chadli,Belgium,18,104.0,68.0,Complete,High Pass
8655,Nacer Chadli,Belgium,19,120.0,79.0,Incomplete,High Pass
8655,Kylian Mbappé Lottin,France,19,29.0,22.0,Incomplete,High Pass
8655,Eden Hazard,Belgium,19,98.0,70.0,Complete,Ground Pass
8655,Nacer Chadli,Belgium,19,93.0,78.0,Complete,Ground Pass
8655,Toby Alderweireld,Belgium,19,93.0,70.0,Complete,Ground Pass
8655,Nacer Chadli,Belgium,19,89.0,77.0,Complete,Ground Pass
8655,Eden Hazard,Belgium,19,93.0,77.0,Complete,Ground Pass
8655,Nacer Chadli,Belgium,19,94.0,62.0,Complete,Ground Pass
8655,Kevin De Bruyne,Belgium,19,89.0,56.0,Incomplete,Low Pass
8655,Benjamin Pavard,France,19,41.0,74.0,Complete,Ground Pass
8655,Jan Vertonghen,Belgium,19,69.0,21.0,Complete,Ground Pass
8655,Eden Hazard,Belgium,19,82.0,34.0,Complete,Ground Pass
8655,Kevin De Bruyne,Belgium,19,93.0,14.0,Complete,Ground Pass
8655,Eden Hazard,Belgium,19,86.0,17.0,Complete,Ground Pass
8655,Kevin De Bruyne,Belgium,19,94.0,10.0,Complete,Ground Pass
8655,Eden Hazard,Belgium,19,88.0,18.0,Complete,Ground Pass
8655,Romelu Lukaku Menama,Belgium,19,95.0,30.0,Complete,Ground Pass
8655,Eden Hazard,Belgium,20,93.0,26.0,Complete,Ground Pass
8655,Mousa Sidi Yaya Dembélé,Belgium,20,77.0,54.0,Complete,Ground Pass
8655,Nacer Chadli,Belgium,20,96.0,65.0,Complete,Ground Pass
8655,Eden Hazard,Belgium,20,100.0,56.0,Complete,Ground Pass
8655,Axel Witsel,Belgium,20,86.0,41.0,Complete,Ground Pass
8655,Jan Vertonghen,Belgium,20,82.0,17.0,Complete,Ground Pass
8655,Kevin De Bruyne,Belgium,20,93.0,11.0,Incomplete,High Pass
8655,Nacer Chadli,Belgium,20,120.0,80.0,Incomplete,High Pass
8655,Marouane Fellaini-Bakkioui,Belgium,20,109.0,41.0,Complete,Ground Pass
8655,Nacer Chadli,Belgium,21,120.0,2.0,Unknown,High Pass
8655,Samuel Yves Umtiti,France,22,30.0,19.0,Complete,Ground Pass
8655,N'Golo Kanté,France,22,42.0,20.0,Complete,Ground Pass
8655,Samuel Yves Umtiti,France,22,36.0,20.0,Complete,Ground Pass
8655,Raphaël Varane,France,22,40.0,56.0,Complete,Ground Pass
8655,Benjamin Pavard,France,22,54.0,74.0,Complete,Ground Pass
8655,Kylian Mbappé Lottin,France,22,67.0,77.0,Complete,Ground Pass
8655,Olivier Giroud,France,22,71.0,69.0,Complete,Ground Pass
8655,Benjamin Pavard,France,22,56.0,69.0,Complete,Ground Pass
8655,Paul Pogba,France,22,59.0,58.0,Complete,Ground Pass
8655,Benjamin Pavard,France,22,54.0,69.0,Complete,Ground Pass
8655,Kylian Mbappé Lottin,France,22,65.0,78.0,Complete,Ground Pass
8655,Benjamin Pavard,France,22,56.0,70.0,Complete,Ground Pass
8655,N'Golo Kanté,France,22,57.0,55.0,Complete,Ground Pass
8655,Raphaël Varane,France,22,45.0,60.0,Complete,Ground Pass
8655,Samuel Yves Umtiti,France,22,57.0,27.0,Complete,High Pass
8655,Vincent Kompany,Belgium,23,34.0,41.0,Complete,Ground Pass
8655,Toby Alderweireld,Belgium,23,70.0,69.0,Incomplete,High Pass
8655,Benjamin Pavard,France,23,20.0,53.0,Complete,Low Pass
8655,Hugo Lloris,France,23,18.0,45.0,Complete,High Pass
8655,Olivier Giroud,France,23,87.0,22.0,Complete,High Pass
8655,N'Golo Kanté,France,23,76.0,36.0,Complete,Ground Pass
8655,Kylian Mbappé Lottin,France,23,82.0,69.0,Complete,Ground Pass
8655,Benjamin Pavard,France,23,89.0,76.0,Complete,Ground Pass
8655,Kylian Mbappé Lottin,France,23,78.0,71.0,Complete,Ground Pass
8655,N'Golo Kanté,France,23,68.0,55.0,Complete,Ground Pass
8655,Raphaël Varane,France,23,57.0,49.0,Complete,Ground Pass
8655,Samuel Yves Umtiti,France,23,67.0,29.0,Complete,Ground Pass
8655,Raphaël Varane,France,23,63.0,50.0,Complete,Ground Pass
8655,Benjamin Pavard,France,24,72.0,78.0,Complete,Ground Pass
8655,Paul Pogba,France,24,70.0,54.0,Complete,Ground Pass
8655,N'Golo Kanté,France,24,79.0,42.0,Complete,Ground Pass
8655,Blaise Matuidi,France,24,91.0,24.0,Complete,Ground Pass
8655,Olivier Giroud,France,24,95.0,33.0,Complete,Ground Pass
8655,Lucas Hernández Pi,France,24,104.0,17.0,Incomplete,High Pass
8655,Antoine Griezmann,France,24,119.0,2.0,Incomplete,High Pass
8655,Lucas Hernández Pi,France,24,88.0,6.0,Incomplete,Ground Pass
8655,Lucas Hernández Pi,France,25,100.0,2.0,Complete,Low Pass
8655,Antoine Griezmann,France,25,100.0,12.0,Complete,Ground Pass
8655,Lucas Hernández Pi,France,25,104.0,2.0,Complete,Ground Pass
8655,Toby Alderweireld,Belgium,25,14.0,63.0,Complete,Ground Pass
8655,Vincent Kompany,Belgium,25,20.0,42.0,Complete,Ground Pass
8655,Thibaut Courtois,Belgium,25,6.0,42.0,Complete,Ground Pass
8655,Toby Alderweireld,Belgium,25,23.0,64.0,Complete,Ground Pass
8655,Vincent Kompany,Belgium,25,47.0,42.0,Complete,Ground Pass
8655,Toby Alderweireld,Belgium,25,54.0,68.0,Complete,Ground Pass
8655,Nacer Chadli,Belgium,25,76.0,79.0,Complete,Ground Pass
8655,Toby Alderweireld,Belgium,26,63.0,70.0,Complete,Ground Pass
8655,Vincent Kompany,Belgium,26,58.0,45.0,Complete,Ground Pass
8655,Marouane Fellaini-Bakkioui,Belgium,26,72.0,32.0,Complete,Ground Pass
8655,Vincent Kompany,Belgium,26,68.0,44.0,Complete,Ground Pass
8655,Marouane Fellaini-Bakkioui,Belgium,26,67.0,30.0,Complete,Ground Pass
8655,Jan Vertonghen,Belgium,26,65.0,22.0,Complete,Ground Pass
8655,Mousa Sidi Yaya Dembélé,Belgium,26,69.0,45.0,Complete,Ground Pass
8655,Axel Witsel,Belgium,26,81.0,75.0,Complete,Ground Pass
8655,Nacer Chadli,Belgium,26,93.0,79.0,Complete,Ground Pass
8655,Axel Witsel,Belgium,26,82.0,77.0,Complete,Ground Pass
8655,Toby Alderweireld,Belgium,26,66.0,58.0,Complete,Ground Pass
8655,Vincent Kompany,Belgium,26,66.0,38.0,Complete,Ground Pass
8655,Jan Vertonghen,Belgium,26,68.0,22.0,Complete,Ground Pass
8655,Toby Alderweireld,Belgium,26,63.0,56.0,Complete,High Pass
8655,Lucas Hernández Pi,France,26,36.0,1.0,Complete,High Pass
8655,Olivier Giroud,France,26,52.0,4.0,Incomplete,Low Pass
8655,Marouane Fellaini-Bakkioui,Belgium,27,76.0,62.0,Incomplete,Ground Pass
8655,Benjamin Pavard,France,27,34.0,52.0,Complete,Ground Pass
8655,Marouane Fellaini-Bakkioui,Belgium,27,71.0,29.0,Complete,Ground Pass
8655,Eden Hazard,Belgium,27,94.0,25.0,Complete,Ground Pass
8655,Kevin De Bruyne,Belgium,27,112.0,18.0,Incomplete,Ground Pass
8655,Jan Vertonghen,Belgium,27,100.0,2.0,Incomplete,High Pass
8655,Benjamin Pavard,France,27,12.0,50.0,Unknown,Low Pass
8655,Raphaël Varane,France,27,30.0,60.0,Complete,Ground Pass
8655,Samuel Yves Umtiti,France,28,39.0,19.0,Complete,Ground Pass
8655,Lucas Hernández Pi,France,28,55.0,4.0,Complete,Ground Pass
8655,N'Golo Kanté,France,28,51.0,26.0,Complete,Ground Pass
8655,Samuel Yves Umtiti,France,28,43.0,17.0,Complete,Ground Pass
8655,Raphaël Varane,France,28,51.0,56.0,Complete,Ground Pass
8655,Benjamin Pavard,France,28,76.0,77.0,Complete,Ground Pass
8655,Kylian Mbappé Lottin,France,28,72.0,69.0,Complete,Ground Pass
8655,Raphaël Varane,France,28,68.0,55.0,Complete,High Pass
8655,Nacer Chadli,Belgium,28,1.0,78.0,Complete,Low Pass
8655,Axel Witsel,Belgium,28,31.0,64.0,Complete,Ground Pass
8655,Romelu Lukaku Menama,Belgium,28,48.0,57.0,Incomplete,Ground Pass
8655,Paul Pogba,France,28,65.0,40.0,Complete,Ground Pass
8655,Benjamin Pavard,France,28,76.0,55.0,Complete,High Pass
8655,Nacer Chadli,Belgium,29,25.0,80.0,Complete,High Pass
8655,Samuel Yves Umtiti,France,29,59.0,20.0,Complete,Low Pass
8655,N'Golo Kanté,France,29,70.0,30.0,Complete,Ground Pass
8655,Kylian Mbappé Lottin,France,29,70.0,53.0,Unknown,Ground Pass
8655,Antoine Griezmann,France,30,82.0,50.0,Complete,Ground Pass
8655,Benjamin Pavard,France,30,90.0,61.0,Complete,High Pass
8655,Axel Witsel,Belgium,30,57.0,35.0,Complete,Ground Pass
8655,Lucas Hernández Pi,France,31,43.0,3.0,Complete,Ground Pass
8655,Samuel Yves Umtiti,France,31,37.0,13.0,Complete,Ground Pass
8655,Lucas Hernández Pi,France,31,50.0,4.0,Incomplete,High Pass
8655,Olivier Giroud,France,31,84.0,19.0,Complete,High Pass
8655,Antoine Griezmann,France,31,107.0,21.0,Complete,Ground Pass
8655,Vincent Kompany,Belgium,31,7.0,55.0,Complete,High Pass
8655,Blaise Matuidi,France,31,109.0,4.0,Complete,Ground Pass
8655,Antoine Griezmann,France,31,104.0,12.0,Complete,Ground Pass
8655,Lucas Hernández Pi,France,32,92.0,4.0,Complete,Ground Pass
8655,Antoine Griezmann,France,32,101.0,14.0,Complete,Ground Pass
8655,Lucas Hernández Pi,France,32,107.0,4.0,Incomplete,High Pass
8655,Mousa Sidi Yaya Dembélé,Belgium,32,68.0,29.0,Complete,Ground Pass
8655,Marouane Fellaini-Bakkioui,Belgium,32,62.0,30.0,Complete,Ground Pass
8655,Toby Alderweireld,Belgium,32,65.0,59.0,Complete,Ground Pass
8655,Nacer Chadli,Belgium,32,88.0,76.0,Incomplete,Ground Pass
8655,N'Golo Kanté,France,33,85.0,20.0,Incomplete,Ground Pass
8655,Vincent Kompany,Belgium,33,34.0,40.0,Unknown,Ground Pass
8655,Antoine Griezmann,France,33,74.0,38.0,Complete,High Pass
8655,Kylian Mbappé Lottin,France,33,109.0,60.0,Complete,Ground Pass
8655,Mousa Sidi Yaya Dembélé,Belgium,33,56.0,37.0,Complete,Ground Pass
8655,Toby Alderweireld,Belgium,33,57.0,65.0,Complete,Ground Pass
8655,Nacer Chadli,Belgium,33,69.0,78.0,Complete,Ground Pass
8655,Toby Alderweireld,Belgium,33,57.0,73.0,Complete,Ground Pass
8655,Vincent Kompany,Belgium,33,56.0,44.0,Complete,Ground Pass
8655,Mousa Sidi Yaya Dembélé,Belgium,34,64.0,29.0,Complete,Ground Pass
8655,Marouane Fellaini-Bakkioui,Belgium,34,69.0,28.0,Complete,Ground Pass
8655,Mousa Sidi Yaya Dembélé,Belgium,34,67.0,27.0,Complete,Ground Pass
8655,Romelu Lukaku Menama,Belgium,34,81.0,27.0,Complete,Ground Pass
8655,Eden Hazard,Belgium,34,83.0,3.0,Complete,Ground Pass
8655,Romelu Lukaku Menama,Belgium,34,79.0,20.0,Complete,Ground Pass
8655,Vincent Kompany,Belgium,34,58.0,36.0,Complete,Ground Pass
8655,Toby Alderweireld,Belgium,34,73.0,62.0,Complete,Ground Pass
8655,Paul Pogba,France,34,52.0,47.0,Complete,Ground Pass
8655,Lucas Hernández Pi,France,34,79.0,9.0,Complete,Ground Pass
8655,N'Golo Kanté,France,34,66.0,26.0,Complete,Ground Pass
8655,Raphaël Varane,France,34,77.0,65.0,Complete,Ground Pass
8655,Antoine Griezmann,France,34,87.0,55.0,Incomplete,Ground Pass
8655,Jan Vertonghen,Belgium,35,21.0,18.0,Complete,Ground Pass
8655,Eden Hazard,Belgium,35,55.0,5.0,Complete,Ground Pass
8655,Vincent Kompany,Belgium,35,33.0,19.0,Complete,Ground Pass
8655,Eden Hazard,Belgium,35,53.0,22.0,Complete,Ground Pass
8655,Mousa Sidi Yaya Dembélé,Belgium,35,78.0,6.0,Complete,Ground Pass
8655,Eden Hazard,Belgium,35,65.0,28.0,Complete,Low Pass
8655,Nacer Chadli,Belgium,35,75.0,78.0,Complete,Ground Pass
8655,Axel Witsel,Belgium,35,72.0,67.0,Complete,Ground Pass
8655,Kevin De Bruyne,Belgium,35,81.0,63.0,Complete,Ground Pass
8655,Axel Witsel,Belgium,35,74.0,58.0,Complete,Ground Pass
8655,Eden Hazard,Belgium,35,78.0,50.0,Complete,Ground Pass
8655,Romelu Lukaku Menama,Belgium,35,93.0,51.0,Complete,Ground Pass
8655,Samuel Yves Umtiti,France,35,22.0,31.0,Complete,Ground Pass
8655,N'Golo Kanté,France,35,26.0,34.0,Complete,Ground Pass
8655,Blaise Matuidi,France,35,28.0,21.0,Complete,Ground Pass
8655,Thibaut Courtois,Belgium,37,6.0,42.0,Complete,Ground Pass
8655,Vincent Kompany,Belgium,37,25.0,45.0,Complete,Ground Pass
8655,Mousa Sidi Yaya Dembélé,Belgium,38,51.0,35.0,Complete,Ground Pass
8655,Axel Witsel,Belgium,38,64.0,37.0,Complete,Ground Pass
8655,Mousa Sidi Yaya Dembélé,Belgium,38,56.0,31.0,Complete,Ground Pass
8655,Eden Hazard,Belgium,38,71.0,9.0,Complete,High Pass
8655,Nacer Chadli,Belgium,38,83.0,79.0,Complete,Ground Pass
8655,Kevin De Bruyne,Belgium,38,76.0,72.0,Complete,Ground Pass
8655,Axel Witsel,Belgium,38,71.0,40.0,Complete,Ground Pass
8655,Mousa Sidi Yaya Dembélé,Belgium,38,79.0,45.0,Incomplete,Ground Pass
8655,N'Golo Kanté,France,38,47.0,27.0,Complete,Ground Pass
8655,Antoine Griezmann,France,38,45.0,32.0,Complete,Ground Pass
8655,Olivier Giroud,France,38,47.0,46.0,Complete,Ground Pass
8655,Paul Pogba,France,38,68.0,55.0,Complete,Ground Pass
8655,Kylian Mbappé Lottin,France,38,100.0,62.0,Complete,Ground Pass
8655,Romelu Lukaku Menama,Belgium,38,58.0,40.0,Incomplete,High Pass
8655,Benjamin Pavard,France,38,85.0,73.0,Complete,Ground Pass
8655,Kylian Mbappé Lottin,France,38,99.0,63.0,Complete,Ground Pass
8655,Kylian Mbappé Lottin,France,39,120.0,1.0,Incomplete,High Pass
8655,Benjamin Pavard,France,39,86.0,47.0,Complete,Ground Pass
8655,Paul Pogba,France,39,103.0,67.0,Complete,Ground Pass
8655,Benjamin Pavard,France,39,94.0,63.0,Incomplete,High Pass
8655,Lucas Hernández Pi,France,39,72.0,34.0,Complete,High Pass
8655,Kylian Mbappé Lottin,France,39,89.0,18.0,Incomplete,High Pass
8655,Toby Alderweireld,Belgium,39,23.0,67.0,Complete,Ground Pass
8655,Thibaut Courtois,Belgium,39,8.0,40.0,Complete,Ground Pass
8655,Jan Vertonghen,Belgium,40,49.0,12.0,Complete,Ground Pass
8655,Mousa Sidi Yaya Dembélé,Belgium,40,53.0,28.0,Complete,Ground Pass
8655,Eden Hazard,Belgium,40,64.0,25.0,Complete,Ground Pass
8655,Mousa Sidi Yaya Dembélé,Belgium,40,67.0,27.0,Complete,Ground Pass
8655,Romelu Lukaku Menama,Belgium,40,64.0,6.0,Complete,Ground Pass
8655,Jan Vertonghen,Belgium,40,46.0,18.0,Complete,Ground Pass
8655,Vincent Kompany,Belgium,40,49.0,31.0,Complete,Ground Pass
8655,Toby Alderweireld,Belgium,40,68.0,58.0,Complete,Ground Pass
8655,Nacer Chadli,Belgium,40,89.0,79.0,Complete,Ground Pass
8655,Toby Alderweireld,Belgium,40,60.0,68.0,Complete,Ground Pass
8655,Vincent Kompany,Belgium,40,68.0,41.0,Complete,Ground Pass
8655,Marouane Fellaini-Bakkioui,Belgium,40,78.0,39.0,Complete,Ground Pass
8655,Toby Alderweireld,Belgium,40,66.0,52.0,Complete,Ground Pass
8655,N'Golo Kanté,France,40,53.0,25.0,Complete,Ground Pass
8655,Antoine Griezmann,France,40,54.0,34.0,Complete,Ground Pass
8655,Paul Pogba,France,40,67.0,51.0,Complete,High Pass
8655,Blaise Matuidi,France,41,86.0,13.0,Complete,Ground Pass
8655,Lucas Hernández Pi,France,41,96.0,3.0,Complete,Ground Pass
8655,N'Golo Kanté,France,41,78.0,12.0,Complete,Ground Pass
8655,Paul Pogba,France,41,81.0,41.0,Complete,High Pass
8655,Thibaut Courtois,Belgium,41,12.0,40.0,Complete,Ground Pass
8655,Toby Alderweireld,Belgium,41,33.0,61.0,Complete,Ground Pass
8655,Vincent Kompany,Belgium,41,50.0,41.0,Complete,Ground Pass
8655,Axel Witsel,Belgium,41,61.0,41.0,Complete,Ground Pass
8655,Vincent Kompany,Belgium,41,49.0,42.0,Complete,Ground Pass
8655,Toby Alderweireld,Belgium,41,66.0,59.0,Complete,Ground Pass
8655,Vincent Kompany,Belgium,41,57.0,45.0,Complete,Ground Pass
8655,Mousa Sidi Yaya Dembélé,Belgium,41,65.0,43.0,Complete,Ground Pass
8655,Toby Alderweireld,Belgium,41,82.0,61.0,Complete,Ground Pass
8655,Nacer Chadli,Belgium,41,101.0,74.0,Incomplete,High Pass
8655,Toby Alderweireld,Belgium,41,83.0,59.0,Incomplete,High Pass
8655,Olivier Giroud,France,42,39.0,31.0,Complete,Ground Pass
8655,Blaise Matuidi,France,42,37.0,18.0,Complete,Ground Pass
8655,N'Golo Kanté,France,42,30.0,18.0,Complete,Ground Pass
8655,Raphaël Varane,France,42,43.0,55.0,Complete,Ground Pass
8655,Benjamin Pavard,France,42,63.0,79.0,Complete,Low Pass
8655,Raphaël Varane,France,42,42.0,69.0,Complete,Ground Pass
8655,Samuel Yves Umtiti,France,42,64.0,28.0,Complete,Ground Pass
8655,Antoine Griezmann,France,42,68.0,48.0,Complete,High Pass
8655,Kylian Mbappé Lottin,France,42,107.0,63.0,Incomplete,Low Pass
8655,Marouane Fellaini-Bakkioui,Belgium,42,21.0,34.0,Complete,Ground Pass
8655,N'Golo Kanté,France,42,77.0,58.0,Complete,Ground Pass
8655,Benjamin Pavard,France,42,77.0,66.0,Complete,Ground Pass
8655,Antoine Griezmann,France,42,85.0,54.0,Complete,Ground Pass
8655,Antoine Griezmann,France,44,99.0,62.0,Out,Ground Pass
8655,Toby Alderweireld,Belgium,44,15.0,62.0,Complete,Ground Pass
8655,Vincent Kompany,Belgium,44,21.0,47.0,Complete,Ground Pass
8655,Toby Alderweireld,Belgium,44,32.0,61.0,Complete,Ground Pass
8655,Vincent Kompany,Belgium,44,32.0,45.0,Complete,Ground Pass
8655,Jan Vertonghen,Belgium,44,54.0,23.0,Complete,Ground Pass
8655,Vincent Kompany,Belgium,44,47.0,40.0,Complete,Ground Pass
8655,Toby Alderweireld,Belgium,44,66.0,57.0,Complete,Ground Pass
8655,Nacer Chadli,Belgium,44,80.0,79.0,Complete,Ground Pass
8655,Toby Alderweireld,Belgium,44,57.0,76.0,Complete,Ground Pass
8655,Vincent Kompany,Belgium,44,53.0,49.0,Complete,Ground Pass
8655,Eden Hazard,Belgium,45,63.0,53.0,Complete,Ground Pass
8655,Axel Witsel,Belgium,45,70.0,69.0,Complete,Ground Pass
8655,Nacer Chadli,Belgium,45,94.0,78.0,Complete,Ground Pass
8655,Axel Witsel,Belgium,45,81.0,72.0,Complete,Ground Pass
8655,Toby Alderweireld,Belgium,45,65.0,59.0,Complete,Ground Pass
8655,Vincent Kompany,Belgium,45,60.0,44.0,Complete,Ground Pass
8655,Toby Alderweireld,Belgium,45,65.0,56.0,Complete,Ground Pass
8655,Axel Witsel,Belgium,45,80.0,69.0,Complete,Ground Pass
8655,Nacer Chadli,Belgium,45,91.0,77.0,Complete,Ground Pass
8655,Toby Alderweireld,Belgium,45,65.0,63.0,Complete,Ground Pass
8655,Vincent Kompany,Belgium,45,64.0,40.0,Complete,Ground Pass
8655,Toby Alderweireld,Belgium,45,58.0,54.0,Complete,Ground Pass
8655,Thibaut Courtois,Belgium,45,24.0,41.0,Complete,High Pass
8655,Kevin De Bruyne,Belgium,45,82.0,78.0,Complete,Low Pass
8655,Nacer Chadli,Belgium,45,69.0,70.0,Complete,Ground Pass
8655,Axel Witsel,Belgium,45,79.0,66.0,Complete,Ground Pass
8655,Kevin De Bruyne,Belgium,45,100.0,79.0,Complete,High Pass
8655,Romelu Lukaku Menama,Belgium,45,60.0,40.0,Complete,Ground Pass
8655,Axel Witsel,Belgium,45,53.0,40.0,Complete,Ground Pass
8655,Nacer Chadli,Belgium,45,54.0,77.0,Complete,Ground Pass
8655,Toby Alderweireld,Belgium,45,37.0,73.0,Complete,Ground Pass
8655,Vincent Kompany,Belgium,45,36.0,33.0,Complete,Ground Pass
8655,Jan Vertonghen,Belgium,45,41.0,12.0,Complete,Ground Pass
8655,Toby Alderweireld,Belgium,45,76.0,61.0,Incomplete,Ground Pass
8655,Nacer Chadli,Belgium,45,115.0,79.0,Complete,High Pass
8655,N'Golo Kanté,France,45,11.0,17.0,Complete,Ground Pass
8655,Antoine Griezmann,France,45,25.0,28.0,Complete,High Pass
8655,Benjamin Pavard,France,45,63.0,75.0,Complete,Ground Pass
8655,Paul Pogba,France,46,65.0,63.0,Complete,Ground Pass
8655,Jan Vertonghen,Belgium,46,17.0,20.0,Complete,Ground Pass
8655,Vincent Kompany,Belgium,46,30.0,21.0,Complete,Ground Pass
8655,Marouane Fellaini-Bakkioui,Belgium,46,37.0,14.0,Complete,Ground Pass
8655,Eden Hazard,Belgium,46,39.0,19.0,Complete,Ground Pass
8655,Nacer Chadli,Belgium,46,55.0,76.0,Complete,Ground Pass
8655,Toby Alderweireld,Belgium,46,56.0,54.0,Complete,Ground Pass
8655,Vincent Kompany,Belgium,46,48.0,38.0,Complete,Ground Pass
8655,Mousa Sidi Yaya Dembélé,Belgium,46,60.0,29.0,Complete,Ground Pass
8655,Vincent Kompany,Belgium,46,56.0,33.0,Complete,Ground Pass
8655,Axel Witsel,Belgium,46,68.0,40.0,Complete,Ground Pass
8655,Toby Alderweireld,Belgium,46,78.0,55.0,Complete,High Pass
8655,Marouane Fellaini-Bakkioui,Belgium,46,90.0,5.0,Complete,Ground Pass
8655,Eden Hazard,Belgium,46,84.0,9.0,Complete,Ground Pass
8655,Marouane Fellaini-Bakkioui,Belgium,46,87.0,4.0,Complete,Ground Pass
8655,Eden Hazard,Belgium,46,81.0,1.0,Complete,Ground Pass
8655,Jan Vertonghen,Belgium,46,65.0,10.0,Complete,Ground Pass
8655,Vincent Kompany,Belgium,46,60.0,33.0,Complete,Low Pass
8655,Nacer Chadli,Belgium,46,94.0,78.0,Complete,Ground Pass
8655,Axel Witsel,Belgium,46,88.0,58.0,Complete,High Pass
8655,Samuel Yves Umtiti,France,47,23.0,14.0,Complete,Ground Pass
8655,Lucas Hernández Pi,France,47,50.0,4.0,Complete,Ground Pass
8655,Samuel Yves Umtiti,France,47,29.0,13.0,Complete,Ground Pass
8655,Raphaël Varane,France,47,35.0,59.0,Complete,Ground Pass
8655,Benjamin Pavard,France,47,50.0,78.0,Complete,Ground Pass
8655,Mousa Sidi Yaya Dembélé,Belgium,47,36.0,2.0,Complete,Ground Pass
8655,Jan Vertonghen,Belgium,47,37.0,2.0,Complete,Ground Pass
8655,Axel Witsel,Belgium,48,75.0,64.0,Complete,Ground Pass
8655,Toby Alderweireld,Belgium,48,73.0,50.0,Complete,Ground Pass
8655,Nacer Chadli,Belgium,48,94.0,64.0,Complete,Low Pass
8655,Kevin De Bruyne,Belgium,48,102.0,61.0,Complete,Ground Pass
8655,Nacer Chadli,Belgium,48,99.0,53.0,Incomplete,High Pass
8655,Benjamin Pavard,France,48,11.0,68.0,Incomplete,High Pass
8655,Vincent Kompany,Belgium,48,51.0,33.0,Complete,Ground Pass
8655,Toby Alderweireld,Belgium,48,52.0,51.0,Complete,Ground Pass
8655,Vincent Kompany,Belgium,48,65.0,40.0,Complete,Ground Pass
8655,Axel Witsel,Belgium,48,73.0,37.0,Complete,Ground Pass
8655,Vincent Kompany,Belgium,48,63.0,39.0,Complete,Ground Pass
8655,Kevin De Bruyne,Belgium,48,74.0,56.0,Complete,Ground Pass
8655,Vincent Kompany,Belgium,48,64.0,39.0,Complete,Ground Pass
8655,Nacer Chadli,Belgium,48,87.0,60.0,Complete,Ground Pass
8655,Axel Witsel,Belgium,48,77.0,65.0,Complete,Ground Pass
8655,Toby Alderweireld,Belgium,48,67.0,51.0,Complete,Ground Pass
8655,Vincent Kompany,Belgium,48,63.0,39.0,Complete,Ground Pass
8655,Axel Witsel,Belgium,48,69.0,28.0,Complete,Ground Pass
8655,Jan Vertonghen,Belgium,48,64.0,21.0,Complete,Ground Pass
8655,Vincent Kompany,Belgium,49,64.0,40.0,Complete,Ground Pass
8655,Toby Alderweireld,Belgium,49,76.0,69.0,Incomplete,Low Pass
8655,Kevin De Bruyne,Belgium,49,97.0,42.0,Incomplete,Ground Pass
8655,Samuel Yves Umtiti,France,49,16.0,30.0,Incomplete,High Pass
8655,Samuel Yves Umtiti,France,49,23.0,17.0,Complete,Ground Pass
8655,Blaise Matuidi,France,49,36.0,23.0,Complete,Ground Pass
8655,Samuel Yves Umtiti,France,49,23.0,17.0,Complete,Ground Pass
8655,Hugo Lloris,France,49,7.0,40.0,Complete,Ground Pass
8655,Raphaël Varane,France,49,28.0,64.0,Complete,Ground Pass
8655,N'Golo Kanté,France,49,39.0,43.0,Complete,Ground Pass
8655,Samuel Yves Umtiti,France,49,45.0,26.0,Complete,Ground Pass
8655,Lucas Hernández Pi,France,49,74.0,4.0,Complete,Ground Pass
8655,Blaise Matuidi,France,50,101.0,15.0,Complete,Ground Pass
8655,Antoine Griezmann,France,50,120.0,79.0,Complete,High Pass
8655,Romelu Lukaku Menama,Belgium,51,60.0,41.0,Complete,Ground Pass
8655,Eden Hazard,Belgium,51,65.0,42.0,Complete,Ground Pass
8655,Nacer Chadli,Belgium,51,65.0,70.0,Complete,Ground Pass
8655,Toby Alderweireld,Belgium,51,48.0,68.0,Complete,Ground Pass
8655,Vincent Kompany,Belgium,51,63.0,34.0,Complete,Ground Pass
8655,Jan Vertonghen,Belgium,52,56.0,22.0,Complete,Ground Pass
8655,Vincent Kompany,Belgium,52,61.0,30.0,Complete,Ground Pass
8655,Jan Vertonghen,Belgium,52,64.0,26.0,Complete,Ground Pass
8655,Antoine Griezmann,France,52,38.0,51.0,Complete,Ground Pass
8655,Blaise Matuidi,France,52,63.0,28.0,Complete,Ground Pass
8655,N'Golo Kanté,France,52,71.0,23.0,Complete,Ground Pass
8655,Lucas Hernández Pi,France,52,85.0,3.0,Complete,Low Pass
8655,Antoine Griezmann,France,52,100.0,4.0,Complete,Ground Pass
8655,Antoine Griezmann,France,54,103.0,16.0,Incomplete,High Pass
8655,Nacer Chadli,Belgium,54,9.0,57.0,Complete,High Pass
8655,Romelu Lukaku Menama,Belgium,54,21.0,58.0,Complete,High Pass
8655,Kevin De Bruyne,Belgium,54,28.0,54.0,Complete,Low Pass
8655,Blaise Matuidi,France,54,37.0,4.0,Complete,Ground Pass
8655,Lucas Hernández Pi,France,54,20.0,14.0,Incomplete,High Pass
8655,Toby Alderweireld,Belgium,54,66.0,76.0,Complete,Low Pass
8655,Eden Hazard,Belgium,54,75.0,77.0,Incomplete,Low Pass
8655,Blaise Matuidi,France,54,36.0,7.0,Complete,Ground Pass
8655,Antoine Griezmann,France,54,44.0,11.0,Complete,Ground Pass
8655,N'Golo Kanté,France,54,32.0,26.0,Complete,Ground Pass
8655,Benjamin Pavard,France,54,54.0,61.0,Complete,Ground Pass
8655,Paul Pogba,France,54,62.0,77.0,Complete,Ground Pass
8655,Benjamin Pavard,France,54,58.0,73.0,Complete,Ground Pass
8655,Paul Pogba,France,54,56.0,71.0,Complete,Ground Pass
8655,Raphaël Varane,France,54,44.0,59.0,Complete,Ground Pass
8655,Paul Pogba,France,54,51.0,71.0,Complete,Ground Pass
8655,N'Golo Kanté,France,54,63.0,59.0,Complete,Ground Pass
8655,Marouane Fellaini-Bakkioui,Belgium,54,46.0,9.0,Complete,Ground Pass
8655,Vincent Kompany,Belgium,54,32.0,32.0,Complete,Ground Pass
8655,Nacer Chadli,Belgium,55,64.0,78.0,Complete,Ground Pass
8655,Toby Alderweireld,Belgium,55,56.0,62.0,Complete,Ground Pass
8655,Vincent Kompany,Belgium,55,68.0,37.0,Complete,Ground Pass
8655,Eden Hazard,Belgium,55,84.0,29.0,Complete,Ground Pass
8655,Mousa Sidi Yaya Dembélé,Belgium,55,84.0,41.0,Incomplete,Ground Pass
8655,Raphaël Varane,France,55,24.0,52.0,Complete,Ground Pass
8655,Kylian Mbappé Lottin,France,55,39.0,64.0,Complete,Ground Pass
8655,Paul Pogba,France,55,59.0,60.0,Complete,Ground Pass
8655,Kylian Mbappé Lottin,France,55,90.0,67.0,Complete,Ground Pass
8655,Lucas Hernández Pi,France,55,100.0,13.0,Complete,Ground Pass
8655,Blaise Matuidi,France,55,105.0,21.0,Complete,Ground Pass
8655,Kylian Mbappé Lottin,France,55,102.0,26.0,Complete,Ground Pass
8655,Lucas Hernández Pi,France,56,106.0,1.0,Complete,Low Pass
8655,N'Golo Kanté,France,56,83.0,5.0,Complete,Ground Pass
8655,Paul Pogba,France,56,71.0,14.0,Complete,Ground Pass
8655,Raphaël Varane,France,56,70.0,48.0,Complete,Ground Pass
8655,Benjamin Pavard,France,56,103.0,73.0,Complete,Ground Pass
8655,Toby Alderweireld,Belgium,57,22.0,58.0,Complete,Ground Pass
8655,Vincent Kompany,Belgium,57,25.0,41.0,Complete,Ground Pass
8655,Toby Alderweireld,Belgium,57,71.0,60.0,Complete,Ground Pass
8655,Nacer Chadli,Belgium,57,81.0,76.0,Complete,Ground Pass
8655,Axel Witsel,Belgium,57,70.0,51.0,Complete,Ground Pass
8655,Vincent Kompany,Belgium,57,77.0,39.0,Complete,Ground Pass
8655,Hugo Lloris,France,57,6.0,40.0,Incomplete,High Pass
8655,Mousa Sidi Yaya Dembélé,Belgium,57,48.0,20.0,Complete,High Pass
8655,Jan Vertonghen,Belgium,58,38.0,15.0,Incomplete,High Pass
8655,Samuel Yves Umtiti,France,58,52.0,47.0,Complete,High Pass
8655,Olivier Giroud,France,58,76.0,54.0,Complete,High Pass
8655,Antoine Griezmann,France,58,95.0,79.0,Complete,Ground Pass
8655,Kylian Mbappé Lottin,France,58,91.0,76.0,Complete,Ground Pass
8655,Antoine Griezmann,France,58,95.0,78.0,Complete,Ground Pass
8655,Benjamin Pavard,France,58,81.0,77.0,Complete,Ground Pass
8655,Kylian Mbappé Lottin,France,58,87.0,67.0,Complete,Ground Pass
8655,Benjamin Pavard,France,58,84.0,79.0,Complete,Ground Pass
8655,N'Golo Kanté,France,58,66.0,62.0,Complete,High Pass
8655,Lucas Hernández Pi,France,58,82.0,4.0,Complete,Ground Pass
8655,N'Golo Kanté,France,58,74.0,21.0,Complete,Ground Pass
8655,Samuel Yves Umtiti,France,58,53.0,19.0,Complete,Ground Pass
8655,N'Golo Kanté,France,58,61.0,21.0,Incomplete,Ground Pass
8655,Nacer Chadli,Belgium,59,51.0,79.0,Complete,High Pass
8655,Axel Witsel,Belgium,59,53.0,68.0,Complete,Ground Pass
8655,Nacer Chadli,Belgium,59,43.0,74.0,Complete,Ground Pass
8655,Toby Alderweireld,Belgium,59,24.0,73.0,Complete,Ground Pass
8655,Thibaut Courtois,Belgium,59,9.0,43.0,Out,High Pass
8655,Benjamin Pavard,France,59,69.0,79.0,Complete,Low Pass
8655,N'Golo Kanté,France,59,66.0,71.0,Out,High Pass
8655,Jan Vertonghen,Belgium,60,46.0,1.0,Complete,High Pass
8655,Vincent Kompany,Belgium,60,31.0,25.0,Complete,Ground Pass
8655,Toby Alderweireld,Belgium,60,56.0,61.0,Complete,Ground Pass
8655,Nacer Chadli,Belgium,60,79.0,69.0,Complete,Ground Pass
8655,Toby Alderweireld,Belgium,60,76.0,73.0,Complete,Ground Pass
8655,Nacer Chadli,Belgium,60,88.0,75.0,Complete,Ground Pass
8655,Kevin De Bruyne,Belgium,60,71.0,70.0,Complete,Ground Pass
8655,Vincent Kompany,Belgium,60,69.0,41.0,Incomplete,Ground Pass
8655,N'Golo Kanté,France,60,36.0,32.0,Complete,Ground Pass
8655,Lucas Hernández Pi,France,60,38.0,22.0,Complete,Ground Pass
8655,Romelu Lukaku Menama,Belgium,60,83.0,71.0,Complete,Ground Pass
8655,Eden Hazard,Belgium,60,85.0,46.0,Complete,Ground Pass
8655,Romelu Lukaku Menama,Belgium,60,103.0,59.0,Complete,Ground Pass
8655,Dries Mertens,Belgium,60,119.0,61.0,Incomplete,High Pass
8655,Jan Vertonghen,Belgium,61,47.0,2.0,Complete,High Pass
8655,Vincent Kompany,Belgium,61,24.0,20.0,Complete,Low Pass
8655,Toby Alderweireld,Belgium,61,57.0,52.0,Complete,Ground Pass
8655,Vincent Kompany,Belgium,61,58.0,36.0,Complete,Ground Pass
8655,Axel Witsel,Belgium,61,70.0,31.0,Complete,Low Pass
8655,Vincent Kompany,Belgium,61,60.0,33.0,Complete,Ground Pass
8655,Toby Alderweireld,Belgium,61,69.0,51.0,Complete,Ground Pass
8655,Kevin De Bruyne,Belgium,61,81.0,80.0,Complete,High Pass
8655,Toby Alderweireld,Belgium,61,69.0,52.0,Complete,Ground Pass
8655,Vincent Kompany,Belgium,61,64.0,37.0,Complete,Ground Pass
8655,Toby Alderweireld,Belgium,61,66.0,24.0,Complete,Ground Pass
8655,Vincent Kompany,Belgium,62,68.0,26.0,Complete,Ground Pass
8655,Jan Vertonghen,Belgium,62,66.0,24.0,Complete,High Pass
8655,Nacer Chadli,Belgium,62,120.0,79.0,Incomplete,High Pass
8655,Nacer Chadli,Belgium,62,119.0,79.0,Incomplete,High Pass
8655,Kylian Mbappé Lottin,France,62,34.0,30.0,Incomplete,Ground Pass
8655,Kevin De Bruyne,Belgium,62,83.0,60.0,Incomplete,Ground Pass
8655,Samuel Yves Umtiti,France,63,55.0,29.0,Incomplete,High Pass
8655,Toby Alderweireld,Belgium,63,24.0,56.0,Complete,Low Pass
8655,Nacer Chadli,Belgium,63,19.0,64.0,Complete,Ground Pass
8655,Thibaut Courtois,Belgium,63,7.0,42.0,Incomplete,High Pass
8655,Samuel Yves Umtiti,France,63,60.0,31.0,Incomplete,High Pass
8655,Kevin De Bruyne,Belgium,63,48.0,51.0,Incomplete,High Pass
8655,Lucas Hernández Pi,France,63,57.0,24.0,Incomplete,High Pass
8655,Axel Witsel,Belgium,63,42.0,46.0,Complete,High Pass
8655,Eden Hazard,Belgium,63,50.0,47.0,Complete,Ground Pass
8655,Nacer Chadli,Belgium,63,46.0,73.0,Complete,Ground Pass
8655,Toby Alderweireld,Belgium,63,48.0,51.0,Complete,Ground Pass
8655,Vincent Kompany,Belgium,63,63.0,39.0,Complete,Ground Pass
8655,Kevin De Bruyne,Belgium,63,67.0,67.0,Complete,High Pass
8655,Nacer Chadli,Belgium,64,102.0,61.0,Complete,Ground Pass
8655,Eden Hazard,Belgium,64,98.0,56.0,Complete,Ground Pass
8655,Dries Mertens,Belgium,64,109.0,69.0,Incomplete,High Pass
8655,Kevin De Bruyne,Belgium,64,89.0,66.0,Complete,Ground Pass
8655,Dries Mertens,Belgium,64,104.0,74.0,Incomplete,High Pass
8655,Dries Mertens,Belgium,64,107.0,78.0,Complete,High Pass
8655,Kevin De Bruyne,Belgium,64,99.0,77.0,Complete,Ground Pass
8655,Dries Mertens,Belgium,64,108.0,77.0,Complete,Ground Pass
8655,Kevin De Bruyne,Belgium,64,87.0,73.0,Complete,Ground Pass
8655,Toby Alderweireld,Belgium,64,82.0,50.0,Complete,Ground Pass
8655,Kevin De Bruyne,Belgium,64,83.0,65.0,Complete,Ground Pass
8655,Dries Mertens,Belgium,64,99.0,77.0,Complete,High Pass
8655,Hugo Lloris,France,64,7.0,39.0,Incomplete,High Pass
8655,Nacer Chadli,Belgium,65,46.0,64.0,Complete,Low Pass
8655,Kevin De Bruyne,Belgium,65,55.0,52.0,Incomplete,High Pass
8655,Raphaël Varane,France,65,33.0,46.0,Complete,Low Pass
8655,Paul Pogba,France,65,36.0,36.0,Complete,Low Pass
8655,Benjamin Pavard,France,65,40.0,75.0,Complete,Ground Pass
8655,Kylian Mbappé Lottin,France,65,55.0,69.0,Complete,Ground Pass
8655,Benjamin Pavard,France,65,82.0,79.0,Complete,High Pass
8655,Antoine Griezmann,France,65,86.0,78.0,Out,High Pass
8655,Jan Vertonghen,Belgium,65,33.0,2.0,Complete,High Pass
8655,Kevin De Bruyne,Belgium,65,49.0,42.0,Incomplete,Ground Pass
8655,Lucas Hernández Pi,France,65,62.0,11.0,Complete,Ground Pass
8655,Antoine Griezmann,France,66,75.0,11.0,Complete,Ground Pass
8655,Blaise Matuidi,France,66,77.0,17.0,Complete,Ground Pass
8655,Samuel Yves Umtiti,France,66,53.0,32.0,Complete,Ground Pass
8655,Raphaël Varane,France,66,50.0,54.0,Complete,Ground Pass
8655,Hugo Lloris,France,66,20.0,28.0,Incomplete,High Pass
8655,Nacer Chadli,Belgium,66,38.0,67.0,Complete,High Pass
8655,Kevin De Bruyne,Belgium,66,53.0,58.0,Complete,Low Pass
8655,N'Golo Kanté,France,66,56.0,27.0,Complete,Ground Pass
8655,Samuel Yves Umtiti,France,66,48.0,28.0,Incomplete,Ground Pass
8655,Toby Alderweireld,Belgium,66,53.0,51.0,Complete,Ground Pass
8655,Nacer Chadli,Belgium,66,67.0,64.0,Complete,Ground Pass
8655,Toby Alderweireld,Belgium,66,66.0,56.0,Complete,Ground Pass
8655,Vincent Kompany,Belgium,66,64.0,39.0,Complete,Ground Pass
8655,Eden Hazard,Belgium,66,71.0,36.0,Complete,Ground Pass
8655,Paul Pogba,France,66,31.0,58.0,Complete,Ground Pass
8655,Kylian Mbappé Lottin,France,66,82.0,64.0,Complete,High Pass
8655,Antoine Griezmann,France,66,106.0,20.0,Complete,Ground Pass
8655,Thibaut Courtois,Belgium,67,6.0,39.0,Complete,Ground Pass
8655,Jan Vertonghen,Belgium,67,16.0,18.0,Complete,Ground Pass
8655,Vincent Kompany,Belgium,67,26.0,28.0,Complete,Ground Pass
8655,Dries Mertens,Belgium,67,43.0,34.0,Complete,Ground Pass
8655,Toby Alderweireld,Belgium,67,42.0,58.0,Complete,Ground Pass
8655,Nacer Chadli,Belgium,67,61.0,70.0,Complete,Ground Pass
8655,Toby Alderweireld,Belgium,67,56.0,63.0,Complete,Ground Pass
8655,Kevin De Bruyne,Belgium,67,55.0,50.0,Complete,Ground Pass
8655,Toby Alderweireld,Belgium,67,69.0,60.0,Complete,Ground Pass
8655,Nacer Chadli,Belgium,67,90.0,76.0,Complete,Ground Pass
8655,Toby Alderweireld,Belgium,67,82.0,65.0,Complete,Ground Pass
8655,Nacer Chadli,Belgium,67,88.0,72.0,Complete,Ground Pass
8655,Toby Alderweireld,Belgium,67,73.0,67.0,Complete,Ground Pass
8655,Vincent Kompany,Belgium,67,77.0,41.0,Complete,Ground Pass
8655,Toby Alderweireld,Belgium,67,71.0,54.0,Complete,Ground Pass
8655,Kevin De Bruyne,Belgium,67,92.0,73.0,Complete,Low Pass
8655,Blaise Matuidi,France,67,9.0,19.0,Complete,Ground Pass
8655,Hugo Lloris,France,68,16.0,16.0,Out,High Pass
8655,Axel Witsel,Belgium,68,24.0,78.0,Complete,High Pass
8655,Toby Alderweireld,Belgium,68,18.0,55.0,Complete,Ground Pass
8655,Vincent Kompany,Belgium,68,24.0,39.0,Complete,Ground Pass
8655,Kevin De Bruyne,Belgium,68,40.0,35.0,Complete,Ground Pass
8655,Vincent Kompany,Belgium,68,28.0,34.0,Complete,Ground Pass
8655,Toby Alderweireld,Belgium,68,50.0,57.0,Complete,Ground Pass
8655,Dries Mertens,Belgium,69,61.0,77.0,Complete,Ground Pass
8655,Toby Alderweireld,Belgium,69,69.0,57.0,Complete,Ground Pass
8655,Vincent Kompany,Belgium,69,67.0,35.0,Complete,Ground Pass
8655,Jan Vertonghen,Belgium,69,66.0,20.0,Complete,Ground Pass
8655,Marouane Fellaini-Bakkioui,Belgium,69,71.0,7.0,Complete,Ground Pass
8655,Vincent Kompany,Belgium,69,66.0,29.0,Complete,Ground Pass
8655,Eden Hazard,Belgium,69,65.0,4.0,Complete,Low Pass
8655,Kevin De Bruyne,Belgium,69,92.0,14.0,Complete,Ground Pass
8655,Marouane Fellaini-Bakkioui,Belgium,69,112.0,6.0,Complete,Ground Pass
8655,Eden Hazard,Belgium,69,98.0,14.0,Complete,Ground Pass
8655,Axel Witsel,Belgium,69,86.0,33.0,Complete,Ground Pass
8655,Toby Alderweireld,Belgium,69,90.0,59.0,Complete,Ground Pass
8655,Dries Mertens,Belgium,69,101.0,70.0,Complete,High Pass
8655,Eden Hazard,Belgium,69,112.0,2.0,Complete,Ground Pass
8655,Jan Vertonghen,Belgium,69,97.0,14.0,Incomplete,High Pass
8655,Olivier Giroud,France,69,2.0,11.0,Out,Ground Pass
8655,Toby Alderweireld,Belgium,70,110.0,79.0,Complete,High Pass
8655,Kevin De Bruyne,Belgium,70,99.0,70.0,Incomplete,High Pass
8655,Samuel Yves Umtiti,France,70,51.0,3.0,Pass Offside,High Pass
8655,Thibaut Courtois,Belgium,71,8.0,38.0,Complete,Ground Pass
8655,Toby Alderweireld,Belgium,71,20.0,59.0,Complete,Ground Pass
8655,Vincent Kompany,Belgium,71,25.0,40.0,Complete,Ground Pass
8655,Toby Alderweireld,Belgium,71,33.0,58.0,Complete,Ground Pass
8655,Nacer Chadli,Belgium,71,57.0,68.0,Complete,Ground Pass
8655,Toby Alderweireld,Belgium,71,50.0,63.0,Complete,Ground Pass
8655,Vincent Kompany,Belgium,71,55.0,39.0,Complete,Ground Pass
8655,Jan Vertonghen,Belgium,71,57.0,22.0,Complete,Ground Pass
8655,Eden Hazard,Belgium,71,67.0,35.0,Complete,Low Pass
8655,Dries Mertens,Belgium,71,89.0,76.0,Complete,Ground Pass
8655,Kevin De Bruyne,Belgium,71,91.0,67.0,Complete,Ground Pass
8655,Dries Mertens,Belgium,71,95.0,77.0,Complete,Ground Pass
8655,Kevin De Bruyne,Belgium,71,79.0,74.0,Complete,Ground Pass
8655,Toby Alderweireld,Belgium,71,71.0,52.0,Complete,Ground Pass
8655,Axel Witsel,Belgium,71,82.0,38.0,Complete,Ground Pass
8655,Jan Vertonghen,Belgium,71,79.0,12.0,Complete,Ground Pass
8655,Marouane Fellaini-Bakkioui,Belgium,71,86.0,1.0,Complete,Ground Pass
8655,Jan Vertonghen,Belgium,71,67.0,16.0,Complete,Ground Pass
8655,Eden Hazard,Belgium,71,74.0,39.0,Complete,Ground Pass
8655,Romelu Lukaku Menama,Belgium,72,91.0,40.0,Complete,Ground Pass
8655,Dries Mertens,Belgium,72,91.0,45.0,Incomplete,Low Pass
8655,Paul Pogba,France,72,32.0,42.0,Complete,Ground Pass
8655,Samuel Yves Umtiti,France,72,28.0,31.0,Unknown,High Pass
8655,Thibaut Courtois,Belgium,73,20.0,39.0,Complete,Ground Pass
8655,Toby Alderweireld,Belgium,73,47.0,65.0,Complete,Ground Pass
8655,Kevin De Bruyne,Belgium,73,68.0,75.0,Complete,Ground Pass
8655,Nacer Chadli,Belgium,73,85.0,73.0,Complete,Ground Pass
8655,Eden Hazard,Belgium,73,85.0,49.0,Incomplete,Ground Pass
8655,Toby Alderweireld,Belgium,73,43.0,50.0,Complete,Ground Pass
8655,Vincent Kompany,Belgium,73,52.0,41.0,Complete,Ground Pass
8655,Axel Witsel,Belgium,73,68.0,17.0,Complete,Ground Pass
8655,Marouane Fellaini-Bakkioui,Belgium,73,86.0,3.0,Complete,Ground Pass
8655,Romelu Lukaku Menama,Belgium,73,97.0,16.0,Complete,Ground Pass
8655,Eden Hazard,Belgium,73,104.0,4.0,Complete,Ground Pass
8655,Axel Witsel,Belgium,73,88.0,19.0,Complete,Ground Pass
8655,Dries Mertens,Belgium,73,90.0,26.0,Complete,Ground Pass
8655,Vincent Kompany,Belgium,73,68.0,33.0,Complete,Ground Pass
8655,Toby Alderweireld,Belgium,73,80.0,57.0,Complete,High Pass
8655,Nacer Chadli,Belgium,73,107.0,67.0,Complete,Ground Pass
8655,Kevin De Bruyne,Belgium,73,100.0,67.0,Incomplete,High Pass
8655,Samuel Yves Umtiti,France,74,42.0,28.0,Unknown,High Pass
8655,Kevin De Bruyne,Belgium,74,39.0,54.0,Complete,Ground Pass
8655,Vincent Kompany,Belgium,74,30.0,34.0,Complete,Ground Pass
8655,Eden Hazard,Belgium,74,67.0,50.0,Complete,Low Pass
8655,Dries Mertens,Belgium,75,96.0,75.0,Complete,Ground Pass
8655,Toby Alderweireld,Belgium,75,86.0,67.0,Complete,Ground Pass
8655,Eden Hazard,Belgium,75,86.0,57.0,Complete,Ground Pass
8655,Toby Alderweireld,Belgium,75,89.0,66.0,Complete,Ground Pass
8655,Eden Hazard,Belgium,75,84.0,47.0,Complete,Ground Pass
8655,Hugo Lloris,France,75,6.0,38.0,Incomplete,High Pass
8655,Marouane Fellaini-Bakkioui,Belgium,75,54.0,28.0,Complete,High Pass
8655,Romelu Lukaku Menama,Belgium,75,74.0,40.0,Complete,Low Pass
8655,Eden Hazard,Belgium,75,75.0,37.0,Complete,Ground Pass
8655,Marouane Fellaini-Bakkioui,Belgium,75,73.0,7.0,Complete,Low Pass
8655,Jan Vertonghen,Belgium,76,42.0,3.0,Complete,Ground Pass
8655,Vincent Kompany,Belgium,76,42.0,40.0,Complete,Ground Pass
8655,Axel Witsel,Belgium,76,70.0,23.0,Complete,Ground Pass
8655,Marouane Fellaini-Bakkioui,Belgium,76,78.0,22.0,Complete,Ground Pass
8655,Axel Witsel,Belgium,76,66.0,30.0,Complete,Ground Pass
8655,Toby Alderweireld,Belgium,76,85.0,59.0,Complete,Ground Pass
8655,Dries Mertens,Belgium,76,103.0,72.0,Out,High Pass
8655,Hugo Lloris,France,76,7.0,45.0,Incomplete,High Pass
8655,Jan Vertonghen,Belgium,76,32.0,19.0,Complete,High Pass
8655,Toby Alderweireld,Belgium,76,25.0,34.0,Complete,High Pass
8655,Eden Hazard,Belgium,77,55.0,26.0,Complete,Ground Pass
8655,Nacer Chadli,Belgium,77,60.0,54.0,Incomplete,Ground Pass
8655,Lucas Hernández Pi,France,77,42.0,22.0,Complete,Ground Pass
8655,N'Golo Kanté,France,77,46.0,31.0,Complete,Ground Pass
8655,Paul Pogba,France,77,48.0,45.0,Complete,Low Pass
8655,Kylian Mbappé Lottin,France,77,78.0,78.0,Complete,Ground Pass
8655,Benjamin Pavard,France,77,91.0,78.0,Complete,Ground Pass
8655,Kylian Mbappé Lottin,France,77,78.0,77.0,Complete,Ground Pass
8655,Benjamin Pavard,France,77,83.0,79.0,Unknown,Low Pass
8655,Antoine Griezmann,France,78,92.0,66.0,Complete,High Pass
8655,Thibaut Courtois,Belgium,78,6.0,39.0,Complete,Ground Pass
8655,Jan Vertonghen,Belgium,78,15.0,18.0,Complete,Ground Pass
8655,Thibaut Courtois,Belgium,78,4.0,36.0,Complete,Low Pass
8655,Toby Alderweireld,Belgium,78,9.0,66.0,Complete,Ground Pass
8655,Thibaut Courtois,Belgium,78,7.0,40.0,Incomplete,High Pass
8655,Raphaël Varane,France,78,53.0,38.0,Incomplete,High Pass
8655,Kevin De Bruyne,Belgium,78,65.0,43.0,Complete,Ground Pass
8655,Eden Hazard,Belgium,78,98.0,22.0,Complete,Ground Pass
8655,Romelu Lukaku Menama,Belgium,78,106.0,28.0,Complete,Ground Pass
8655,Axel Witsel,Belgium,79,95.0,28.0,Complete,Ground Pass
8655,Kevin De Bruyne,Belgium,79,90.0,16.0,Incomplete,High Pass
8655,Yannick Ferreira Carrasco,Belgium,79,98.0,79.0,Injury Clearance,High Pass
8655,Hugo Lloris,France,80,9.0,28.0,Complete,High Pass
8655,Olivier Giroud,France,80,59.0,6.0,Complete,Ground Pass
8655,N'Golo Kanté,France,80,54.0,8.0,Complete,Ground Pass
8655,Blaise Matuidi,France,80,56.0,4.0,Complete,Ground Pass
8655,Axel Witsel,Belgium,80,53.0,51.0,Complete,Ground Pass
8655,Vincent Kompany,Belgium,80,65.0,36.0,Complete,Ground Pass
8655,Eden Hazard,Belgium,80,89.0,19.0,Complete,Ground Pass
8655,Romelu Lukaku Menama,Belgium,80,101.0,20.0,Complete,Ground Pass
8655,Blaise Matuidi,France,80,22.0,22.0,Incomplete,Ground Pass
8655,Blaise Matuidi,France,80,23.0,29.0,Complete,Ground Pass
8655,Antoine Griezmann,France,80,38.0,53.0,Complete,Ground Pass
8655,Paul Pogba,France,80,38.0,76.0,Complete,Ground Pass
8655,Kylian Mbappé Lottin,France,80,56.0,78.0,Complete,Ground Pass
8655,Antoine Griezmann,France,80,55.0,73.0,Complete,Ground Pass
8655,Paul Pogba,France,80,47.0,77.0,Complete,Ground Pass
8655,Benjamin Pavard,France,81,32.0,76.0,Injury Clearance,Ground Pass
8655,Hugo Lloris,France,83,18.0,30.0,Complete,High Pass
8655,Olivier Giroud,France,83,80.0,12.0,Incomplete,Ground Pass
8655,Dries Mertens,Belgium,83,52.0,65.0,Complete,Low Pass
8655,Nacer Chadli,Belgium,83,52.0,70.0,Complete,Low Pass
8655,Toby Alderweireld,Belgium,83,27.0,58.0,Complete,Ground Pass
8655,Vincent Kompany,Belgium,83,53.0,35.0,Complete,Ground Pass
8655,Toby Alderweireld,Belgium,83,75.0,58.0,Complete,Ground Pass
8655,Nacer Chadli,Belgium,83,96.0,76.0,Complete,Ground Pass
8655,Hugo Lloris,France,84,6.0,38.0,Incomplete,High Pass
8655,Toby Alderweireld,Belgium,84,33.0,56.0,Complete,High Pass
8655,Toby Alderweireld,Belgium,84,31.0,60.0,Complete,High Pass
8655,Dries Mertens,Belgium,84,54.0,57.0,Incomplete,High Pass
8655,Steven N'Kemboanza Mike Christopher Nzonzi,France,84,57.0,31.0,Complete,Low Pass
8655,N'Golo Kanté,France,84,64.0,27.0,Out,Low Pass
8655,Vincent Kompany,Belgium,85,55.0,31.0,Complete,Ground Pass
8655,Jan Vertonghen,Belgium,85,55.0,21.0,Complete,Ground Pass
8655,Yannick Ferreira Carrasco,Belgium,86,77.0,4.0,Complete,Ground Pass
8655,Axel Witsel,Belgium,86,66.0,13.0,Complete,Ground Pass
8655,Vincent Kompany,Belgium,86,56.0,38.0,Complete,Ground Pass
8655,Toby Alderweireld,Belgium,86,77.0,62.0,Complete,Ground Pass
8655,Nacer Chadli,Belgium,86,101.0,64.0,Incomplete,High Pass
8655,Kylian Mbappé Lottin,France,86,20.0,60.0,Incomplete,High Pass
8655,Toby Alderweireld,Belgium,86,75.0,27.0,Complete,Ground Pass
8655,Axel Witsel,Belgium,86,78.0,22.0,Complete,Ground Pass
8655,Eden Hazard,Belgium,86,79.0,17.0,Complete,Ground Pass
8655,N'Golo Kanté,France,86,24.0,69.0,Complete,Ground Pass
8655,Kevin De Bruyne,Belgium,87,90.0,20.0,Incomplete,High Pass
8655,Nacer Chadli,Belgium,87,118.0,27.0,Incomplete,Low Pass
8655,Kylian Mbappé Lottin,France,87,9.0,58.0,Incomplete,High Pass
8655,Kevin De Bruyne,Belgium,88,70.0,15.0,Out,High Pass
8655,Nacer Chadli,Belgium,88,55.0,57.0,Complete,Ground Pass
8655,Kevin De Bruyne,Belgium,88,55.0,48.0,Complete,Ground Pass
8655,Axel Witsel,Belgium,88,65.0,58.0,Complete,Ground Pass
8655,Toby Alderweireld,Belgium,88,52.0,53.0,Complete,Ground Pass
8655,Vincent Kompany,Belgium,88,54.0,34.0,Complete,Ground Pass
8655,Kevin De Bruyne,Belgium,88,68.0,40.0,Complete,Ground Pass
8655,Vincent Kompany,Belgium,88,64.0,38.0,Complete,Ground Pass
8655,Jan Vertonghen,Belgium,88,66.0,20.0,Complete,Ground Pass
8655,Kevin De Bruyne,Belgium,88,69.0,40.0,Complete,Ground Pass
8655,Toby Alderweireld,Belgium,89,83.0,59.0,Complete,Ground Pass
8655,Dries Mertens,Belgium,89,92.0,74.0,Complete,Ground Pass
8655,Kevin De Bruyne,Belgium,89,78.0,66.0,Complete,Ground Pass
8655,Toby Alderweireld,Belgium,89,93.0,78.0,Complete,Ground Pass
8655,Dries Mertens,Belgium,89,98.0,60.0,Complete,Ground Pass
8655,Lucas Hernández Pi,France,89,18.0,2.0,Complete,High Pass
8655,Vincent Kompany,Belgium,89,59.0,68.0,Incomplete,High Pass
8655,Benjamin Pavard,France,89,47.0,73.0,Complete,High Pass
8655,Antoine Griezmann,France,89,109.0,79.0,Complete,Ground Pass
8655,Kylian Mbappé Lottin,France,90,86.0,77.0,Complete,Ground Pass
8655,Paul Pogba,France,90,85.0,59.0,Complete,Ground Pass
8655,N'Golo Kanté,France,90,75.0,51.0,Complete,Ground Pass
8655,Corentin Tolisso,France,90,75.0,31.0,Complete,Ground Pass
8655,Lucas Hernández Pi,France,90,89.0,4.0,Incomplete,Ground Pass
8655,Antoine Griezmann,France,91,111.0,3.0,Complete,Ground Pass
8655,Antoine Griezmann,France,91,104.0,1.0,Complete,Low Pass
8655,Toby Alderweireld,Belgium,92,17.0,78.0,Incomplete,High Pass
8655,N'Golo Kanté,France,92,86.0,5.0,Complete,High Pass
8655,Paul Pogba,France,92,99.0,19.0,Complete,Ground Pass
8655,Toby Alderweireld,Belgium,92,22.0,50.0,Complete,Ground Pass
8655,Vincent Kompany,Belgium,92,26.0,33.0,Complete,Ground Pass
8655,Axel Witsel,Belgium,92,43.0,19.0,Complete,Ground Pass
8655,Yannick Ferreira Carrasco,Belgium,92,72.0,21.0,Complete,Ground Pass
8655,Vincent Kompany,Belgium,92,66.0,38.0,Complete,Ground Pass
8655,Kevin De Bruyne,Belgium,92,75.0,59.0,Complete,Low Pass
8655,Toby Alderweireld,Belgium,92,78.0,72.0,Incomplete,Ground Pass
8655,Kylian Mbappé Lottin,France,92,89.0,31.0,Complete,Ground Pass
8655,Corentin Tolisso,France,92,100.0,27.0,Complete,Ground Pass
8655,Yannick Ferreira Carrasco,Belgium,93,58.0,15.0,Complete,Ground Pass
8655,Eden Hazard,Belgium,93,75.0,17.0,Complete,Low Pass
8655,Kevin De Bruyne,Belgium,93,94.0,59.0,Incomplete,High Pass
8655,Raphaël Varane,France,93,16.0,49.0,Complete,Low Pass
8655,Kylian Mbappé Lottin,France,93,78.0,77.0,Unknown,Ground Pass
8655,Antoine Griezmann,France,94,75.0,77.0,Complete,Ground Pass
8655,Benjamin Pavard,France,94,57.0,77.0,Complete,Ground Pass
8655,Raphaël Varane,France,94,42.0,64.0,Incomplete,High Pass
8655,Jan Vertonghen,Belgium,94,32.0,6.0,Complete,High Pass
8655,Axel Witsel,Belgium,94,42.0,22.0,Complete,High Pass
8655,Vincent Kompany,Belgium,94,30.0,36.0,Complete,Ground Pass
8655,Toby Alderweireld,Belgium,94,37.0,56.0,Complete,Ground Pass
8655,Kevin De Bruyne,Belgium,94,47.0,54.0,Incomplete,High Pass
8655,Raphaël Varane,France,94,30.0,41.0,Incomplete,Low Pass
8655,Toby Alderweireld,Belgium,94,69.0,60.0,Incomplete,High Pass
8655,Raphaël Varane,France,94,25.0,46.0,Complete,High Pass
8655,Antoine Griezmann,France,94,70.0,77.0,Complete,Ground Pass
8655,Benjamin Pavard,France,95,75.0,80.0,Complete,Low Pass
8655,Paul Pogba,France,95,82.0,76.0,Complete,High Pass
8655,Antoine Griezmann,France,95,88.0,77.0,Complete,Ground Pass
8655,Paul Pogba,France,95,93.0,51.0,Complete,Ground Pass
8655,Benjamin Pavard,France,95,119.0,80.0,Complete,Ground Pass
8658,Mario Mandžukić,Croatia,0,61.0,41.0,Complete,Ground Pass
8658,Marcelo Brozović,Croatia,0,49.0,41.0,Complete,Ground Pass
8658,Luka Modrić,Croatia,0,43.0,56.0,Complete,Ground Pass
8658,Šime Vrsaljko,Croatia,0,38.0,78.0,Complete,Ground Pass
8658,Danijel Subašić,Croatia,0,9.0,49.0,Incomplete,High Pass
8658,Raphaël Varane,France,0,48.0,50.0,Incomplete,High Pass
8658,Ivan Perišić,Croatia,0,73.0,21.0,Complete,Ground Pass
8658,Ivan Rakitić,Croatia,0,60.0,18.0,Complete,Ground Pass
8658,Ivan Strinić,Croatia,0,69.0,2.0,Complete,Ground Pass
8658,Marcelo Brozović,Croatia,0,69.0,24.0,Complete,Ground Pass
8658,Ivan Perišić,Croatia,0,63.0,21.0,Complete,Ground Pass
8658,Domagoj Vida,Croatia,0,49.0,30.0,Complete,Ground Pass
8658,Luka Modrić,Croatia,0,56.0,33.0,Complete,Ground Pass
8658,Domagoj Vida,Croatia,0,48.0,27.0,Complete,Ground Pass
8658,Ivan Rakitić,Croatia,0,47.0,17.0,Complete,Ground Pass
8658,Domagoj Vida,Croatia,0,37.0,26.0,Complete,Ground Pass
8658,Dejan Lovren,Croatia,0,40.0,49.0,Complete,Ground Pass
8658,Ivan Rakitić,Croatia,0,55.0,12.0,Complete,Ground Pass
8658,Benjamin Pavard,France,0,49.0,80.0,Complete,Low Pass
8658,N''Golo Kanté,France,0,65.0,64.0,Incomplete,High Pass
8658,Marcelo Brozović,Croatia,0,55.0,12.0,Complete,High Pass
8658,Ivan Perišić,Croatia,1,61.0,6.0,Incomplete,Low Pass
8658,Antoine Griezmann,France,1,63.0,73.0,Complete,Ground Pass
8658,Benjamin Pavard,France,1,58.0,79.0,Complete,Low Pass
8658,Raphaël Varane,France,1,26.0,69.0,Complete,Ground Pass
8658,Hugo Lloris,France,1,8.0,43.0,Complete,Ground Pass
8658,Samuel Yves Umtiti,France,1,41.0,30.0,Complete,Ground Pass
8658,Blaise Matuidi,France,1,55.0,27.0,Complete,Ground Pass
8658,Samuel Yves Umtiti,France,1,42.0,25.0,Complete,Ground Pass
8658,Olivier Giroud,France,1,69.0,26.0,Complete,Low Pass
8658,Blaise Matuidi,France,1,65.0,26.0,Complete,Low Pass
8658,Olivier Giroud,France,1,61.0,31.0,Complete,Ground Pass
8658,Raphaël Varane,France,1,45.0,48.0,Complete,Ground Pass
8658,Paul Pogba,France,1,57.0,76.0,Incomplete,High Pass
8658,Domagoj Vida,Croatia,1,23.0,15.0,Complete,Low Pass
8658,Ivan Strinić,Croatia,1,32.0,3.0,Incomplete,High Pass
8658,Marcelo Brozović,Croatia,2,37.0,7.0,Complete,Ground Pass
8658,Ivan Strinić,Croatia,2,42.0,2.0,Complete,High Pass
8658,Mario Mandžukić,Croatia,2,68.0,4.0,Complete,High Pass
8658,Kylian Mbappé Lottin,France,2,74.0,79.0,Incomplete,High Pass
8658,Samuel Yves Umtiti,France,2,2.0,62.0,Out,Ground Pass
8658,Ivan Strinić,Croatia,3,111.0,1.0,Complete,High Pass
8658,Mario Mandžukić,Croatia,3,115.0,23.0,Incomplete,High Pass
8658,Kylian Mbappé Lottin,France,3,12.0,64.0,Out,High Pass
8658,Marcelo Brozović,Croatia,3,63.0,1.0,Complete,High Pass
8658,Domagoj Vida,Croatia,3,44.0,12.0,Complete,Ground Pass
8658,Marcelo Brozović,Croatia,3,57.0,14.0,Complete,Ground Pass
8658,Ivan Rakitić,Croatia,3,66.0,14.0,Complete,Ground Pass
8658,Marcelo Brozović,Croatia,3,57.0,13.0,Complete,Ground Pass
8658,Dejan Lovren,Croatia,3,57.0,68.0,Complete,Ground Pass
8658,Domagoj Vida,Croatia,3,46.0,27.0,Complete,Ground Pass
8658,Ivan Rakitić,Croatia,3,52.0,21.0,Complete,High Pass
8658,Ante Rebić,Croatia,3,101.0,79.0,Incomplete,Ground Pass
8658,Ante Rebić,Croatia,3,101.0,74.0,Complete,Low Pass
8658,Šime Vrsaljko,Croatia,4,119.0,74.0,Incomplete,High Pass
8658,Šime Vrsaljko,Croatia,4,111.0,80.0,Complete,High Pass
8658,Luka Modrić,Croatia,4,107.0,77.0,Complete,Ground Pass
8658,Blaise Matuidi,France,4,11.0,5.0,Complete,Ground Pass
8658,N''Golo Kanté,France,4,9.0,15.0,Complete,Ground Pass
8658,Lucas Hernández Pi,France,4,11.0,3.0,Complete,Ground Pass
8658,N''Golo Kanté,France,4,9.0,16.0,Incomplete,High Pass
8658,Dejan Lovren,Croatia,4,67.0,61.0,Complete,High Pass
8658,Domagoj Vida,Croatia,4,47.0,65.0,Complete,Low Pass
8658,Danijel Subašić,Croatia,4,8.0,45.0,Complete,Ground Pass
8658,Dejan Lovren,Croatia,4,26.0,74.0,Complete,Ground Pass
8658,Marcelo Brozović,Croatia,4,31.0,64.0,Complete,Ground Pass
8658,Luka Modrić,Croatia,4,48.0,76.0,Complete,High Pass
8658,Mario Mandžukić,Croatia,4,90.0,69.0,Incomplete,High Pass
8658,N''Golo Kanté,France,4,26.0,4.0,Complete,Ground Pass
8658,Samuel Yves Umtiti,France,4,14.0,13.0,Incomplete,Ground Pass
8658,Hugo Lloris,France,5,4.0,38.0,Complete,Ground Pass
8658,Raphaël Varane,France,5,26.0,64.0,Complete,Ground Pass
8658,Paul Pogba,France,5,34.0,55.0,Complete,Ground Pass
8658,Samuel Yves Umtiti,France,5,47.0,8.0,Complete,Ground Pass
8658,N''Golo Kanté,France,5,55.0,12.0,Complete,Ground Pass
8658,Samuel Yves Umtiti,France,5,47.0,10.0,Complete,Ground Pass
8658,N''Golo Kanté,France,5,54.0,15.0,Complete,Ground Pass
8658,Paul Pogba,France,5,54.0,46.0,Complete,Ground Pass
8658,Benjamin Pavard,France,5,57.0,71.0,Complete,Ground Pass
8658,Raphaël Varane,France,5,45.0,60.0,Complete,Ground Pass
8658,Samuel Yves Umtiti,France,6,45.0,30.0,Complete,Ground Pass
8658,Blaise Matuidi,France,6,57.0,4.0,Out,High Pass
8658,Šime Vrsaljko,Croatia,6,33.0,80.0,Unknown,High Pass
8658,Marcelo Brozović,Croatia,6,46.0,72.0,Complete,Ground Pass
8658,Ivan Rakitić,Croatia,6,48.0,73.0,Complete,Ground Pass
8658,Marcelo Brozović,Croatia,6,46.0,64.0,Complete,Ground Pass
8658,Luka Modrić,Croatia,6,48.0,69.0,Complete,Ground Pass
8658,Marcelo Brozović,Croatia,6,42.0,58.0,Complete,Ground Pass
8658,Ivan Rakitić,Croatia,6,64.0,23.0,Complete,Low Pass
8658,Ivan Strinić,Croatia,7,113.0,1.0,Complete,High Pass
8658,Ivan Rakitić,Croatia,7,119.0,5.0,Complete,Ground Pass
8658,Ivan Strinić,Croatia,7,119.0,26.0,Incomplete,Ground Pass
8658,Luka Modrić,Croatia,8,120.0,1.0,Incomplete,High Pass
8658,N''Golo Kanté,France,8,20.0,7.0,Incomplete,High Pass
8658,Ivan Rakitić,Croatia,8,101.0,79.0,Complete,High Pass
8658,Marcelo Brozović,Croatia,8,93.0,78.0,Complete,Ground Pass
8658,Ivan Rakitić,Croatia,8,103.0,79.0,Incomplete,High Pass
8658,Olivier Giroud,France,8,25.0,33.0,Incomplete,Low Pass
8658,Hugo Lloris,France,8,29.0,36.0,Complete,High Pass
8658,Olivier Giroud,France,8,94.0,43.0,Incomplete,High Pass
8658,Ivan Rakitić,Croatia,8,36.0,41.0,Complete,High Pass
8658,Dejan Lovren,Croatia,9,14.0,67.0,Complete,Ground Pass
8658,Danijel Subašić,Croatia,9,4.0,49.0,Complete,Ground Pass
8658,Dejan Lovren,Croatia,9,50.0,69.0,Complete,Ground Pass
8658,Šime Vrsaljko,Croatia,9,57.0,78.0,Complete,Ground Pass
8658,Dejan Lovren,Croatia,9,46.0,77.0,Incomplete,High Pass
8658,Hugo Lloris,France,9,10.0,32.0,Complete,Ground Pass
8658,Luka Modrić,Croatia,9,76.0,65.0,Complete,Ground Pass
8658,Marcelo Brozović,Croatia,9,75.0,54.0,Complete,Ground Pass
8658,Ivan Rakitić,Croatia,9,77.0,53.0,Complete,Ground Pass
8658,Luka Modrić,Croatia,9,76.0,54.0,Complete,Low Pass
8658,Ivan Strinić,Croatia,9,114.0,14.0,Complete,Ground Pass
8658,Ivan Perišić,Croatia,9,104.0,20.0,Incomplete,Ground Pass
8658,Marcelo Brozović,Croatia,10,63.0,10.0,Complete,Low Pass
8658,Domagoj Vida,Croatia,10,37.0,20.0,Complete,Ground Pass
8658,Marcelo Brozović,Croatia,10,54.0,30.0,Complete,Ground Pass
8658,Ivan Rakitić,Croatia,10,68.0,26.0,Complete,Ground Pass
8658,Marcelo Brozović,Croatia,10,61.0,40.0,Complete,Ground Pass
8658,Dejan Lovren,Croatia,10,72.0,69.0,Complete,Ground Pass
8658,Luka Modrić,Croatia,10,84.0,66.0,Complete,Ground Pass
8658,Šime Vrsaljko,Croatia,10,83.0,78.0,Complete,Ground Pass
8658,Dejan Lovren,Croatia,10,70.0,74.0,Complete,Ground Pass
8658,Marcelo Brozović,Croatia,10,66.0,60.0,Complete,Ground Pass
8658,Šime Vrsaljko,Croatia,10,81.0,77.0,Complete,Ground Pass
8658,Luka Modrić,Croatia,10,83.0,74.0,Complete,Ground Pass
8658,Dejan Lovren,Croatia,10,62.0,78.0,Complete,Ground Pass
8658,Marcelo Brozović,Croatia,10,68.0,50.0,Complete,Ground Pass
8658,Ivan Rakitić,Croatia,10,78.0,28.0,Complete,High Pass
8658,Hugo Lloris,France,11,7.0,42.0,Complete,High Pass
8658,Olivier Giroud,France,11,76.0,49.0,Complete,Low Pass
8658,Paul Pogba,France,11,68.0,53.0,Complete,High Pass
8658,Lucas Hernández Pi,France,11,101.0,1.0,Incomplete,Low Pass
8658,Luka Modrić,Croatia,11,16.0,73.0,Incomplete,High Pass
8658,Paul Pogba,France,11,78.0,5.0,Complete,Ground Pass
8658,Samuel Yves Umtiti,France,11,63.0,8.0,Complete,Ground Pass
8658,Raphaël Varane,France,11,58.0,47.0,Complete,Ground Pass
8658,Benjamin Pavard,France,11,67.0,70.0,Complete,Ground Pass
8658,Raphaël Varane,France,11,51.0,60.0,Complete,Ground Pass
8658,Benjamin Pavard,France,12,49.0,67.0,Complete,Ground Pass
8658,Hugo Lloris,France,12,14.0,43.0,Incomplete,High Pass
8658,Dejan Lovren,Croatia,12,49.0,53.0,Complete,High Pass
8658,Mario Mandžukić,Croatia,12,69.0,45.0,Complete,High Pass
8658,Marcelo Brozović,Croatia,12,53.0,41.0,Incomplete,Ground Pass
8658,Blaise Matuidi,France,12,54.0,28.0,Complete,Ground Pass
8658,Lucas Hernández Pi,France,12,56.0,3.0,Complete,Ground Pass
8658,Antoine Griezmann,France,12,66.0,6.0,Complete,Ground Pass
8658,Blaise Matuidi,France,12,52.0,9.0,Complete,Ground Pass
8658,Samuel Yves Umtiti,France,12,44.0,26.0,Complete,Ground Pass
8658,Raphaël Varane,France,12,52.0,53.0,Complete,Ground Pass
8658,Ivan Perišić,Croatia,12,44.0,11.0,Incomplete,Ground Pass
8658,Benjamin Pavard,France,12,62.0,79.0,Complete,Low Pass
8658,Raphaël Varane,France,12,42.0,71.0,Complete,Ground Pass
8658,Samuel Yves Umtiti,France,12,56.0,27.0,Out,High Pass
8658,Dejan Lovren,Croatia,13,20.0,66.0,Complete,Ground Pass
8658,Marcelo Brozović,Croatia,13,30.0,57.0,Complete,Ground Pass
8658,Ivan Rakitić,Croatia,13,36.0,23.0,Complete,Ground Pass
8658,Dejan Lovren,Croatia,13,46.0,68.0,Complete,Ground Pass
8658,Šime Vrsaljko,Croatia,13,54.0,77.0,Complete,Ground Pass
8658,Dejan Lovren,Croatia,13,52.0,70.0,Complete,Ground Pass
8658,Ivan Perišić,Croatia,13,68.0,60.0,Complete,Low Pass
8658,Luka Modrić,Croatia,13,80.0,64.0,Complete,Ground Pass
8658,Ante Rebić,Croatia,13,85.0,79.0,Out,Ground Pass
8658,Hugo Lloris,France,14,7.0,44.0,Incomplete,High Pass
8658,Ivan Rakitić,Croatia,14,44.0,27.0,Complete,High Pass
8658,Mario Mandžukić,Croatia,14,64.0,27.0,Complete,Low Pass
8658,Ivan Rakitić,Croatia,14,50.0,29.0,Complete,Low Pass
8658,Ivan Perišić,Croatia,14,106.0,16.0,Incomplete,Ground Pass
8658,Domagoj Vida,Croatia,14,70.0,7.0,Complete,Ground Pass
8658,Dejan Lovren,Croatia,14,67.0,50.0,Complete,Ground Pass
8658,Luka Modrić,Croatia,14,76.0,55.0,Complete,Ground Pass
8658,Šime Vrsaljko,Croatia,14,63.0,59.0,Complete,Ground Pass
8658,Dejan Lovren,Croatia,14,53.0,52.0,Complete,Ground Pass
8658,Dejan Lovren,Croatia,15,51.0,66.0,Complete,Ground Pass
8658,Marcelo Brozović,Croatia,15,54.0,54.0,Complete,Ground Pass
8658,Luka Modrić,Croatia,15,63.0,79.0,Incomplete,Ground Pass
8658,Lucas Hernández Pi,France,15,36.0,3.0,Complete,Ground Pass
8658,N''Golo Kanté,France,15,35.0,12.0,Complete,Ground Pass
8658,Blaise Matuidi,France,15,44.0,7.0,Complete,Ground Pass
8658,Paul Pogba,France,15,48.0,34.0,Complete,Low Pass
8658,Kylian Mbappé Lottin,France,15,55.0,73.0,Incomplete,Ground Pass
8658,Kylian Mbappé Lottin,France,15,45.0,63.0,Complete,Ground Pass
8658,Raphaël Varane,France,15,27.0,53.0,Complete,Ground Pass
8658,N''Golo Kanté,France,16,45.0,30.0,Complete,Ground Pass
8658,Blaise Matuidi,France,16,53.0,29.0,Complete,Ground Pass
8658,N''Golo Kanté,France,16,49.0,24.0,Incomplete,High Pass
8658,Ivan Strinić,Croatia,16,23.0,31.0,Incomplete,Low Pass
8658,Ante Rebić,Croatia,16,20.0,12.0,Complete,Ground Pass
8658,Ivan Strinić,Croatia,16,16.0,17.0,Complete,Ground Pass
8658,Olivier Giroud,France,16,91.0,78.0,Complete,Ground Pass
8658,Raphaël Varane,France,16,57.0,55.0,Complete,Ground Pass
8658,Lucas Hernández Pi,France,16,79.0,6.0,Incomplete,High Pass
8658,Antoine Griezmann,France,16,95.0,51.0,Complete,Low Pass
8658,Kylian Mbappé Lottin,France,16,118.0,61.0,Incomplete,Ground Pass
8658,Ivan Perišić,Croatia,16,22.0,4.0,Incomplete,Ground Pass
8658,Raphaël Varane,France,16,81.0,69.0,Complete,Ground Pass
8658,Antoine Griezmann,France,17,93.0,56.0,Incomplete,High Pass
8658,Mario Mandžukić,Croatia,19,60.0,40.0,Complete,Ground Pass
8658,Marcelo Brozović,Croatia,19,50.0,42.0,Complete,Ground Pass
8658,Luka Modrić,Croatia,19,52.0,58.0,Complete,Ground Pass
8658,Šime Vrsaljko,Croatia,19,52.0,77.0,Complete,Ground Pass
8658,Dejan Lovren,Croatia,19,43.0,68.0,Complete,Ground Pass
8658,Domagoj Vida,Croatia,19,33.0,28.0,Complete,Ground Pass
8658,Ivan Rakitić,Croatia,19,40.0,25.0,Complete,Ground Pass
8658,Dejan Lovren,Croatia,19,68.0,60.0,Complete,Ground Pass
8658,Šime Vrsaljko,Croatia,19,80.0,79.0,Incomplete,High Pass
8658,Lucas Hernández Pi,France,19,20.0,18.0,Complete,Ground Pass
8658,N''Golo Kanté,France,19,34.0,12.0,Complete,Ground Pass
8658,Blaise Matuidi,France,19,34.0,2.0,Complete,Ground Pass
8658,Luka Modrić,Croatia,20,102.0,74.0,Complete,High Pass
8658,Hugo Lloris,France,21,6.0,42.0,Complete,High Pass
8658,Luka Modrić,Croatia,21,43.0,49.0,Out,Low Pass
8658,Lucas Hernández Pi,France,21,91.0,1.0,Complete,High Pass
8658,Samuel Yves Umtiti,France,21,48.0,3.0,Complete,Ground Pass
8658,Hugo Lloris,France,21,25.0,30.0,Incomplete,High Pass
8658,Šime Vrsaljko,Croatia,21,42.0,78.0,Incomplete,High Pass
8658,Blaise Matuidi,France,21,67.0,4.0,Incomplete,High Pass
8658,Šime Vrsaljko,Croatia,22,38.0,78.0,Complete,Ground Pass
8658,Ivan Perišić,Croatia,22,55.0,78.0,Complete,Ground Pass
8658,Luka Modrić,Croatia,22,45.0,72.0,Complete,Ground Pass
8658,Šime Vrsaljko,Croatia,22,38.0,78.0,Complete,Ground Pass
8658,Marcelo Brozović,Croatia,22,49.0,65.0,Incomplete,Ground Pass
8658,Blaise Matuidi,France,22,57.0,25.0,Complete,Ground Pass
8658,Paul Pogba,France,22,64.0,35.0,Complete,Ground Pass
8658,Ivan Rakitić,Croatia,22,77.0,3.0,Complete,Ground Pass
8658,Luka Modrić,Croatia,23,85.0,8.0,Incomplete,High Pass
8658,Marcelo Brozović,Croatia,23,90.0,57.0,Incomplete,High Pass
8658,Dejan Lovren,Croatia,23,77.0,48.0,Complete,Ground Pass
8658,Mario Mandžukić,Croatia,23,106.0,66.0,Complete,High Pass
8658,Hugo Lloris,France,24,7.0,43.0,Incomplete,High Pass
8658,Marcelo Brozović,Croatia,24,44.0,31.0,Complete,High Pass
8658,Ivan Perišić,Croatia,24,52.0,49.0,Incomplete,High Pass
8658,Antoine Griezmann,France,24,81.0,27.0,Complete,Ground Pass
8658,Lucas Hernández Pi,France,24,85.0,3.0,Incomplete,Ground Pass
8658,Šime Vrsaljko,Croatia,24,5.0,78.0,Incomplete,High Pass
8658,Šime Vrsaljko,Croatia,24,30.0,79.0,Incomplete,High Pass
8658,Blaise Matuidi,France,24,68.0,6.0,Complete,High Pass
8658,Antoine Griezmann,France,24,81.0,26.0,Incomplete,High Pass
8658,Ivan Strinić,Croatia,24,41.0,26.0,Incomplete,High Pass
8658,Benjamin Pavard,France,24,68.0,78.0,Incomplete,High Pass
8658,Domagoj Vida,Croatia,25,27.0,27.0,Complete,High Pass
8658,Marcelo Brozović,Croatia,25,31.0,31.0,Complete,Ground Pass
8658,Šime Vrsaljko,Croatia,25,35.0,71.0,Incomplete,High Pass
8658,Samuel Yves Umtiti,France,25,43.0,17.0,Complete,High Pass
8658,Olivier Giroud,France,25,66.0,24.0,Incomplete,High Pass
8658,Marcelo Brozović,Croatia,25,48.0,56.0,Out,High Pass
8658,Raphaël Varane,France,25,32.0,51.0,Complete,Ground Pass
8658,Samuel Yves Umtiti,France,25,32.0,5.0,Incomplete,High Pass
8658,Lucas Hernández Pi,France,25,40.0,1.0,Complete,High Pass
8658,Šime Vrsaljko,Croatia,26,59.0,73.0,Complete,Ground Pass
8658,Ivan Rakitić,Croatia,26,66.0,68.0,Complete,Ground Pass
8658,Marcelo Brozović,Croatia,26,56.0,56.0,Complete,Ground Pass
8658,Dejan Lovren,Croatia,26,52.0,72.0,Out,Ground Pass
8658,Lucas Hernández Pi,France,26,53.0,1.0,Complete,High Pass
8658,Blaise Matuidi,France,26,67.0,12.0,Incomplete,Low Pass
8658,Dejan Lovren,Croatia,26,42.0,75.0,Incomplete,High Pass
8658,Antoine Griezmann,France,26,63.0,26.0,Complete,Ground Pass
8658,Benjamin Pavard,France,26,54.0,75.0,Complete,Ground Pass
8658,Kylian Mbappé Lottin,France,26,67.0,79.0,Complete,Low Pass
8658,Benjamin Pavard,France,26,70.0,71.0,Incomplete,Ground Pass
8658,Ante Rebić,Croatia,26,17.0,8.0,Complete,Ground Pass
8658,Domagoj Vida,Croatia,26,10.0,16.0,Complete,High Pass
8658,Mario Mandžukić,Croatia,26,54.0,28.0,Complete,High Pass
8658,Luka Modrić,Croatia,27,84.0,40.0,Complete,High Pass
8658,Šime Vrsaljko,Croatia,27,112.0,63.0,Complete,High Pass
8658,Mario Mandžukić,Croatia,27,113.0,52.0,Complete,High Pass
8658,Dejan Lovren,Croatia,27,109.0,45.0,Complete,High Pass
8658,Domagoj Vida,Croatia,27,108.0,40.0,Complete,Low Pass
8658,Benjamin Pavard,France,29,98.0,79.0,Incomplete,Low Pass
8658,Benjamin Pavard,France,29,110.0,80.0,Complete,High Pass
8658,Raphaël Varane,France,29,69.0,44.0,Complete,Ground Pass
8658,Hugo Lloris,France,29,18.0,43.0,Complete,High Pass
8658,Benjamin Pavard,France,29,70.0,74.0,Pass Offside,High Pass
8658,Ivan Perišić,Croatia,30,69.0,75.0,Complete,Ground Pass
8658,Luka Modrić,Croatia,30,66.0,69.0,Complete,Ground Pass
8658,Marcelo Brozović,Croatia,30,57.0,60.0,Complete,Ground Pass
8658,Luka Modrić,Croatia,30,64.0,72.0,Complete,Low Pass
8658,Mario Mandžukić,Croatia,30,82.0,65.0,Out,Low Pass
8658,Lucas Hernández Pi,France,30,23.0,2.0,Complete,High Pass
8658,Paul Pogba,France,30,37.0,8.0,Complete,Low Pass
8658,Luka Modrić,Croatia,30,76.0,69.0,Complete,Ground Pass
8658,Dejan Lovren,Croatia,30,52.0,78.0,Complete,Ground Pass
8658,Danijel Subašić,Croatia,30,8.0,52.0,Complete,Ground Pass
8658,Domagoj Vida,Croatia,30,24.0,40.0,Complete,Ground Pass
8658,Marcelo Brozović,Croatia,30,35.0,34.0,Complete,Ground Pass
8658,Ivan Rakitić,Croatia,30,46.0,31.0,Complete,Ground Pass
8658,Marcelo Brozović,Croatia,30,26.0,27.0,Complete,Ground Pass
8658,Domagoj Vida,Croatia,31,24.0,49.0,Complete,Ground Pass
8658,Luka Modrić,Croatia,31,38.0,49.0,Complete,Ground Pass
8658,Marcelo Brozović,Croatia,31,33.0,44.0,Complete,Ground Pass
8658,Ivan Rakitić,Croatia,31,48.0,35.0,Complete,Ground Pass
8658,Mario Mandžukić,Croatia,31,58.0,40.0,Complete,Ground Pass
8658,Ivan Rakitić,Croatia,31,57.0,47.0,Out,High Pass
8658,Lucas Hernández Pi,France,31,16.0,1.0,Incomplete,High Pass
8658,Luka Modrić,Croatia,31,88.0,79.0,Complete,High Pass
8658,Mario Mandžukić,Croatia,31,99.0,64.0,Complete,High Pass
8658,Ivan Perišić,Croatia,31,93.0,79.0,Complete,High Pass
8658,Lucas Hernández Pi,France,31,35.0,2.0,Complete,High Pass
8658,Ivan Rakitić,Croatia,31,66.0,73.0,Complete,Ground Pass
8658,Dejan Lovren,Croatia,31,43.0,77.0,Complete,Ground Pass
8658,Danijel Subašić,Croatia,32,9.0,54.0,Incomplete,High Pass
8658,Blaise Matuidi,France,32,53.0,2.0,Out,Low Pass
8658,Šime Vrsaljko,Croatia,32,66.0,80.0,Complete,High Pass
8658,Dejan Lovren,Croatia,32,39.0,75.0,Complete,Ground Pass
8658,Luka Modrić,Croatia,32,54.0,73.0,Complete,Ground Pass
8658,Šime Vrsaljko,Croatia,32,72.0,78.0,Complete,Ground Pass
8658,Ivan Perišić,Croatia,32,66.0,79.0,Complete,Ground Pass
8658,Luka Modrić,Croatia,32,63.0,74.0,Complete,High Pass
8658,Mario Mandžukić,Croatia,32,90.0,61.0,Complete,High Pass
8658,Ante Rebić,Croatia,32,113.0,72.0,Incomplete,High Pass
8658,Hugo Lloris,France,32,18.0,39.0,Incomplete,High Pass
8658,Domagoj Vida,Croatia,32,32.0,23.0,Out,High Pass
8658,Antoine Griezmann,France,33,120.0,79.0,Unknown,High Pass
8658,Šime Vrsaljko,Croatia,39,50.0,75.0,Complete,Ground Pass
8658,Dejan Lovren,Croatia,39,38.0,56.0,Complete,Ground Pass
8658,Domagoj Vida,Croatia,39,35.0,26.0,Complete,Ground Pass
8658,Ivan Rakitić,Croatia,39,42.0,4.0,Complete,Ground Pass
8658,Ivan Perišić,Croatia,39,62.0,21.0,Complete,Low Pass
8658,Ivan Strinić,Croatia,39,82.0,3.0,Complete,Ground Pass
8658,Ivan Perišić,Croatia,39,110.0,7.0,Complete,High Pass
8658,Hugo Lloris,France,39,15.0,51.0,Complete,High Pass
8658,Olivier Giroud,France,39,74.0,60.0,Complete,High Pass
8658,Kylian Mbappé Lottin,France,39,119.0,75.0,Incomplete,Ground Pass
8658,Dejan Lovren,Croatia,39,13.0,33.0,Complete,Ground Pass
8658,Marcelo Brozović,Croatia,39,14.0,24.0,Complete,High Pass
8658,Luka Modrić,Croatia,40,65.0,59.0,Complete,Ground Pass
8658,Domagoj Vida,Croatia,40,50.0,42.0,Complete,Ground Pass
8658,Ivan Rakitić,Croatia,40,54.0,33.0,Complete,Ground Pass
8658,Marcelo Brozović,Croatia,40,60.0,54.0,Complete,Ground Pass
8658,Dejan Lovren,Croatia,40,78.0,71.0,Complete,Ground Pass
8658,Šime Vrsaljko,Croatia,40,93.0,75.0,Complete,Ground Pass
8658,Dejan Lovren,Croatia,40,81.0,78.0,Complete,Ground Pass
8658,Marcelo Brozović,Croatia,40,72.0,68.0,Complete,Ground Pass
8658,Domagoj Vida,Croatia,40,62.0,32.0,Complete,Ground Pass
8658,Ivan Strinić,Croatia,40,67.0,8.0,Complete,Ground Pass
8658,Ivan Perišić,Croatia,40,82.0,8.0,Complete,Ground Pass
8658,Ivan Strinić,Croatia,40,67.0,5.0,Complete,Ground Pass
8658,Marcelo Brozović,Croatia,40,66.0,28.0,Complete,Low Pass
8658,Luka Modrić,Croatia,40,66.0,65.0,Complete,Ground Pass
8658,Dejan Lovren,Croatia,40,76.0,72.0,Complete,Ground Pass
8658,Šime Vrsaljko,Croatia,41,85.0,79.0,Incomplete,Ground Pass
8658,Šime Vrsaljko,Croatia,41,100.0,79.0,Complete,High Pass
8658,Luka Modrić,Croatia,41,96.0,73.0,Complete,Ground Pass
8658,Luka Modrić,Croatia,41,79.0,64.0,Complete,Ground Pass
8658,Benjamin Pavard,France,41,28.0,49.0,Incomplete,Low Pass
8658,Domagoj Vida,Croatia,41,44.0,26.0,Complete,Ground Pass
8658,Danijel Subašić,Croatia,41,8.0,48.0,Complete,Ground Pass
8658,Dejan Lovren,Croatia,41,29.0,60.0,Complete,Ground Pass
8658,Marcelo Brozović,Croatia,41,51.0,64.0,Complete,Ground Pass
8658,Luka Modrić,Croatia,41,52.0,62.0,Complete,Ground Pass
8658,Šime Vrsaljko,Croatia,41,54.0,80.0,Complete,Ground Pass
8658,Luka Modrić,Croatia,42,48.0,71.0,Unknown,High Pass
8658,Luka Modrić,Croatia,42,81.0,74.0,Complete,High Pass
8658,Ivan Rakitić,Croatia,43,120.0,2.0,Incomplete,High Pass
8658,Ivan Rakitić,Croatia,43,120.0,1.0,Complete,High Pass
8658,Šime Vrsaljko,Croatia,43,60.0,35.0,Complete,High Pass
8658,Ivan Rakitić,Croatia,43,101.0,1.0,Complete,High Pass
8658,Ivan Rakitić,Croatia,45,119.0,2.0,Complete,High Pass
8658,Hugo Lloris,France,45,7.0,45.0,Incomplete,High Pass
8658,Luka Modrić,Croatia,45,54.0,34.0,Complete,High Pass
8658,Ante Rebić,Croatia,46,63.0,43.0,Incomplete,Ground Pass
8658,Raphaël Varane,France,46,42.0,38.0,Complete,Ground Pass
8658,Antoine Griezmann,France,46,52.0,29.0,Complete,Ground Pass
8658,Blaise Matuidi,France,46,48.0,32.0,Complete,Ground Pass
8658,Samuel Yves Umtiti,France,46,38.0,34.0,Complete,High Pass
8658,Marcelo Brozović,Croatia,46,47.0,31.0,Complete,Ground Pass
8658,Ivan Perišić,Croatia,46,49.0,25.0,Complete,High Pass
8658,Hugo Lloris,France,46,18.0,34.0,Complete,High Pass
8658,Šime Vrsaljko,Croatia,46,23.0,69.0,Complete,Ground Pass
8658,Marcelo Brozović,Croatia,46,29.0,62.0,Complete,Ground Pass
8658,Domagoj Vida,Croatia,46,34.0,17.0,Complete,Ground Pass
8658,Dejan Lovren,Croatia,47,21.0,41.0,Complete,Ground Pass
8658,Šime Vrsaljko,Croatia,47,26.0,70.0,Complete,High Pass
8658,Olivier Giroud,France,47,70.0,22.0,Complete,Ground Pass
8658,Lucas Hernández Pi,France,47,80.0,38.0,Out,Ground Pass
8658,Ivan Rakitić,Croatia,47,29.0,36.0,Complete,Ground Pass
8658,Marcelo Brozović,Croatia,47,43.0,50.0,Complete,High Pass
8658,Luka Modrić,Croatia,47,67.0,54.0,Complete,Ground Pass
8658,Marcelo Brozović,Croatia,47,81.0,71.0,Complete,Ground Pass
8658,Šime Vrsaljko,Croatia,47,102.0,78.0,Complete,High Pass
8658,Ivan Perišić,Croatia,47,115.0,2.0,Complete,Ground Pass
8658,Raphaël Varane,France,48,23.0,77.0,Unknown,High Pass
8658,Antoine Griezmann,France,45,61.0,41.0,Complete,Ground Pass
8658,Raphaël Varane,France,45,24.0,49.0,Incomplete,High Pass
8658,Ivan Rakitić,Croatia,45,38.0,3.0,Complete,High Pass
8658,Ivan Strinić,Croatia,45,29.0,2.0,Incomplete,High Pass
8658,Benjamin Pavard,France,45,71.0,78.0,Complete,High Pass
8658,Kylian Mbappé Lottin,France,45,81.0,73.0,Complete,High Pass
8658,Antoine Griezmann,France,45,76.0,59.0,Complete,Ground Pass
8658,Raphaël Varane,France,45,66.0,59.0,Complete,Ground Pass
8658,Samuel Yves Umtiti,France,45,65.0,24.0,Complete,Ground Pass
8658,Antoine Griezmann,France,45,76.0,30.0,Incomplete,Ground Pass
8658,Šime Vrsaljko,Croatia,45,41.0,54.0,Complete,Ground Pass
8658,Luka Modrić,Croatia,45,52.0,49.0,Complete,Ground Pass
8658,Ivan Rakitić,Croatia,45,68.0,37.0,Complete,High Pass
8658,Ante Rebić,Croatia,45,85.0,60.0,Complete,Ground Pass
8658,Šime Vrsaljko,Croatia,45,108.0,66.0,Incomplete,Ground Pass
8658,Hugo Lloris,France,45,13.0,37.0,Complete,Low Pass
8658,Paul Pogba,France,45,38.0,61.0,Complete,Ground Pass
8658,Benjamin Pavard,France,45,44.0,77.0,Complete,Ground Pass
8658,Paul Pogba,France,46,43.0,68.0,Complete,Ground Pass
8658,Benjamin Pavard,France,46,56.0,77.0,Complete,High Pass
8658,Olivier Giroud,France,46,102.0,56.0,Complete,Ground Pass
8658,Marcelo Brozović,Croatia,46,25.0,44.0,Complete,Ground Pass
8658,Luka Modrić,Croatia,46,36.0,43.0,Complete,Ground Pass
8658,Marcelo Brozović,Croatia,46,31.0,50.0,Complete,Ground Pass
8658,Šime Vrsaljko,Croatia,46,34.0,67.0,Complete,Ground Pass
8658,Dejan Lovren,Croatia,46,24.0,40.0,Complete,Ground Pass
8658,Domagoj Vida,Croatia,46,26.0,26.0,Complete,Ground Pass
8658,Dejan Lovren,Croatia,46,30.0,38.0,Complete,Ground Pass
8658,Luka Modrić,Croatia,46,38.0,47.0,Complete,Ground Pass
8658,Šime Vrsaljko,Croatia,46,45.0,75.0,Complete,High Pass
8658,Mario Mandžukić,Croatia,46,66.0,53.0,Complete,High Pass
8658,Luka Modrić,Croatia,46,63.0,48.0,Complete,Ground Pass
8658,Šime Vrsaljko,Croatia,46,56.0,77.0,Complete,Ground Pass
8658,Marcelo Brozović,Croatia,46,55.0,63.0,Complete,Ground Pass
8658,Šime Vrsaljko,Croatia,46,54.0,76.0,Complete,Ground Pass
8658,Dejan Lovren,Croatia,46,36.0,45.0,Complete,Ground Pass
8658,Ivan Rakitić,Croatia,46,86.0,17.0,Incomplete,Ground Pass
8658,Ivan Rakitić,Croatia,47,85.0,22.0,Complete,Ground Pass
8658,Luka Modrić,Croatia,47,119.0,79.0,Complete,High Pass
8658,Hugo Lloris,France,48,6.0,43.0,Complete,High Pass
8658,Olivier Giroud,France,48,68.0,48.0,Complete,High Pass
8658,Antoine Griezmann,France,48,68.0,36.0,Complete,High Pass
8658,Lucas Hernández Pi,France,48,67.0,2.0,Complete,Ground Pass
8658,Ante Rebić,Croatia,48,31.0,74.0,Complete,Ground Pass
8658,Marcelo Brozović,Croatia,48,33.0,56.0,Incomplete,High Pass
8658,Hugo Lloris,France,48,27.0,30.0,Incomplete,High Pass
8658,Dejan Lovren,Croatia,48,36.0,55.0,Complete,Ground Pass
8658,Šime Vrsaljko,Croatia,48,40.0,78.0,Incomplete,High Pass
8658,Samuel Yves Umtiti,France,48,56.0,25.0,Complete,Ground Pass
8658,Paul Pogba,France,48,64.0,38.0,Incomplete,Ground Pass
8658,Ivan Strinić,Croatia,48,55.0,11.0,Incomplete,Ground Pass
8658,Mario Mandžukić,Croatia,48,105.0,21.0,Incomplete,Ground Pass
8658,Paul Pogba,France,48,22.0,54.0,Complete,Ground Pass
8658,Benjamin Pavard,France,48,18.0,63.0,Out,High Pass
8658,Šime Vrsaljko,Croatia,49,81.0,79.0,Complete,High Pass
8658,Luka Modrić,Croatia,49,84.0,73.0,Incomplete,High Pass
8658,Luka Modrić,Croatia,49,119.0,80.0,Incomplete,High Pass
8658,Hugo Lloris,France,49,6.0,44.0,Complete,High Pass
8658,Olivier Giroud,France,50,73.0,55.0,Incomplete,High Pass
8658,Ivan Rakitić,Croatia,50,54.0,27.0,Complete,High Pass
8658,Luka Modrić,Croatia,50,67.0,39.0,Complete,Low Pass
8658,Mario Mandžukić,Croatia,50,76.0,42.0,Incomplete,Low Pass
8658,Šime Vrsaljko,Croatia,50,77.0,79.0,Complete,High Pass
8658,Marcelo Brozović,Croatia,50,65.0,59.0,Incomplete,High Pass
8658,Šime Vrsaljko,Croatia,50,94.0,79.0,Complete,High Pass
8658,Marcelo Brozović,Croatia,50,78.0,74.0,Complete,Ground Pass
8658,Dejan Lovren,Croatia,50,63.0,59.0,Complete,Ground Pass
8658,Domagoj Vida,Croatia,50,54.0,32.0,Complete,Ground Pass
8658,Ivan Rakitić,Croatia,50,72.0,19.0,Complete,Ground Pass
8658,Ivan Strinić,Croatia,50,85.0,4.0,Complete,Ground Pass
8658,Ivan Rakitić,Croatia,50,68.0,20.0,Complete,Ground Pass
8658,Marcelo Brozović,Croatia,50,64.0,33.0,Complete,Ground Pass
8658,Luka Modrić,Croatia,50,73.0,50.0,Complete,Ground Pass
8658,Marcelo Brozović,Croatia,50,73.0,46.0,Complete,Ground Pass
8658,Ante Rebić,Croatia,50,88.0,56.0,Incomplete,Ground Pass
8658,Blaise Matuidi,France,50,36.0,4.0,Incomplete,Ground Pass
8658,Šime Vrsaljko,Croatia,51,80.0,67.0,Complete,Ground Pass
8658,Luka Modrić,Croatia,51,70.0,60.0,Complete,Ground Pass
8658,Marcelo Brozović,Croatia,51,74.0,42.0,Complete,Ground Pass
8658,Luka Modrić,Croatia,51,73.0,57.0,Complete,Ground Pass
8658,Blaise Matuidi,France,51,27.0,6.0,Complete,Ground Pass
8658,Marcelo Brozović,Croatia,51,78.0,54.0,Complete,Ground Pass
8658,Luka Modrić,Croatia,51,79.0,60.0,Complete,Ground Pass
8658,Mario Mandžukić,Croatia,51,98.0,50.0,Incomplete,Low Pass
8658,Olivier Giroud,France,51,46.0,40.0,Complete,Ground Pass
8658,Paul Pogba,France,51,47.0,53.0,Complete,Ground Pass
8658,Marcelo Brozović,Croatia,51,35.0,28.0,Complete,Ground Pass
8658,Šime Vrsaljko,Croatia,51,50.0,57.0,Complete,Ground Pass
8658,Luka Modrić,Croatia,51,52.0,59.0,Complete,High Pass
8658,Kylian Mbappé Lottin,France,52,45.0,72.0,Injury Clearance,Ground Pass
8658,Ivan Rakitić,Croatia,52,86.0,11.0,Complete,Ground Pass
8658,Domagoj Vida,Croatia,52,45.0,25.0,Complete,Ground Pass
8658,Marcelo Brozović,Croatia,52,51.0,45.0,Complete,Ground Pass
8658,Ivan Rakitić,Croatia,52,72.0,13.0,Incomplete,Ground Pass
8658,Ivan Strinić,Croatia,53,85.0,5.0,Complete,Ground Pass
8658,Benjamin Pavard,France,53,3.0,77.0,Incomplete,Ground Pass
8658,Ivan Strinić,Croatia,53,102.0,8.0,Complete,Ground Pass
8658,Ivan Rakitić,Croatia,53,90.0,16.0,Incomplete,High Pass
8658,Olivier Giroud,France,54,85.0,62.0,Incomplete,High Pass
8658,Ivan Strinić,Croatia,54,30.0,14.0,Incomplete,High Pass
8658,Paul Pogba,France,54,65.0,53.0,Incomplete,High Pass
8658,Domagoj Vida,Croatia,54,31.0,30.0,Incomplete,High Pass
8658,Steven N''Kemboanza Mike Christopher Nzonzi,France,54,73.0,43.0,Complete,High Pass
8658,Antoine Griezmann,France,54,92.0,34.0,Incomplete,Ground Pass
8658,Dejan Lovren,Croatia,54,16.0,59.0,Incomplete,High Pass
8658,Šime Vrsaljko,Croatia,54,24.0,79.0,Complete,High Pass
8658,Dejan Lovren,Croatia,54,9.0,75.0,Incomplete,High Pass
8658,Šime Vrsaljko,Croatia,54,25.0,79.0,Complete,High Pass
8658,Marcelo Brozović,Croatia,55,36.0,64.0,Complete,High Pass
8658,Ivan Strinić,Croatia,55,69.0,5.0,Complete,Ground Pass
8658,Ivan Perišić,Croatia,55,80.0,3.0,Complete,Ground Pass
8658,Ivan Rakitić,Croatia,55,79.0,15.0,Complete,Ground Pass
8658,Luka Modrić,Croatia,55,75.0,40.0,Complete,Ground Pass
8658,Šime Vrsaljko,Croatia,55,92.0,61.0,Complete,Ground Pass
8658,Luka Modrić,Croatia,55,89.0,53.0,Complete,Ground Pass
8658,Domagoj Vida,Croatia,55,48.0,69.0,Out,Ground Pass
8658,Lucas Hernández Pi,France,56,70.0,1.0,Incomplete,High Pass
8658,Luka Modrić,Croatia,56,44.0,40.0,Incomplete,High Pass
8658,Samuel Yves Umtiti,France,56,45.0,28.0,Complete,Ground Pass
8658,Paul Pogba,France,56,56.0,40.0,Complete,Ground Pass
8658,Benjamin Pavard,France,56,70.0,76.0,Complete,Ground Pass
8658,Marcelo Brozović,Croatia,56,48.0,13.0,Complete,Ground Pass
8658,Mario Mandžukić,Croatia,56,52.0,27.0,Complete,Ground Pass
8658,Šime Vrsaljko,Croatia,56,54.0,59.0,Complete,Ground Pass
8658,Dejan Lovren,Croatia,56,52.0,51.0,Complete,Ground Pass
8658,Marcelo Brozović,Croatia,56,59.0,28.0,Complete,Ground Pass
8658,Marcelo Brozović,Croatia,56,79.0,25.0,Complete,Ground Pass
8658,Ivan Strinić,Croatia,57,72.0,7.0,Complete,Ground Pass
8658,Ivan Perišić,Croatia,57,100.0,11.0,Incomplete,High Pass
8658,Hugo Lloris,France,57,16.0,22.0,Unknown,High Pass
8658,Ivan Rakitić,Croatia,57,56.0,33.0,Complete,Low Pass
8658,Šime Vrsaljko,Croatia,57,55.0,64.0,Complete,Ground Pass
8658,Mario Mandžukić,Croatia,57,68.0,74.0,Complete,Low Pass
8658,Ante Rebić,Croatia,57,74.0,42.0,Complete,High Pass
8658,Ivan Perišić,Croatia,57,116.0,25.0,Out,High Pass
8658,Lucas Hernández Pi,France,58,14.0,2.0,Complete,High Pass
8658,Olivier Giroud,France,58,36.0,4.0,Complete,High Pass
8658,Steven N''Kemboanza Mike Christopher Nzonzi,France,58,32.0,7.0,Complete,High Pass
8658,Antoine Griezmann,France,58,48.0,5.0,Complete,High Pass
8658,Paul Pogba,France,58,39.0,25.0,Complete,Low Pass
8658,Kylian Mbappé Lottin,France,58,116.0,57.0,Complete,Low Pass
8658,Antoine Griezmann,France,58,106.0,44.0,Complete,Ground Pass
8658,Mario Mandžukić,Croatia,60,60.0,41.0,Complete,Ground Pass
8658,Marcelo Brozović,Croatia,60,52.0,34.0,Complete,Ground Pass
8658,Ivan Rakitić,Croatia,60,58.0,22.0,Incomplete,Ground Pass
8658,Benjamin Pavard,France,60,47.0,76.0,Complete,Ground Pass
8658,Paul Pogba,France,60,58.0,50.0,Complete,Ground Pass
8658,Blaise Matuidi,France,60,66.0,21.0,Complete,Ground Pass
8658,Steven N''Kemboanza Mike Christopher Nzonzi,France,60,59.0,16.0,Complete,Ground Pass
8658,Lucas Hernández Pi,France,60,68.0,5.0,Complete,Ground Pass
8658,Paul Pogba,France,60,64.0,26.0,Complete,High Pass
8658,Blaise Matuidi,France,60,109.0,4.0,Incomplete,High Pass
8658,Antoine Griezmann,France,61,120.0,79.0,Incomplete,High Pass
8658,Benjamin Pavard,France,61,98.0,79.0,Unknown,High Pass
8658,Olivier Giroud,France,61,111.0,77.0,Complete,High Pass
8658,Benjamin Pavard,France,61,106.0,72.0,Incomplete,High Pass
8658,Marcelo Brozović,Croatia,61,11.0,16.0,Complete,High Pass
8658,Domagoj Vida,Croatia,61,9.0,22.0,Complete,High Pass
8658,Marcelo Brozović,Croatia,62,59.0,9.0,Complete,Ground Pass
8658,Luka Modrić,Croatia,62,70.0,39.0,Complete,Ground Pass
8658,Šime Vrsaljko,Croatia,62,77.0,59.0,Complete,Ground Pass
8658,Marcelo Brozović,Croatia,62,66.0,48.0,Complete,Ground Pass
8658,Dejan Lovren,Croatia,62,59.0,50.0,Complete,Ground Pass
8658,Domagoj Vida,Croatia,62,55.0,31.0,Complete,Ground Pass
8658,Ivan Rakitić,Croatia,62,84.0,16.0,Complete,Ground Pass
8658,Ante Rebić,Croatia,62,88.0,19.0,Complete,High Pass
8658,Ivan Perišić,Croatia,62,99.0,67.0,Incomplete,High Pass
8658,Ivan Perišić,Croatia,62,93.0,55.0,Incomplete,High Pass
8658,Šime Vrsaljko,Croatia,62,80.0,72.0,Complete,Ground Pass
8658,Marcelo Brozović,Croatia,62,73.0,56.0,Complete,Ground Pass
8658,Luka Modrić,Croatia,63,86.0,22.0,Complete,Ground Pass
8658,Ivan Strinić,Croatia,63,76.0,8.0,Complete,Ground Pass
8658,Domagoj Vida,Croatia,63,65.0,32.0,Complete,Ground Pass
8658,Dejan Lovren,Croatia,63,84.0,60.0,Complete,Ground Pass
8658,Šime Vrsaljko,Croatia,63,91.0,63.0,Incomplete,High Pass
8658,Luka Modrić,Croatia,63,87.0,36.0,Complete,Low Pass
8658,Dejan Lovren,Croatia,63,77.0,51.0,Complete,Ground Pass
8658,Mario Mandžukić,Croatia,63,89.0,68.0,Complete,Ground Pass
8658,Šime Vrsaljko,Croatia,63,80.0,78.0,Complete,Ground Pass
8658,Dejan Lovren,Croatia,63,64.0,62.0,Complete,Ground Pass
8658,Marcelo Brozović,Croatia,63,68.0,41.0,Complete,Ground Pass
8658,Ivan Rakitić,Croatia,63,74.0,25.0,Complete,High Pass
8658,Ivan Strinić,Croatia,63,98.0,4.0,Complete,Ground Pass
8658,Ivan Perišić,Croatia,63,94.0,23.0,Incomplete,Ground Pass
8658,Ante Rebić,Croatia,63,90.0,21.0,Complete,Ground Pass
8658,Domagoj Vida,Croatia,64,47.0,48.0,Incomplete,High Pass
8658,Blaise Matuidi,France,64,66.0,28.0,Complete,Low Pass
8658,Antoine Griezmann,France,64,75.0,48.0,Complete,Ground Pass
8658,Steven N''Kemboanza Mike Christopher Nzonzi,France,64,55.0,43.0,Complete,Ground Pass
8658,Paul Pogba,France,64,64.0,30.0,Complete,Ground Pass
8658,Lucas Hernández Pi,France,64,70.0,6.0,Complete,Ground Pass
8658,Blaise Matuidi,France,64,78.0,3.0,Complete,Ground Pass
8658,Paul Pogba,France,64,59.0,7.0,Complete,Ground Pass
8658,Steven N''Kemboanza Mike Christopher Nzonzi,France,64,56.0,19.0,Complete,Ground Pass
8658,Paul Pogba,France,64,55.0,6.0,Complete,Ground Pass
8658,Lucas Hernández Pi,France,64,93.0,14.0,Complete,Ground Pass
8658,Marcelo Brozović,Croatia,66,39.0,46.0,Complete,Ground Pass
8658,Luka Modrić,Croatia,66,44.0,55.0,Complete,Ground Pass
8658,Marcelo Brozović,Croatia,66,54.0,50.0,Complete,Ground Pass
8658,Šime Vrsaljko,Croatia,66,92.0,48.0,Complete,Ground Pass
8658,Marcelo Brozović,Croatia,66,78.0,41.0,Incomplete,High Pass
8658,Paul Pogba,France,66,26.0,48.0,Complete,Low Pass
8658,Antoine Griezmann,France,66,35.0,42.0,Complete,Low Pass
8658,Steven N''Kemboanza Mike Christopher Nzonzi,France,66,28.0,41.0,Complete,High Pass
8658,Blaise Matuidi,France,66,30.0,19.0,Complete,Ground Pass
8658,Lucas Hernández Pi,France,66,27.0,18.0,Complete,Ground Pass
8658,Steven N''Kemboanza Mike Christopher Nzonzi,France,66,40.0,25.0,Complete,Ground Pass
8658,Blaise Matuidi,France,66,35.0,5.0,Complete,Ground Pass
8658,Lucas Hernández Pi,France,66,26.0,7.0,Complete,High Pass
8658,Šime Vrsaljko,Croatia,66,88.0,80.0,Incomplete,High Pass
8658,Samuel Yves Umtiti,France,66,21.0,27.0,Complete,High Pass
8658,Paul Pogba,France,67,39.0,42.0,Complete,Ground Pass
8658,Kylian Mbappé Lottin,France,67,61.0,78.0,Complete,Ground Pass
8658,Paul Pogba,France,67,55.0,65.0,Complete,Ground Pass
8658,Steven N''Kemboanza Mike Christopher Nzonzi,France,67,50.0,43.0,Complete,Ground Pass
8658,Samuel Yves Umtiti,France,67,47.0,27.0,Complete,Ground Pass
8658,Steven N''Kemboanza Mike Christopher Nzonzi,France,67,53.0,40.0,Complete,Ground Pass
8658,Raphaël Varane,France,67,47.0,58.0,Complete,Ground Pass
8658,Benjamin Pavard,France,67,55.0,77.0,Complete,Ground Pass
8658,Raphaël Varane,France,67,42.0,71.0,Complete,Ground Pass
8658,Steven N''Kemboanza Mike Christopher Nzonzi,France,67,51.0,50.0,Complete,Ground Pass
8658,Paul Pogba,France,67,61.0,59.0,Complete,Ground Pass
8658,Paul Pogba,France,67,70.0,52.0,Complete,High Pass
8658,Marcelo Brozović,Croatia,67,16.0,43.0,Complete,High Pass
8658,Šime Vrsaljko,Croatia,67,11.0,66.0,Complete,High Pass
8658,Ivan Perišić,Croatia,67,34.0,77.0,Incomplete,High Pass
8658,Lucas Hernández Pi,France,68,69.0,7.0,Complete,Low Pass
8658,Samuel Yves Umtiti,France,68,29.0,26.0,Complete,Ground Pass
8658,Ivan Rakitić,Croatia,68,54.0,49.0,Complete,Ground Pass
8658,Luka Modrić,Croatia,68,56.0,59.0,Complete,Ground Pass
8658,Mario Mandžukić,Croatia,68,68.0,58.0,Complete,Ground Pass
8658,Ivan Perišić,Croatia,68,76.0,71.0,Complete,Ground Pass
8658,Luka Modrić,Croatia,69,73.0,63.0,Complete,Ground Pass
8658,Šime Vrsaljko,Croatia,69,88.0,78.0,Complete,Ground Pass
8658,Ivan Perišić,Croatia,69,86.0,71.0,Complete,Ground Pass
8658,Luka Modrić,Croatia,69,86.0,55.0,Complete,Ground Pass
8658,Marcelo Brozović,Croatia,69,73.0,41.0,Complete,Ground Pass
8658,Ivan Rakitić,Croatia,69,76.0,31.0,Complete,Ground Pass
8658,Dejan Lovren,Croatia,69,67.0,51.0,Complete,Ground Pass
8658,Ivan Rakitić,Croatia,69,76.0,15.0,Complete,Ground Pass
8658,Ivan Strinić,Croatia,69,80.0,2.0,Complete,Ground Pass
8658,Marcelo Brozović,Croatia,69,83.0,26.0,Complete,High Pass
8658,Šime Vrsaljko,Croatia,69,109.0,64.0,Out,High Pass
8658,Benjamin Pavard,France,69,11.0,80.0,Complete,Low Pass
8658,Paul Pogba,France,69,17.0,77.0,Complete,Low Pass
8658,Benjamin Pavard,France,69,9.0,78.0,Incomplete,High Pass
8658,Dejan Lovren,Croatia,69,70.0,51.0,Complete,Ground Pass
8658,Marcelo Brozović,Croatia,70,82.0,25.0,Complete,Ground Pass
8658,Ivan Rakitić,Croatia,70,96.0,21.0,Complete,Ground Pass
8658,Ante Rebić,Croatia,70,111.0,3.0,Out,High Pass
8658,Hugo Lloris,France,70,7.0,43.0,Complete,High Pass
8658,Steven N''Kemboanza Mike Christopher Nzonzi,France,70,70.0,37.0,Incomplete,High Pass
8658,Marcelo Brozović,Croatia,70,38.0,40.0,Incomplete,Low Pass
8658,Blaise Matuidi,France,71,82.0,12.0,Complete,Ground Pass
8658,Ivan Perišić,Croatia,71,47.0,52.0,Injury Clearance,Ground Pass
8658,Hugo Lloris,France,71,22.0,29.0,Complete,High Pass
8658,Antoine Griezmann,France,71,88.0,26.0,Incomplete,High Pass
8658,Samuel Yves Umtiti,France,71,57.0,25.0,Unknown,High Pass
8658,Corentin Tolisso,France,73,56.0,16.0,Complete,Ground Pass
8658,Lucas Hernández Pi,France,73,42.0,3.0,Incomplete,Low Pass
8658,Lucas Hernández Pi,France,73,70.0,2.0,Complete,High Pass
8658,Antoine Griezmann,France,73,83.0,5.0,Incomplete,High Pass
8658,Marcelo Brozović,Croatia,73,32.0,74.0,Incomplete,High Pass
8658,Lucas Hernández Pi,France,73,68.0,7.0,Incomplete,High Pass
8658,Corentin Tolisso,France,73,79.0,4.0,Incomplete,Ground Pass
8658,Dejan Lovren,Croatia,73,21.0,75.0,Incomplete,High Pass
8658,Hugo Lloris,France,73,17.0,29.0,Incomplete,High Pass
8658,Dejan Lovren,Croatia,73,34.0,36.0,Incomplete,High Pass
8658,Paul Pogba,France,73,73.0,49.0,Complete,Ground Pass
8658,Kylian Mbappé Lottin,France,73,82.0,78.0,Complete,Ground Pass
8658,Benjamin Pavard,France,73,65.0,77.0,Complete,Ground Pass
8658,Steven N''Kemboanza Mike Christopher Nzonzi,France,74,57.0,58.0,Complete,High Pass
8658,Antoine Griezmann,France,74,89.0,60.0,Complete,High Pass
8658,Corentin Tolisso,France,74,88.0,40.0,Complete,Ground Pass
8658,Olivier Giroud,France,74,92.0,26.0,Incomplete,Ground Pass
8658,Marcelo Brozović,Croatia,74,42.0,54.0,Complete,Ground Pass
8658,Šime Vrsaljko,Croatia,74,42.0,59.0,Complete,Ground Pass
8658,Mario Mandžukić,Croatia,74,47.0,69.0,Complete,Ground Pass
8658,Šime Vrsaljko,Croatia,74,97.0,59.0,Complete,Ground Pass
8658,Ivan Perišić,Croatia,74,108.0,71.0,Incomplete,High Pass
8658,Mario Mandžukić,Croatia,74,91.0,46.0,Complete,Low Pass
8658,Luka Modrić,Croatia,74,68.0,39.0,Complete,Ground Pass
8658,Marcelo Brozović,Croatia,74,77.0,24.0,Complete,Ground Pass
8658,Andrej Kramarić,Croatia,74,93.0,19.0,Complete,Ground Pass
8658,Ivan Strinić,Croatia,74,108.0,11.0,Incomplete,High Pass
8658,Olivier Giroud,France,74,27.0,47.0,Complete,Low Pass
8658,Antoine Griezmann,France,74,24.0,46.0,Complete,Ground Pass
8658,Olivier Giroud,France,74,26.0,49.0,Complete,Ground Pass
8658,Marcelo Brozović,Croatia,74,75.0,21.0,Complete,Ground Pass
8658,Ivan Strinić,Croatia,74,85.0,14.0,Complete,Ground Pass
8658,Marcelo Brozović,Croatia,74,81.0,25.0,Complete,Ground Pass
8658,Olivier Giroud,France,75,74.0,57.0,Complete,High Pass
8658,Antoine Griezmann,France,75,78.0,46.0,Complete,Ground Pass
8658,Corentin Tolisso,France,75,83.0,28.0,Complete,Ground Pass
8658,Lucas Hernández Pi,France,76,98.0,2.0,Complete,Low Pass
8658,Olivier Giroud,France,76,103.0,14.0,Out,High Pass
8658,Luka Modrić,Croatia,76,23.0,79.0,Complete,High Pass
8658,Marcelo Brozović,Croatia,76,25.0,54.0,Complete,Ground Pass
8658,Domagoj Vida,Croatia,76,15.0,54.0,Complete,High Pass
8658,Luka Modrić,Croatia,76,36.0,57.0,Complete,Ground Pass
8658,Andrej Kramarić,Croatia,76,55.0,51.0,Complete,Ground Pass
8658,Ivan Rakitić,Croatia,76,42.0,42.0,Incomplete,High Pass
8658,Lucas Hernández Pi,France,76,53.0,26.0,Incomplete,High Pass
8658,Dejan Lovren,Croatia,76,42.0,54.0,Complete,Low Pass
8658,Luka Modrić,Croatia,76,47.0,44.0,Complete,Ground Pass
8658,Marcelo Brozović,Croatia,76,57.0,64.0,Complete,Ground Pass
8658,Luka Modrić,Croatia,76,68.0,56.0,Complete,Ground Pass
8658,Šime Vrsaljko,Croatia,76,85.0,70.0,Complete,Ground Pass
8658,Marcelo Brozović,Croatia,76,75.0,73.0,Complete,Ground Pass
8658,Dejan Lovren,Croatia,76,68.0,47.0,Complete,Ground Pass
8658,Ivan Rakitić,Croatia,76,74.0,40.0,Complete,High Pass
8658,Ivan Strinić,Croatia,76,103.0,5.0,Complete,Ground Pass
8658,Ivan Rakitić,Croatia,76,78.0,17.0,Complete,High Pass
8658,Šime Vrsaljko,Croatia,77,114.0,72.0,Complete,Ground Pass
8658,Luka Modrić,Croatia,77,98.0,58.0,Incomplete,High Pass
8658,Andrej Kramarić,Croatia,77,111.0,22.0,Complete,Ground Pass
8658,Olivier Giroud,France,77,75.0,53.0,Incomplete,High Pass
8658,Domagoj Vida,Croatia,77,40.0,30.0,Incomplete,High Pass
8658,Raphaël Varane,France,77,45.0,49.0,Incomplete,High Pass
8658,Danijel Subašić,Croatia,77,18.0,34.0,Complete,Ground Pass
8658,Dejan Lovren,Croatia,77,54.0,73.0,Complete,Ground Pass
8658,Šime Vrsaljko,Croatia,78,56.0,72.0,Complete,Ground Pass
8658,Marcelo Brozović,Croatia,78,65.0,58.0,Complete,Ground Pass
8658,Andrej Kramarić,Croatia,78,78.0,56.0,Complete,Ground Pass
8658,Marcelo Brozović,Croatia,78,72.0,58.0,Complete,High Pass
8658,Benjamin Pavard,France,78,2.0,77.0,Complete,Ground Pass
8658,Kylian Mbappé Lottin,France,78,10.0,78.0,Complete,Ground Pass
8658,Raphaël Varane,France,78,11.0,64.0,Complete,High Pass
8658,Olivier Giroud,France,78,45.0,69.0,Incomplete,Low Pass
8658,Ivan Rakitić,Croatia,78,74.0,3.0,Complete,Low Pass
8658,Dejan Lovren,Croatia,78,53.0,31.0,Complete,Ground Pass
8658,Marcelo Brozović,Croatia,78,66.0,47.0,Complete,Ground Pass
8658,Luka Modrić,Croatia,78,69.0,33.0,Complete,Ground Pass
8658,Dejan Lovren,Croatia,78,57.0,40.0,Complete,Ground Pass
8658,Domagoj Vida,Croatia,78,57.0,24.0,Complete,Ground Pass
8658,Luka Modrić,Croatia,78,75.0,38.0,Complete,Ground Pass
8658,Marcelo Brozović,Croatia,78,83.0,49.0,Incomplete,Low Pass
8658,Domagoj Vida,Croatia,79,12.0,19.0,Complete,Ground Pass
8658,Dejan Lovren,Croatia,79,19.0,17.0,Complete,Ground Pass
8658,Ivan Rakitić,Croatia,79,71.0,2.0,Complete,Low Pass
8658,Luka Modrić,Croatia,79,65.0,25.0,Complete,Ground Pass
8658,Marcelo Brozović,Croatia,79,71.0,51.0,Complete,Ground Pass
8658,Šime Vrsaljko,Croatia,79,102.0,75.0,Complete,Ground Pass
8658,Marcelo Brozović,Croatia,79,80.0,61.0,Complete,Ground Pass
8658,Andrej Kramarić,Croatia,79,82.0,39.0,Complete,Ground Pass
8658,Ivan Strinić,Croatia,79,75.0,8.0,Complete,Ground Pass
8658,Mario Mandžukić,Croatia,79,81.0,26.0,Complete,Ground Pass
8658,Luka Modrić,Croatia,79,90.0,44.0,Complete,Ground Pass
8658,Ivan Perišić,Croatia,79,96.0,49.0,Complete,Ground Pass
8658,Šime Vrsaljko,Croatia,79,103.0,68.0,Complete,Ground Pass
8658,Luka Modrić,Croatia,79,97.0,53.0,Complete,Ground Pass
8658,Dejan Lovren,Croatia,80,96.0,66.0,Incomplete,High Pass
8658,Danijel Subašić,Croatia,80,33.0,56.0,Complete,Low Pass
8658,Domagoj Vida,Croatia,80,47.0,48.0,Complete,Ground Pass
8658,Šime Vrsaljko,Croatia,80,69.0,16.0,Incomplete,Ground Pass
8658,Šime Vrsaljko,Croatia,81,85.0,63.0,Complete,High Pass
8658,Paul Pogba,France,81,17.0,46.0,Complete,High Pass
8658,Luka Modrić,Croatia,81,74.0,48.0,Complete,Ground Pass
8658,Dejan Lovren,Croatia,81,56.0,49.0,Complete,Ground Pass
8658,Marcelo Brozović,Croatia,81,64.0,36.0,Complete,Ground Pass
8658,Ivan Rakitić,Croatia,81,78.0,25.0,Complete,Ground Pass
8658,Andrej Kramarić,Croatia,81,92.0,31.0,Complete,High Pass
8658,Šime Vrsaljko,Croatia,82,37.0,55.0,Incomplete,High Pass
8658,Paul Pogba,France,82,63.0,44.0,Incomplete,High Pass
8658,Domagoj Vida,Croatia,82,34.0,20.0,Complete,High Pass
8658,Ivan Perišić,Croatia,82,46.0,12.0,Complete,Low Pass
8658,Domagoj Vida,Croatia,82,42.0,12.0,Complete,Ground Pass
8658,Ivan Rakitić,Croatia,83,88.0,3.0,Incomplete,High Pass
8658,Paul Pogba,France,84,30.0,76.0,Complete,High Pass
8658,Nabil Fekir,France,84,29.0,78.0,Incomplete,High Pass
8658,Domagoj Vida,Croatia,84,60.0,4.0,Complete,Ground Pass
8658,Marko Pjaca,Croatia,84,67.0,2.0,Complete,Ground Pass
8658,Domagoj Vida,Croatia,84,57.0,5.0,Complete,Ground Pass
8658,Dejan Lovren,Croatia,84,54.0,35.0,Complete,Ground Pass
8658,Šime Vrsaljko,Croatia,84,82.0,72.0,Complete,Ground Pass
8658,Dejan Lovren,Croatia,84,65.0,45.0,Complete,Ground Pass
8658,Marcelo Brozović,Croatia,84,76.0,20.0,Complete,Ground Pass
8658,Ivan Perišić,Croatia,84,99.0,8.0,Complete,Ground Pass
8658,Ivan Rakitić,Croatia,84,93.0,16.0,Incomplete,High Pass
8658,Kylian Mbappé Lottin,France,84,35.0,49.0,Incomplete,Low Pass
8658,Dejan Lovren,Croatia,84,82.0,32.0,Complete,High Pass
8658,Ivan Rakitić,Croatia,84,90.0,22.0,Complete,Low Pass
8658,Domagoj Vida,Croatia,84,71.0,25.0,Complete,Ground Pass
8658,Šime Vrsaljko,Croatia,84,84.0,47.0,Complete,Ground Pass
8658,Marko Pjaca,Croatia,84,99.0,64.0,Out,Ground Pass
8658,Hugo Lloris,France,85,6.0,44.0,Complete,High Pass
8658,Nabil Fekir,France,85,72.0,70.0,Incomplete,Low Pass
8658,Marcelo Brozović,Croatia,85,19.0,10.0,Incomplete,Ground Pass
8658,Marcelo Brozović,Croatia,85,18.0,10.0,Complete,Ground Pass
8658,Domagoj Vida,Croatia,85,39.0,7.0,Complete,Ground Pass
8658,Paul Pogba,France,85,56.0,65.0,Complete,Ground Pass
8658,Paul Pogba,France,86,82.0,77.0,Incomplete,High Pass
8658,Marcelo Brozović,Croatia,86,18.0,6.0,Complete,High Pass
8658,Šime Vrsaljko,Croatia,86,35.0,55.0,Complete,Ground Pass
8658,Luka Modrić,Croatia,86,42.0,46.0,Complete,Ground Pass
8658,Marcelo Brozović,Croatia,86,66.0,65.0,Complete,Ground Pass
8658,Šime Vrsaljko,Croatia,86,65.0,51.0,Complete,Ground Pass
8658,Marcelo Brozović,Croatia,86,67.0,65.0,Complete,Ground Pass
8658,Luka Modrić,Croatia,86,75.0,57.0,Complete,Ground Pass
8658,Andrej Kramarić,Croatia,86,82.0,55.0,Complete,Ground Pass
8658,Šime Vrsaljko,Croatia,86,75.0,45.0,Complete,Ground Pass
8658,Ivan Rakitić,Croatia,87,72.0,24.0,Complete,Ground Pass
8658,Ivan Perišić,Croatia,87,88.0,2.0,Incomplete,High Pass
8658,Hugo Lloris,France,87,18.0,27.0,Incomplete,High Pass
8658,Danijel Subašić,Croatia,87,15.0,28.0,Complete,Low Pass
8658,Domagoj Vida,Croatia,87,30.0,21.0,Complete,Ground Pass
8658,Marcelo Brozović,Croatia,87,43.0,30.0,Complete,Ground Pass
8658,Ivan Rakitić,Croatia,87,54.0,26.0,Complete,Ground Pass
8658,Marcelo Brozović,Croatia,87,66.0,36.0,Complete,Ground Pass
8658,Luka Modrić,Croatia,87,75.0,56.0,Complete,Ground Pass
8658,Marko Pjaca,Croatia,87,88.0,62.0,Complete,Ground Pass
8658,Šime Vrsaljko,Croatia,87,80.0,68.0,Complete,Ground Pass
8658,Dejan Lovren,Croatia,87,72.0,50.0,Complete,Ground Pass
8658,Domagoj Vida,Croatia,88,91.0,5.0,Complete,Ground Pass
8658,Andrej Kramarić,Croatia,88,92.0,16.0,Complete,Ground Pass
8658,Domagoj Vida,Croatia,88,107.0,13.0,Complete,Ground Pass
8658,Andrej Kramarić,Croatia,88,100.0,18.0,Complete,Ground Pass
8658,Hugo Lloris,France,88,6.0,40.0,Complete,High Pass
8658,Paul Pogba,France,88,67.0,61.0,Complete,High Pass
8658,Antoine Griezmann,France,88,70.0,71.0,Complete,High Pass
8658,Nabil Fekir,France,88,75.0,77.0,Complete,Ground Pass
8658,Steven N''Kemboanza Mike Christopher Nzonzi,France,88,86.0,69.0,Complete,Ground Pass
8658,Marcelo Brozović,Croatia,88,20.0,5.0,Complete,Ground Pass
8658,Ivan Rakitić,Croatia,89,32.0,6.0,Incomplete,High Pass
8658,Lucas Hernández Pi,France,89,58.0,27.0,Incomplete,High Pass
8658,Šime Vrsaljko,Croatia,89,54.0,65.0,Complete,Ground Pass
8658,Dejan Lovren,Croatia,89,46.0,52.0,Complete,Ground Pass
8658,Marcelo Brozović,Croatia,89,72.0,37.0,Incomplete,Ground Pass
8658,Luka Modrić,Croatia,90,48.0,61.0,Complete,Ground Pass
8658,Šime Vrsaljko,Croatia,90,66.0,74.0,Incomplete,Ground Pass
8658,Samuel Yves Umtiti,France,90,25.0,24.0,Complete,Ground Pass
8658,Lucas Hernández Pi,France,90,38.0,8.0,Complete,Ground Pass
8658,Steven N''Kemboanza Mike Christopher Nzonzi,France,90,37.0,24.0,Complete,Ground Pass
8658,Antoine Griezmann,France,90,48.0,19.0,Complete,Ground Pass
8658,Antoine Griezmann,France,90,65.0,3.0,Incomplete,Ground Pass
8658,Lucas Hernández Pi,France,90,66.0,2.0,Complete,Low Pass
8658,Marcelo Brozović,Croatia,90,35.0,66.0,Complete,Low Pass
8658,Domagoj Vida,Croatia,90,46.0,40.0,Complete,Ground Pass
8658,Ivan Rakitić,Croatia,91,60.0,19.0,Incomplete,Low Pass
8658,Kylian Mbappé Lottin,France,91,86.0,53.0,Complete,Ground Pass
8658,Danijel Subašić,Croatia,91,8.0,24.0,Complete,Low Pass
8658,Mario Mandžukić,Croatia,91,47.0,48.0,Complete,Ground Pass
8658,Luka Modrić,Croatia,91,79.0,60.0,Incomplete,Ground Pass
8658,Lucas Hernández Pi,France,91,41.0,3.0,Complete,Ground Pass
8658,Kylian Mbappé Lottin,France,92,102.0,3.0,Incomplete,High Pass
8658,Luka Modrić,Croatia,92,24.0,53.0,Complete,Ground Pass
8658,Mario Mandžukić,Croatia,92,39.0,66.0,Incomplete,Ground Pass
8658,Corentin Tolisso,France,92,79.0,11.0,Incomplete,Ground Pass
8658,Dejan Lovren,Croatia,92,26.0,76.0,Incomplete,High Pass
8658,Raphaël Varane,France,92,35.0,49.0,Incomplete,High Pass
8658,Steven N''Kemboanza Mike Christopher Nzonzi,France,92,34.0,47.0,Complete,Low Pass
8658,Domagoj Vida,Croatia,92,36.0,10.0,Complete,Ground Pass
8658,Dejan Lovren,Croatia,93,44.0,21.0,Complete,Ground Pass
8658,Marcelo Brozović,Croatia,93,69.0,11.0,Complete,Ground Pass
8658,Andrej Kramarić,Croatia,93,95.0,5.0,Complete,Ground Pass
8658,Benjamin Pavard,France,93,15.0,79.0,Incomplete,High Pass
8658,Domagoj Vida,Croatia,93,60.0,2.0,Complete,Ground Pass
8658,Ivan Rakitić,Croatia,93,75.0,17.0,Complete,Ground Pass
8658,Nabil Fekir,France,94,70.0,58.0,Incomplete,High Pass
8658,Domagoj Vida,Croatia,94,42.0,17.0,Incomplete,High Pass
8658,Raphaël Varane,France,94,31.0,61.0,Out,High Pass
8658,Marcelo Brozović,Croatia,94,50.0,1.0,Complete,High Pass
8658,Ivan Rakitić,Croatia,94,58.0,14.0,Complete,Ground Pass
8658,Ivan Perišić,Croatia,94,102.0,4.0,Incomplete,High Pass
8658,Hugo Lloris,France,95,18.0,31.0,Unknown,High Pass
